{
	"$schema": "http://schema.management.azure.com/schemas/2014-04-01-preview/VM_IP.json",
	"contentVersion": "1.0.0.0",
	"parameters": {
		"vmName": {
			"type": "string",
			"metadata": {
				"description": "Name of the VM"
			}
		},
		"vmSize": {
			"type": "string",
			"allowedValues": [
				"Standard_F4",
				"Standard_F8",
                                "Standard_D2"
			],
			"metadata": {
				"description": "Size of the VM"
			}
		}
	},
	"variables": {
		"apiVersion": "2015-06-15",
		"adminUsername": "sysadmin",
		"adminPassword": "AsdfgH!23456",
		"storageAccountName": "ddvestg",
		"virtualNetworkName": "ddve-vpc",
		"osDiskName": "[concat(parameters('vmName'), '-', uniquestring(parameters('vmName')), '-root')]",
		"nvramDiskName": "[concat(parameters('vmName'), '-', uniquestring(parameters('vmName')), '-db')]",
		"subnet1Name": "ddve-pub",
		"subnet2Name": "ddve-priv-1",
		"vmStorageAccountContainerName": "[concat(parameters('vmName'), '-', uniquestring(parameters('vmName')), '-vhds')]",
		"vnetID": "[resourceId('Microsoft.Network/virtualNetworks', variables('virtualNetworkName'))]",
		"subnet1Ref": "[concat(variables('vnetID'),'/subnets/', variables('subnet1Name'))]",
		"subnet2Ref": "[concat(variables('vnetID'),'/subnets/', variables('subnet2Name'))]",
		"nic1Name": "[concat(parameters('vmName'), '-nic1')]",
		"nic2Name": "[concat(parameters('vmName'), '-nic2')]"
	},
	"resources": [
	{
		"apiVersion": "2015-06-15",
		"type": "Microsoft.Network/networkInterfaces",
		"name": "[variables('nic1Name')]",
		"location": "[resourceGroup().location]",	
		"properties": {
			"ipConfigurations": [
			{
				"name": "ipconfig1",
				"properties": {
					"privateIPAllocationMethod": "Dynamic",
					"subnet": {
						"id": "[variables('subnet1Ref')]"
					}
				}
			}
			]
		}
	},
	{
		"apiVersion": "2015-06-15",
		"type": "Microsoft.Network/networkInterfaces",
		"name": "[variables('nic2Name')]",
		"location": "[resourceGroup().location]",
		"tags": {
			"displayName": "NetworkInterface"
		},
		"properties": {
			"ipConfigurations": [
			{
				"name": "ipconfig2",
				"properties": {
					"privateIPAllocationMethod": "Dynamic",
					"subnet": {
						"id": "[variables('subnet2Ref')]"
					}
				}
			}
			]
		}
	},
	{ 
		"apiVersion": "2015-06-15",
		"type": "Microsoft.Compute/virtualMachines",
		"name": "[parameters('vmName')]", 
		"location": "[resourceGroup().location]",
		"dependsOn": [
			"[concat('Microsoft.Network/networkInterfaces/', variables('nic1Name'))]",
			"[concat('Microsoft.Network/networkInterfaces/', variables('nic2Name'))]"
			],
		"properties": {
			"hardwareProfile": {
				"vmSize": "[parameters('vmSize')]"
			},
			"storageProfile": {
				"osDisk": {
					"osType": "Linux",
					"name": "DDMC-osDisk",
					"createOption": "FromImage",
					"image": {
						"uri": "https://ddvestg.blob.core.windows.net/ddvevhds/ddmc-osDisk.vhd"
					},
					"vhd": {
						"uri": "[concat('https://', variables('storageAccountName'), '.blob.core.windows.net/', variables('vmStorageAccountContainerName'), '/', variables('osDiskName'), '.vhd')]"
					},
					"caching": "ReadWrite"
				},
				"dataDisks": [
				{
					"name": "DDMC-DBDisk",
					"diskSizeGB": "200",
					"lun": 0,
					"vhd": {
						"uri": "[concat(reference(concat('Microsoft.Storage/storageAccounts/', variables('storageAccountName')), '2015-06-15').primaryEndpoints.blob, variables('vmStorageAccountContainerName'), '/', variables('nvramDiskName'), '.vhd')]"
					},
					"createOption": "Empty"
				}
				]
			},
			"osProfile": {
				"computerName": "[parameters('vmName')]",
				"adminUsername": "[variables('adminUsername')]",
				"adminPassword": "[variables('adminPassword')]"
			},
			"networkProfile": {
				"networkInterfaces": [
				{
					"id": "[resourceId('Microsoft.Network/networkInterfaces', variables('nic1Name'))]",
					"properties": { "primary": true }
				},
				{
					"id": "[resourceId('Microsoft.Network/networkInterfaces', variables('nic2Name'))]",
					"properties": { "primary":  false }
				}
				]
			}
		}
	}
	]
}
