"modeChange_locid","exeEvent_locid","modeChange_logid","exeEvent_logid","modeChange_msg","exeEvent_msg","name","eventType","exeEvent_ts"
"f17b6b01-fe68-4167-8e52-ee79ee223e68","f17b6b01-fe68-4167-8e52-ee79ee223e68","a10997c5-b4ba-4538-8845-6641c87f6de5.7b57ae","a10997c5-b4ba-4538-8845-6641c87f6de5.7b57ae","set-location-mode-success","execute-event","Night","TIMER_EVENT","2023-04-30T05:00:06.043667768Z"
"f17b6b01-fe68-4167-8e52-ee79ee223e68","f17b6b01-fe68-4167-8e52-ee79ee223e68","475cccd4-b2a7-473e-8c4b-c306f69d4450.443d89","475cccd4-b2a7-473e-8c4b-c306f69d4450.443d89","set-location-mode-success","execute-event","Home","TIMER_EVENT","2023-04-29T10:00:07.143984553Z"
"f17b6b01-fe68-4167-8e52-ee79ee223e68","f17b6b01-fe68-4167-8e52-ee79ee223e68","7e5f2d4e-9682-49a3-821e-66c7e20ba1ea.0bff7e","7e5f2d4e-9682-49a3-821e-66c7e20ba1ea.0bff7e","set-location-mode-success","execute-event","Night","TIMER_EVENT","2023-04-29T05:00:05.523961857Z"
"f17b6b01-fe68-4167-8e52-ee79ee223e68","f17b6b01-fe68-4167-8e52-ee79ee223e68","0086e8e2-fb1a-4aeb-84fc-c856aa3b5f83.bf4bff","0086e8e2-fb1a-4aeb-84fc-c856aa3b5f83.bf4bff","set-location-mode-success","execute-event","Home","TIMER_EVENT","2023-04-28T10:00:07.97933944Z"
"f17b6b01-fe68-4167-8e52-ee79ee223e68","f17b6b01-fe68-4167-8e52-ee79ee223e68","e97c3b24-c78f-4ee3-bc36-1d7d413de5ff.e8acac","e97c3b24-c78f-4ee3-bc36-1d7d413de5ff.e8acac","set-location-mode-success","execute-event","Night","TIMER_EVENT","2023-04-28T05:00:05.194623285Z"
"f17b6b01-fe68-4167-8e52-ee79ee223e68","f17b6b01-fe68-4167-8e52-ee79ee223e68","c544dd86-511a-4538-a0ee-d8e505d823f3.de22c7","c544dd86-511a-4538-a0ee-d8e505d823f3.de22c7","set-location-mode-success","execute-event","Home","TIMER_EVENT","2023-04-27T10:00:08.64869925Z"
"f17b6b01-fe68-4167-8e52-ee79ee223e68","f17b6b01-fe68-4167-8e52-ee79ee223e68","9af961f0-eb1c-4fdc-bc7e-0a490033fe17.870273","9af961f0-eb1c-4fdc-bc7e-0a490033fe17.870273","set-location-mode-success","execute-event","Night","TIMER_EVENT","2023-04-27T05:00:06.269309524Z"
"f17b6b01-fe68-4167-8e52-ee79ee223e68","f17b6b01-fe68-4167-8e52-ee79ee223e68","02151a65-6ea1-45d6-84f5-92a963da0b6a.037404","02151a65-6ea1-45d6-84f5-92a963da0b6a.037404","set-location-mode-success","execute-event","Home","TIMER_EVENT","2023-04-26T10:00:06.684056036Z"
"f17b6b01-fe68-4167-8e52-ee79ee223e68","f17b6b01-fe68-4167-8e52-ee79ee223e68","be99ba30-8feb-4566-ac28-0ee73d0c0b4a.a7d8d5","be99ba30-8feb-4566-ac28-0ee73d0c0b4a.a7d8d5","set-location-mode-success","execute-event","Night","TIMER_EVENT","2023-04-26T05:00:05.209816777Z"
"f17b6b01-fe68-4167-8e52-ee79ee223e68","f17b6b01-fe68-4167-8e52-ee79ee223e68","2d19de78-7bef-4077-ae6a-541f3f1d8c80.c2e24c","2d19de78-7bef-4077-ae6a-541f3f1d8c80.c2e24c","set-location-mode-success","execute-event","Home","TIMER_EVENT","2023-04-25T10:00:07.668504072Z"
"f17b6b01-fe68-4167-8e52-ee79ee223e68","f17b6b01-fe68-4167-8e52-ee79ee223e68","6672ec63-05da-4a55-ad58-36ce8060a505.82055b","6672ec63-05da-4a55-ad58-36ce8060a505.82055b","set-location-mode-success","execute-event","Home","TIMER_EVENT","2023-04-24T10:00:06.101911489Z"
"f17b6b01-fe68-4167-8e52-ee79ee223e68","f17b6b01-fe68-4167-8e52-ee79ee223e68","7ce82a97-f2a9-4207-8c82-02c8bd35a402.f46d5f","7ce82a97-f2a9-4207-8c82-02c8bd35a402.f46d5f","set-location-mode-success","execute-event","Night","TIMER_EVENT","2023-04-24T05:00:06.498225301Z"
"eac051c1-6188-4b2f-86cd-6d3514dffe0f","eac051c1-6188-4b2f-86cd-6d3514dffe0f","4c42ba7e-f6d3-4145-8423-9d2cdb2d33ca_45dab7e4-d67e-4b27-8ede-b235dbc5df36.d55351","4c42ba7e-f6d3-4145-8423-9d2cdb2d33ca_45dab7e4-d67e-4b27-8ede-b235dbc5df36.d55351","set-location-mode-success","execute-event","One sleeping one awake","DEVICE_EVENT","2023-04-30T05:09:40.389271429Z"
"eac051c1-6188-4b2f-86cd-6d3514dffe0f","eac051c1-6188-4b2f-86cd-6d3514dffe0f","7065871b-3e75-41bb-8284-7e4a2de779ab.610786","7065871b-3e75-41bb-8284-7e4a2de779ab.610786","set-location-mode-success","execute-event","Home","DEVICE_EVENT","2023-04-29T23:33:12.101914802Z"
"eac051c1-6188-4b2f-86cd-6d3514dffe0f","eac051c1-6188-4b2f-86cd-6d3514dffe0f","80e13039-0a7b-4a4a-ad64-9ff5c9523207.76eed4","80e13039-0a7b-4a4a-ad64-9ff5c9523207.76eed4","set-location-mode-success","execute-event","Away","DEVICE_EVENT","2023-04-29T20:15:32.697797588Z"
"eac051c1-6188-4b2f-86cd-6d3514dffe0f","eac051c1-6188-4b2f-86cd-6d3514dffe0f","b446dd9f-3c89-43ec-a57d-dfe633c1cace.25b132","b446dd9f-3c89-43ec-a57d-dfe633c1cace.25b132","set-location-mode-success","execute-event","Home","DEVICE_EVENT","2023-04-29T20:03:12.342732733Z"
"eac051c1-6188-4b2f-86cd-6d3514dffe0f","eac051c1-6188-4b2f-86cd-6d3514dffe0f","5c3332fd-a3b9-4304-a546-3baa0749323d.5b07c0","5c3332fd-a3b9-4304-a546-3baa0749323d.5b07c0","set-location-mode-success","execute-event","Away","DEVICE_EVENT","2023-04-29T20:00:36.316659291Z"
"eac051c1-6188-4b2f-86cd-6d3514dffe0f","eac051c1-6188-4b2f-86cd-6d3514dffe0f","edebc2a8-f287-446c-9891-1c0b60babd85.8a1c51","edebc2a8-f287-446c-9891-1c0b60babd85.8a1c51","set-location-mode-success","execute-event","Home","DEVICE_EVENT","2023-04-29T20:00:14.410194299Z"
"eac051c1-6188-4b2f-86cd-6d3514dffe0f","eac051c1-6188-4b2f-86cd-6d3514dffe0f","ed02d5b5-ac88-4e38-a018-42ae05979591.bbe15f","ed02d5b5-ac88-4e38-a018-42ae05979591.bbe15f","set-location-mode-success","execute-event","Away","DEVICE_EVENT","2023-04-29T18:49:27.070189109Z"
"eac051c1-6188-4b2f-86cd-6d3514dffe0f","eac051c1-6188-4b2f-86cd-6d3514dffe0f","f65bb3db-ef81-407e-ad8b-0b0f0694ec0f.c6bf98","f65bb3db-ef81-407e-ad8b-0b0f0694ec0f.c6bf98","set-location-mode-success","execute-event","Home","DEVICE_EVENT","2023-04-29T18:49:09.882070255Z"
"eac051c1-6188-4b2f-86cd-6d3514dffe0f","eac051c1-6188-4b2f-86cd-6d3514dffe0f","8acd5351-0e6a-4acd-832e-5be9ce1f3697.330fc8","8acd5351-0e6a-4acd-832e-5be9ce1f3697.330fc8","set-location-mode-success","execute-event","Away","DEVICE_EVENT","2023-04-29T15:59:51.67314235Z"
"eac051c1-6188-4b2f-86cd-6d3514dffe0f","eac051c1-6188-4b2f-86cd-6d3514dffe0f","1cc60a4d-f8bd-40cb-aca6-051d3736be0e.a1e63e","1cc60a4d-f8bd-40cb-aca6-051d3736be0e.a1e63e","set-location-mode-success","execute-event","Home","TIMER_EVENT","2023-04-29T14:45:03.178881393Z"
"eac051c1-6188-4b2f-86cd-6d3514dffe0f","eac051c1-6188-4b2f-86cd-6d3514dffe0f","444f367a-6908-471d-b455-e206d1952e6a.ece046","444f367a-6908-471d-b455-e206d1952e6a.ece046","set-location-mode-success","execute-event","One sleeping one awake","DEVICE_EVENT","2023-04-29T13:18:13.826820522Z"
"eac051c1-6188-4b2f-86cd-6d3514dffe0f","eac051c1-6188-4b2f-86cd-6d3514dffe0f","30e97395-4bea-4937-bfac-45028dd4ebde_a061d9b2-02b1-4a0f-8650-957751c5e878.8bf222","30e97395-4bea-4937-bfac-45028dd4ebde_a061d9b2-02b1-4a0f-8650-957751c5e878.8bf222","set-location-mode-success","execute-event","Sleep","DEVICE_EVENT","2023-04-29T06:03:35.884789422Z"
"eac051c1-6188-4b2f-86cd-6d3514dffe0f","eac051c1-6188-4b2f-86cd-6d3514dffe0f","536a5916-5d75-48ea-aa9e-69a4610840e6.8b3a0b","536a5916-5d75-48ea-aa9e-69a4610840e6.8b3a0b","set-location-mode-success","execute-event","Home","DEVICE_EVENT","2023-04-29T02:20:15.634726134Z"
"eac051c1-6188-4b2f-86cd-6d3514dffe0f","eac051c1-6188-4b2f-86cd-6d3514dffe0f","927e104a-bc66-406a-939f-51bfa23a9764.58a481","927e104a-bc66-406a-939f-51bfa23a9764.58a481","set-location-mode-success","execute-event","Away","DEVICE_EVENT","2023-04-28T20:14:14.865147625Z"
"eac051c1-6188-4b2f-86cd-6d3514dffe0f","eac051c1-6188-4b2f-86cd-6d3514dffe0f","24f70193-d511-46f1-8c48-4c2973548936.e82ff7","24f70193-d511-46f1-8c48-4c2973548936.e82ff7","set-location-mode-success","execute-event","Home","DEVICE_EVENT","2023-04-28T18:17:21.72951237Z"
"eac051c1-6188-4b2f-86cd-6d3514dffe0f","eac051c1-6188-4b2f-86cd-6d3514dffe0f","383bef84-9307-4804-84ff-1483fec181a3.6c7abd","383bef84-9307-4804-84ff-1483fec181a3.6c7abd","set-location-mode-success","execute-event","Away","DEVICE_EVENT","2023-04-28T18:05:50.501112211Z"
"eac051c1-6188-4b2f-86cd-6d3514dffe0f","eac051c1-6188-4b2f-86cd-6d3514dffe0f","ee09d268-ee64-4217-9ef6-1c33c505bb66.eaae86","ee09d268-ee64-4217-9ef6-1c33c505bb66.eaae86","set-location-mode-success","execute-event","Home","DEVICE_EVENT","2023-04-28T18:00:19.428404987Z"
"eac051c1-6188-4b2f-86cd-6d3514dffe0f","eac051c1-6188-4b2f-86cd-6d3514dffe0f","14f63ac4-4aa5-4915-924d-f1df0b3975e7.f22e99","14f63ac4-4aa5-4915-924d-f1df0b3975e7.f22e99","set-location-mode-success","execute-event","Away","DEVICE_EVENT","2023-04-28T15:28:08.510235335Z"
"eac051c1-6188-4b2f-86cd-6d3514dffe0f","eac051c1-6188-4b2f-86cd-6d3514dffe0f","3fc1b4eb-a9f0-4722-a83e-4e711bacdde3.4c39f3","3fc1b4eb-a9f0-4722-a83e-4e711bacdde3.4c39f3","set-location-mode-success","execute-event","Home","TIMER_EVENT","2023-04-28T14:45:03.249690301Z"
"eac051c1-6188-4b2f-86cd-6d3514dffe0f","eac051c1-6188-4b2f-86cd-6d3514dffe0f","74aae459-39c8-4fd3-b20f-082cb5ee2697.d6cff4","74aae459-39c8-4fd3-b20f-082cb5ee2697.d6cff4","set-location-mode-success","execute-event","One sleeping one awake","DEVICE_EVENT","2023-04-28T12:10:13.205131675Z"
"eac051c1-6188-4b2f-86cd-6d3514dffe0f","eac051c1-6188-4b2f-86cd-6d3514dffe0f","aa8eee46-3a50-4c1e-9679-643bf8efd757_f9718bac-8361-4d38-8a85-c22ccae646e3.e34e0e","aa8eee46-3a50-4c1e-9679-643bf8efd757_f9718bac-8361-4d38-8a85-c22ccae646e3.e34e0e","set-location-mode-success","execute-event","Sleep","DEVICE_EVENT","2023-04-28T04:23:22.312603128Z"
"eac051c1-6188-4b2f-86cd-6d3514dffe0f","eac051c1-6188-4b2f-86cd-6d3514dffe0f","0d391e07-5f3f-4d26-87c3-aa67255e3364.002d63","0d391e07-5f3f-4d26-87c3-aa67255e3364.002d63","set-location-mode-success","execute-event","Home","TIMER_EVENT","2023-04-27T14:45:02.220773831Z"
"eac051c1-6188-4b2f-86cd-6d3514dffe0f","eac051c1-6188-4b2f-86cd-6d3514dffe0f","c4dfe045-9560-4927-a11c-0c2848e8c890.7e0dc8","c4dfe045-9560-4927-a11c-0c2848e8c890.7e0dc8","set-location-mode-success","execute-event","One sleeping one awake","DEVICE_EVENT","2023-04-27T12:41:07.350957098Z"
"eac051c1-6188-4b2f-86cd-6d3514dffe0f","eac051c1-6188-4b2f-86cd-6d3514dffe0f","b59035cd-fdcb-474c-85fc-b806904d18cd_baf2ebfe-d6a2-4ca3-8b7e-cfc8be271061.b2a1d2","b59035cd-fdcb-474c-85fc-b806904d18cd_baf2ebfe-d6a2-4ca3-8b7e-cfc8be271061.b2a1d2","set-location-mode-success","execute-event","Sleep","DEVICE_EVENT","2023-04-27T04:20:07.535241969Z"
"eac051c1-6188-4b2f-86cd-6d3514dffe0f","eac051c1-6188-4b2f-86cd-6d3514dffe0f","136ab2b4-6ecd-4a20-8cdc-981c0c6d36b7.d0f7b6","136ab2b4-6ecd-4a20-8cdc-981c0c6d36b7.d0f7b6","set-location-mode-success","execute-event","Home","TIMER_EVENT","2023-04-26T14:45:02.79995914Z"
"eac051c1-6188-4b2f-86cd-6d3514dffe0f","eac051c1-6188-4b2f-86cd-6d3514dffe0f","5402d0a2-4c9e-42c7-b85f-3d4467c846a3.760dd3","5402d0a2-4c9e-42c7-b85f-3d4467c846a3.760dd3","set-location-mode-success","execute-event","One sleeping one awake","DEVICE_EVENT","2023-04-26T12:55:09.887709164Z"
"eac051c1-6188-4b2f-86cd-6d3514dffe0f","eac051c1-6188-4b2f-86cd-6d3514dffe0f","37105e29-fcd7-49e1-89e5-9de4b59d24a7_c85e1269-6dde-4c68-add3-61468b67bbc4.303ad1","37105e29-fcd7-49e1-89e5-9de4b59d24a7_c85e1269-6dde-4c68-add3-61468b67bbc4.303ad1","set-location-mode-success","execute-event","Sleep","DEVICE_EVENT","2023-04-26T04:38:30.019113934Z"
"eac051c1-6188-4b2f-86cd-6d3514dffe0f","eac051c1-6188-4b2f-86cd-6d3514dffe0f","47ef2745-08d5-43d5-bcff-57e5402ddc1d.d44f85","47ef2745-08d5-43d5-bcff-57e5402ddc1d.d44f85","set-location-mode-success","execute-event","Home","TIMER_EVENT","2023-04-25T14:45:02.141796711Z"
"eac051c1-6188-4b2f-86cd-6d3514dffe0f","eac051c1-6188-4b2f-86cd-6d3514dffe0f","361e9b13-806e-4fe5-b005-64702648e66e.7b7b03","361e9b13-806e-4fe5-b005-64702648e66e.7b7b03","set-location-mode-success","execute-event","One sleeping one awake","DEVICE_EVENT","2023-04-25T11:04:04.914441993Z"
"eac051c1-6188-4b2f-86cd-6d3514dffe0f","eac051c1-6188-4b2f-86cd-6d3514dffe0f","aab36102-c6a6-4c24-b984-eec5ffe51801_6710a2c4-0756-4a51-8c2d-6140bc5407ec.684380","aab36102-c6a6-4c24-b984-eec5ffe51801_6710a2c4-0756-4a51-8c2d-6140bc5407ec.684380","set-location-mode-success","execute-event","Sleep","DEVICE_EVENT","2023-04-25T05:27:32.893469706Z"
"eac051c1-6188-4b2f-86cd-6d3514dffe0f","eac051c1-6188-4b2f-86cd-6d3514dffe0f","e0825899-a4d6-4672-811d-45c7316b0058_4494cc88-be64-43cc-ab08-ff72ac1f2d00.78470a","e0825899-a4d6-4672-811d-45c7316b0058_4494cc88-be64-43cc-ab08-ff72ac1f2d00.78470a","set-location-mode-success","execute-event","One sleeping one awake","DEVICE_EVENT","2023-04-25T04:48:17.873467446Z"
"eac051c1-6188-4b2f-86cd-6d3514dffe0f","eac051c1-6188-4b2f-86cd-6d3514dffe0f","6c9dd2aa-aebc-492f-b8c7-fbbc5110fb7b.a9399f","6c9dd2aa-aebc-492f-b8c7-fbbc5110fb7b.a9399f","set-location-mode-success","execute-event","Home","DEVICE_EVENT","2023-04-24T17:26:54.575108174Z"
"eac051c1-6188-4b2f-86cd-6d3514dffe0f","eac051c1-6188-4b2f-86cd-6d3514dffe0f","4fe57ebb-64dd-4360-b86a-66713474db68.8e8329","4fe57ebb-64dd-4360-b86a-66713474db68.8e8329","set-location-mode-success","execute-event","Away","DEVICE_EVENT","2023-04-24T15:44:25.027547567Z"
"eac051c1-6188-4b2f-86cd-6d3514dffe0f","eac051c1-6188-4b2f-86cd-6d3514dffe0f","5a4af0d2-9340-4568-b789-f8167531c58c.c32631","5a4af0d2-9340-4568-b789-f8167531c58c.c32631","set-location-mode-success","execute-event","Home","TIMER_EVENT","2023-04-24T14:45:02.543582749Z"
"eac051c1-6188-4b2f-86cd-6d3514dffe0f","eac051c1-6188-4b2f-86cd-6d3514dffe0f","bd4b879e-9720-415a-8039-ea5d8a852fc4.7b4464","bd4b879e-9720-415a-8039-ea5d8a852fc4.7b4464","set-location-mode-success","execute-event","One sleeping one awake","DEVICE_EVENT","2023-04-24T10:41:40.355204765Z"
"eac051c1-6188-4b2f-86cd-6d3514dffe0f","eac051c1-6188-4b2f-86cd-6d3514dffe0f","7872ba00-bb5c-4900-8562-a98d8c47227f_c4a45e24-40cd-4c85-8f27-509eddd70e79.343d6f","7872ba00-bb5c-4900-8562-a98d8c47227f_c4a45e24-40cd-4c85-8f27-509eddd70e79.343d6f","set-location-mode-success","execute-event","Sleep","DEVICE_EVENT","2023-04-24T04:39:25.91028045Z"
"9981bdc0-22df-4474-8cad-455255ebb894","9981bdc0-22df-4474-8cad-455255ebb894","3cf7c799-9101-4311-bd58-424fabdda1e0.d87200","3cf7c799-9101-4311-bd58-424fabdda1e0.d87200","set-location-mode-success","execute-event","Home","TIMER_EVENT","2023-04-29T22:56:37.039288753Z"
"9981bdc0-22df-4474-8cad-455255ebb894","9981bdc0-22df-4474-8cad-455255ebb894","b94ea19d-d90c-4076-8155-ff2d0486c7ad.a169d0","b94ea19d-d90c-4076-8155-ff2d0486c7ad.a169d0","set-location-mode-success","execute-event","Away","DEVICE_EVENT","2023-04-29T22:55:37.363091117Z"
"9981bdc0-22df-4474-8cad-455255ebb894","9981bdc0-22df-4474-8cad-455255ebb894","aa1b11e8-2589-4fb6-8c2c-c2efdc0d5a00.5c33fe","aa1b11e8-2589-4fb6-8c2c-c2efdc0d5a00.5c33fe","set-location-mode-success","execute-event","Home","TIMER_EVENT","2023-04-29T18:23:10.07641867Z"
"9981bdc0-22df-4474-8cad-455255ebb894","9981bdc0-22df-4474-8cad-455255ebb894","4ca69924-350a-4860-afe3-77a74eff5f11.2d47ca","4ca69924-350a-4860-afe3-77a74eff5f11.2d47ca","set-location-mode-success","execute-event","Away","DEVICE_EVENT","2023-04-29T18:22:10.244819021Z"
"9981bdc0-22df-4474-8cad-455255ebb894","9981bdc0-22df-4474-8cad-455255ebb894","cef61833-7b69-4a58-aa11-5d9d5754a925.c2a6be","cef61833-7b69-4a58-aa11-5d9d5754a925.c2a6be","set-location-mode-success","execute-event","Home","TIMER_EVENT","2023-04-29T16:45:59.045959506Z"
"9981bdc0-22df-4474-8cad-455255ebb894","9981bdc0-22df-4474-8cad-455255ebb894","a8ca40b5-5fbc-468e-adae-9c08c16bad95.71f31b","a8ca40b5-5fbc-468e-adae-9c08c16bad95.71f31b","set-location-mode-success","execute-event","Away","DEVICE_EVENT","2023-04-29T16:44:59.708426228Z"
"9981bdc0-22df-4474-8cad-455255ebb894","9981bdc0-22df-4474-8cad-455255ebb894","1149361a-209b-49b1-826d-e881fd05ab19.7f98ed","1149361a-209b-49b1-826d-e881fd05ab19.7f98ed","set-location-mode-success","execute-event","Home","TIMER_EVENT","2023-04-28T21:49:19.055052563Z"
"9981bdc0-22df-4474-8cad-455255ebb894","9981bdc0-22df-4474-8cad-455255ebb894","04C9E406-A7CF-4CF0-8B1C-61151CB07DD1.0754ea","04C9E406-A7CF-4CF0-8B1C-61151CB07DD1.0754ea","set-location-mode-success","execute-event","Away","DEVICE_EVENT","2023-04-28T21:48:19.535435256Z"
"9981bdc0-22df-4474-8cad-455255ebb894","9981bdc0-22df-4474-8cad-455255ebb894","92dd3cad-6951-4cd8-b053-696dbef98da2.f094f8","92dd3cad-6951-4cd8-b053-696dbef98da2.f094f8","set-location-mode-success","execute-event","Home","TIMER_EVENT","2023-04-28T12:26:47.074982319Z"
"9981bdc0-22df-4474-8cad-455255ebb894","9981bdc0-22df-4474-8cad-455255ebb894","E70A75E1-E40F-4299-9108-5000631A2C3B.4c2378","E70A75E1-E40F-4299-9108-5000631A2C3B.4c2378","set-location-mode-success","execute-event","Away","DEVICE_EVENT","2023-04-28T12:25:47.840112261Z"
"9981bdc0-22df-4474-8cad-455255ebb894","9981bdc0-22df-4474-8cad-455255ebb894","1ca69e20-0fce-42c8-9722-5325a1b5e54e.990ffc","1ca69e20-0fce-42c8-9722-5325a1b5e54e.990ffc","set-location-mode-success","execute-event","Home","TIMER_EVENT","2023-04-28T00:37:10.268947923Z"
"9981bdc0-22df-4474-8cad-455255ebb894","9981bdc0-22df-4474-8cad-455255ebb894","AC338A69-8C0E-4516-95E7-7F4E798571DB.6de934","AC338A69-8C0E-4516-95E7-7F4E798571DB.6de934","set-location-mode-success","execute-event","Away","DEVICE_EVENT","2023-04-28T00:36:03.790927788Z"
"9981bdc0-22df-4474-8cad-455255ebb894","9981bdc0-22df-4474-8cad-455255ebb894","ce0436b2-aa34-4499-b2d9-68c6bbdc47af.edb69a","ce0436b2-aa34-4499-b2d9-68c6bbdc47af.edb69a","set-location-mode-success","execute-event","Home","TIMER_EVENT","2023-04-27T22:25:25.045590319Z"
"9981bdc0-22df-4474-8cad-455255ebb894","9981bdc0-22df-4474-8cad-455255ebb894","0528EFF2-EB2B-42B6-9131-3412CA26E4D8.ba7485","0528EFF2-EB2B-42B6-9131-3412CA26E4D8.ba7485","set-location-mode-success","execute-event","Away","DEVICE_EVENT","2023-04-27T22:24:25.380984807Z"
"9981bdc0-22df-4474-8cad-455255ebb894","9981bdc0-22df-4474-8cad-455255ebb894","e47d2f6f-7236-4e2a-94a3-f53c0ebb2785.459576","e47d2f6f-7236-4e2a-94a3-f53c0ebb2785.459576","set-location-mode-success","execute-event","Home","TIMER_EVENT","2023-04-27T17:30:10.575866316Z"
"9981bdc0-22df-4474-8cad-455255ebb894","9981bdc0-22df-4474-8cad-455255ebb894","bade3222-06c7-4555-b756-6f55e3a9cede.84292d","bade3222-06c7-4555-b756-6f55e3a9cede.84292d","set-location-mode-success","execute-event","Away","DEVICE_EVENT","2023-04-27T17:29:07.75282597Z"
"9981bdc0-22df-4474-8cad-455255ebb894","9981bdc0-22df-4474-8cad-455255ebb894","9b06746d-2464-45a3-a4df-6238ed719a88.80acb4","9b06746d-2464-45a3-a4df-6238ed719a88.80acb4","set-location-mode-success","execute-event","Home","TIMER_EVENT","2023-04-26T23:27:20.082811495Z"
"9981bdc0-22df-4474-8cad-455255ebb894","9981bdc0-22df-4474-8cad-455255ebb894","4C1BD737-EE2D-4E14-B50A-A1E709AA4713.674c9c","4C1BD737-EE2D-4E14-B50A-A1E709AA4713.674c9c","set-location-mode-success","execute-event","Away","DEVICE_EVENT","2023-04-26T20:16:45.697945129Z"
"9981bdc0-22df-4474-8cad-455255ebb894","9981bdc0-22df-4474-8cad-455255ebb894","8071e42d-b6f4-49c5-b952-c32e33e0b2ee.5fe6d3","8071e42d-b6f4-49c5-b952-c32e33e0b2ee.5fe6d3","set-location-mode-success","execute-event","Home","TIMER_EVENT","2023-04-26T17:58:16.041799702Z"
"9981bdc0-22df-4474-8cad-455255ebb894","9981bdc0-22df-4474-8cad-455255ebb894","4ED62AB6-586F-4A0B-875E-D00BF51EA7B6.66c004","4ED62AB6-586F-4A0B-875E-D00BF51EA7B6.66c004","set-location-mode-success","execute-event","Away","DEVICE_EVENT","2023-04-26T17:57:16.101649381Z"
"9981bdc0-22df-4474-8cad-455255ebb894","9981bdc0-22df-4474-8cad-455255ebb894","16e74946-4d3c-476e-a8e0-b3a2cecaa727.03d681","16e74946-4d3c-476e-a8e0-b3a2cecaa727.03d681","set-location-mode-success","execute-event","Home","TIMER_EVENT","2023-04-26T13:29:27.076371396Z"
"9981bdc0-22df-4474-8cad-455255ebb894","9981bdc0-22df-4474-8cad-455255ebb894","0854a132-dd62-4974-869b-e39d723b742e.678de2","0854a132-dd62-4974-869b-e39d723b742e.678de2","set-location-mode-success","execute-event","Away","DEVICE_EVENT","2023-04-26T13:28:27.629874471Z"
"9981bdc0-22df-4474-8cad-455255ebb894","9981bdc0-22df-4474-8cad-455255ebb894","f40d1020-5b79-4a27-b374-c9eaff9afd7e.1e05db","f40d1020-5b79-4a27-b374-c9eaff9afd7e.1e05db","set-location-mode-success","execute-event","Home","TIMER_EVENT","2023-04-25T22:24:45.07848927Z"
"9981bdc0-22df-4474-8cad-455255ebb894","9981bdc0-22df-4474-8cad-455255ebb894","617040d2-1a23-4dc0-877d-1d2ec3478231.b5ca7a","617040d2-1a23-4dc0-877d-1d2ec3478231.b5ca7a","set-location-mode-success","execute-event","Away","DEVICE_EVENT","2023-04-25T22:23:45.738355676Z"
"9981bdc0-22df-4474-8cad-455255ebb894","9981bdc0-22df-4474-8cad-455255ebb894","26201be2-80af-4744-a795-61b1b2c78016.e4cd1e","26201be2-80af-4744-a795-61b1b2c78016.e4cd1e","set-location-mode-success","execute-event","Home","TIMER_EVENT","2023-04-25T20:08:13.04778322Z"
"9981bdc0-22df-4474-8cad-455255ebb894","9981bdc0-22df-4474-8cad-455255ebb894","18f82e4e-68d7-4318-b4cd-66c30debdab0.7f7811","18f82e4e-68d7-4318-b4cd-66c30debdab0.7f7811","set-location-mode-success","execute-event","Away","DEVICE_EVENT","2023-04-25T20:07:13.082334305Z"
"9981bdc0-22df-4474-8cad-455255ebb894","9981bdc0-22df-4474-8cad-455255ebb894","4c958e75-c455-4232-9bf6-803a0672bddb.59337e","4c958e75-c455-4232-9bf6-803a0672bddb.59337e","set-location-mode-success","execute-event","Home","TIMER_EVENT","2023-04-25T13:42:29.057382687Z"
"9981bdc0-22df-4474-8cad-455255ebb894","9981bdc0-22df-4474-8cad-455255ebb894","fa4c383e-7864-490b-b651-10627232f8d9.7afc29","fa4c383e-7864-490b-b651-10627232f8d9.7afc29","set-location-mode-success","execute-event","Away","DEVICE_EVENT","2023-04-25T13:41:29.731927698Z"
"9981bdc0-22df-4474-8cad-455255ebb894","9981bdc0-22df-4474-8cad-455255ebb894","f73b0eef-e564-4492-8b0f-9a0e29b2579c.9032f5","f73b0eef-e564-4492-8b0f-9a0e29b2579c.9032f5","set-location-mode-success","execute-event","Home","TIMER_EVENT","2023-04-24T23:47:55.066145038Z"
"9981bdc0-22df-4474-8cad-455255ebb894","9981bdc0-22df-4474-8cad-455255ebb894","2554bf0e-4978-4c7e-a8f6-a5d74037ba01.26ae91","2554bf0e-4978-4c7e-a8f6-a5d74037ba01.26ae91","set-location-mode-success","execute-event","Away","DEVICE_EVENT","2023-04-24T23:46:55.21043666Z"
"9981bdc0-22df-4474-8cad-455255ebb894","9981bdc0-22df-4474-8cad-455255ebb894","924aa42a-d763-4ead-83f0-69451b7e67ea.4f6d1d","924aa42a-d763-4ead-83f0-69451b7e67ea.4f6d1d","set-location-mode-success","execute-event","Home","TIMER_EVENT","2023-04-24T17:49:19.066089059Z"
"9981bdc0-22df-4474-8cad-455255ebb894","9981bdc0-22df-4474-8cad-455255ebb894","CF611376-09D7-40CF-927D-0FC8050172E9.7b23c6","CF611376-09D7-40CF-927D-0FC8050172E9.7b23c6","set-location-mode-success","execute-event","Away","DEVICE_EVENT","2023-04-24T17:48:19.988331332Z"
"9981bdc0-22df-4474-8cad-455255ebb894","9981bdc0-22df-4474-8cad-455255ebb894","85abb4ee-1703-4121-bd6e-bab3f2725c4e.f554c4","85abb4ee-1703-4121-bd6e-bab3f2725c4e.f554c4","set-location-mode-success","execute-event","Home","TIMER_EVENT","2023-04-24T13:25:10.635965439Z"
"9981bdc0-22df-4474-8cad-455255ebb894","9981bdc0-22df-4474-8cad-455255ebb894","ed1a0762-feca-4bce-838c-f9bce1764283.885ef4","ed1a0762-feca-4bce-838c-f9bce1764283.885ef4","set-location-mode-success","execute-event","Away","DEVICE_EVENT","2023-04-24T13:24:05.35348691Z"
"9981bdc0-22df-4474-8cad-455255ebb894","9981bdc0-22df-4474-8cad-455255ebb894","f37992a1-2631-4035-9f86-01d4b79b83f7.aa9462","f37992a1-2631-4035-9f86-01d4b79b83f7.aa9462","set-location-mode-success","execute-event","Home","TIMER_EVENT","2023-04-23T23:38:18.053965276Z"
"9981bdc0-22df-4474-8cad-455255ebb894","9981bdc0-22df-4474-8cad-455255ebb894","B4A06BC7-593F-4B39-9D21-BB9CB541EE73.226dde","B4A06BC7-593F-4B39-9D21-BB9CB541EE73.226dde","set-location-mode-success","execute-event","Away","DEVICE_EVENT","2023-04-23T23:37:18.152396241Z"
"7e5ec512-1516-4ff4-9cff-b12a9434eb0e","7e5ec512-1516-4ff4-9cff-b12a9434eb0e","6389095b-6f54-4b9f-8dce-f4ad82a2293f.f58be7","6389095b-6f54-4b9f-8dce-f4ad82a2293f.f58be7","set-location-mode-success","execute-event","Home","TIMER_EVENT","2023-04-30T03:39:09.44858629Z"
"7e5ec512-1516-4ff4-9cff-b12a9434eb0e","7e5ec512-1516-4ff4-9cff-b12a9434eb0e","5b25dde7-f3c4-7988-6bb3-ed3763c76b64.7fce68","5b25dde7-f3c4-7988-6bb3-ed3763c76b64.7fce68","set-location-mode-success","execute-event","Movie","DEVICE_EVENT","2023-04-30T01:17:39.483620627Z"
"7e5ec512-1516-4ff4-9cff-b12a9434eb0e","7e5ec512-1516-4ff4-9cff-b12a9434eb0e","29078f1d-fd78-4d96-901c-e899c088e469.dbde7e","29078f1d-fd78-4d96-901c-e899c088e469.dbde7e","set-location-mode-success","execute-event","Home","TIMER_EVENT","2023-04-29T14:35:43.064701427Z"
"7e5ec512-1516-4ff4-9cff-b12a9434eb0e","7e5ec512-1516-4ff4-9cff-b12a9434eb0e","81daf05a-eda1-bc73-10a2-27639e2df242.c6fb8a","81daf05a-eda1-bc73-10a2-27639e2df242.c6fb8a","set-location-mode-success","execute-event","Movie","DEVICE_EVENT","2023-04-29T14:25:41.96623581Z"
"7e5ec512-1516-4ff4-9cff-b12a9434eb0e","7e5ec512-1516-4ff4-9cff-b12a9434eb0e","36e366db-458f-417e-93b7-273a57714ef9.1e5a2a","36e366db-458f-417e-93b7-273a57714ef9.1e5a2a","set-location-mode-success","execute-event","Home","TIMER_EVENT","2023-04-29T03:10:53.062386845Z"
"7e5ec512-1516-4ff4-9cff-b12a9434eb0e","7e5ec512-1516-4ff4-9cff-b12a9434eb0e","b01f3862-9e5c-103e-4f1f-4795fde9c302.573b93","b01f3862-9e5c-103e-4f1f-4795fde9c302.573b93","set-location-mode-success","execute-event","Movie","DEVICE_EVENT","2023-04-29T00:34:01.186446658Z"
"7e5ec512-1516-4ff4-9cff-b12a9434eb0e","7e5ec512-1516-4ff4-9cff-b12a9434eb0e","a71f3248-291c-4318-9f1f-62615ba04481.73d2b6","a71f3248-291c-4318-9f1f-62615ba04481.73d2b6","set-location-mode-success","execute-event","Home","TIMER_EVENT","2023-04-28T22:21:31.072459492Z"
"7e5ec512-1516-4ff4-9cff-b12a9434eb0e","7e5ec512-1516-4ff4-9cff-b12a9434eb0e","5e68462c-2c0d-f764-c4cf-8e923810df54.a7cd69","5e68462c-2c0d-f764-c4cf-8e923810df54.a7cd69","set-location-mode-success","execute-event","Movie","DEVICE_EVENT","2023-04-28T19:08:37.947949211Z"
"7e5ec512-1516-4ff4-9cff-b12a9434eb0e","7e5ec512-1516-4ff4-9cff-b12a9434eb0e","24c535fc-88c2-4433-bda0-f5bd66af4b16.5d339e","24c535fc-88c2-4433-bda0-f5bd66af4b16.5d339e","set-location-mode-success","execute-event","Home","TIMER_EVENT","2023-04-28T03:37:39.067318491Z"
"7e5ec512-1516-4ff4-9cff-b12a9434eb0e","7e5ec512-1516-4ff4-9cff-b12a9434eb0e","e875fd45-c450-8cfc-b2ad-2cb304b20d1e.011414","e875fd45-c450-8cfc-b2ad-2cb304b20d1e.011414","set-location-mode-success","execute-event","Movie","DEVICE_EVENT","2023-04-28T01:16:03.690331928Z"
"7e5ec512-1516-4ff4-9cff-b12a9434eb0e","7e5ec512-1516-4ff4-9cff-b12a9434eb0e","496484ee-bcc6-437b-8d60-38559e7dae97.f9515d","496484ee-bcc6-437b-8d60-38559e7dae97.f9515d","set-location-mode-success","execute-event","Home","TIMER_EVENT","2023-04-27T03:39:06.662022925Z"
"7e5ec512-1516-4ff4-9cff-b12a9434eb0e","7e5ec512-1516-4ff4-9cff-b12a9434eb0e","b16df20d-c1c8-3631-8cd5-a192aeb8cca3.d58125","b16df20d-c1c8-3631-8cd5-a192aeb8cca3.d58125","set-location-mode-success","execute-event","Movie","DEVICE_EVENT","2023-04-26T15:28:11.005367488Z"
"7e5ec512-1516-4ff4-9cff-b12a9434eb0e","7e5ec512-1516-4ff4-9cff-b12a9434eb0e","59b30791-5fd2-45d9-8c7b-859b54fffe86.e167b5","59b30791-5fd2-45d9-8c7b-859b54fffe86.e167b5","set-location-mode-success","execute-event","Home","TIMER_EVENT","2023-04-26T01:48:11.518255111Z"
"7e5ec512-1516-4ff4-9cff-b12a9434eb0e","7e5ec512-1516-4ff4-9cff-b12a9434eb0e","ad70c115-7e39-4bc7-c0dc-6e7b0a1906d5.7e1e51","ad70c115-7e39-4bc7-c0dc-6e7b0a1906d5.7e1e51","set-location-mode-success","execute-event","Movie","DEVICE_EVENT","2023-04-25T21:51:01.704203843Z"
"7e5ec512-1516-4ff4-9cff-b12a9434eb0e","7e5ec512-1516-4ff4-9cff-b12a9434eb0e","9f47daa7-6404-4b5b-8f66-fdef53a62e3b.1889e6","9f47daa7-6404-4b5b-8f66-fdef53a62e3b.1889e6","set-location-mode-success","execute-event","Home","TIMER_EVENT","2023-04-25T09:32:15.045885897Z"
"7e5ec512-1516-4ff4-9cff-b12a9434eb0e","7e5ec512-1516-4ff4-9cff-b12a9434eb0e","91c5164d-bb3a-115e-f1dd-d0c8fb5b6240.f2b166","91c5164d-bb3a-115e-f1dd-d0c8fb5b6240.f2b166","set-location-mode-success","execute-event","Movie","DEVICE_EVENT","2023-04-25T09:10:51.623941434Z"
"7e5ec512-1516-4ff4-9cff-b12a9434eb0e","7e5ec512-1516-4ff4-9cff-b12a9434eb0e","fc407abf-b0cc-488e-aef6-06abfa6e9708.090df0","fc407abf-b0cc-488e-aef6-06abfa6e9708.090df0","set-location-mode-success","execute-event","Home","TIMER_EVENT","2023-04-25T02:11:23.072905414Z"
"7e5ec512-1516-4ff4-9cff-b12a9434eb0e","7e5ec512-1516-4ff4-9cff-b12a9434eb0e","31c6ecd9-d20c-553f-1ae1-12a1d731e567.271e7b","31c6ecd9-d20c-553f-1ae1-12a1d731e567.271e7b","set-location-mode-success","execute-event","Movie","DEVICE_EVENT","2023-04-24T20:08:49.872545916Z"
"7e5ec512-1516-4ff4-9cff-b12a9434eb0e","7e5ec512-1516-4ff4-9cff-b12a9434eb0e","a75974c1-400b-46e9-bfa9-04d0c1067c6c.fc7eb1","a75974c1-400b-46e9-bfa9-04d0c1067c6c.fc7eb1","set-location-mode-success","execute-event","Home","TIMER_EVENT","2023-04-24T14:48:55.049618129Z"
"7e5ec512-1516-4ff4-9cff-b12a9434eb0e","7e5ec512-1516-4ff4-9cff-b12a9434eb0e","4e3aa856-e3ee-8797-86fc-5da28a8c7ede.5de7be","4e3aa856-e3ee-8797-86fc-5da28a8c7ede.5de7be","set-location-mode-success","execute-event","Movie","DEVICE_EVENT","2023-04-24T09:36:42.60012632Z"
"7e5ec512-1516-4ff4-9cff-b12a9434eb0e","7e5ec512-1516-4ff4-9cff-b12a9434eb0e","79951ebe-8931-4976-9e8c-684ef5cc0293.80ac68","79951ebe-8931-4976-9e8c-684ef5cc0293.80ac68","set-location-mode-success","execute-event","Home","TIMER_EVENT","2023-04-24T03:02:45.071233733Z"
"0c2dcf0a-6e94-4a5e-9795-ddefde554394","0c2dcf0a-6e94-4a5e-9795-ddefde554394","0fa9eaf3-d1f6-4cc5-89ed-f3dabbcfda46.032758.38e650","0fa9eaf3-d1f6-4cc5-89ed-f3dabbcfda46.032758.38e650","set-location-mode-success","execute-event","Night","MODE_EVENT","2023-04-29T10:22:49.945877807Z"
"0c2dcf0a-6e94-4a5e-9795-ddefde554394","0c2dcf0a-6e94-4a5e-9795-ddefde554394","464dd17e-aa9e-4f88-b541-ea4198427323.7b07e0","464dd17e-aa9e-4f88-b541-ea4198427323.7b07e0","set-location-mode-success","execute-event","Day","TIMER_EVENT","2023-04-29T10:00:02.485083917Z"
"0c2dcf0a-6e94-4a5e-9795-ddefde554394","0c2dcf0a-6e94-4a5e-9795-ddefde554394","a269f1aa-7074-437c-a4fa-cb8db8ad7b4f.f943fe","a269f1aa-7074-437c-a4fa-cb8db8ad7b4f.f943fe","set-location-mode-success","execute-event","Night","DEVICE_EVENT","2023-04-29T09:33:44.984654095Z"
"0c2dcf0a-6e94-4a5e-9795-ddefde554394","0c2dcf0a-6e94-4a5e-9795-ddefde554394","10a37615-c1dc-4031-b2b5-9146e48acc13.a6099e","10a37615-c1dc-4031-b2b5-9146e48acc13.a6099e","set-location-mode-success","execute-event","Day","TIMER_EVENT","2023-04-29T09:31:06.870066322Z"
"0c2dcf0a-6e94-4a5e-9795-ddefde554394","0c2dcf0a-6e94-4a5e-9795-ddefde554394","db67d31d-d3ba-44e7-87ca-8aa00daccb24.074b95","db67d31d-d3ba-44e7-87ca-8aa00daccb24.074b95","set-location-mode-success","execute-event","Night","DEVICE_EVENT","2023-04-29T06:30:33.872862854Z"
"0c2dcf0a-6e94-4a5e-9795-ddefde554394","0c2dcf0a-6e94-4a5e-9795-ddefde554394","d141ee13-4c45-417b-bc90-ba86d8ab08fb.53fd08","d141ee13-4c45-417b-bc90-ba86d8ab08fb.53fd08","set-location-mode-success","execute-event","Day","TIMER_EVENT","2023-04-28T09:31:07.657273759Z"
"0c2dcf0a-6e94-4a5e-9795-ddefde554394","0c2dcf0a-6e94-4a5e-9795-ddefde554394","9316bd94-8de5-493a-a2cc-dac5bd9263d2.4052ea.d17aac","9316bd94-8de5-493a-a2cc-dac5bd9263d2.4052ea.d17aac","set-location-mode-success","execute-event","Night","MODE_EVENT","2023-04-28T08:44:08.843448361Z"
"0c2dcf0a-6e94-4a5e-9795-ddefde554394","0c2dcf0a-6e94-4a5e-9795-ddefde554394","636e5854-f636-4a6e-ac6f-2ce507f28022.cb5194.7ce4ed","636e5854-f636-4a6e-ac6f-2ce507f28022.cb5194.7ce4ed","set-location-mode-success","execute-event","Home","MODE_EVENT","2023-04-28T02:23:31.161086623Z"
"0c2dcf0a-6e94-4a5e-9795-ddefde554394","0c2dcf0a-6e94-4a5e-9795-ddefde554394","c2d65c3f-c9dc-4688-94e8-39dca06fdecd.4d88b0.78b2e9","c2d65c3f-c9dc-4688-94e8-39dca06fdecd.4d88b0.78b2e9","set-location-mode-success","execute-event","Night","MODE_EVENT","2023-04-27T13:30:46.394770159Z"
"0c2dcf0a-6e94-4a5e-9795-ddefde554394","0c2dcf0a-6e94-4a5e-9795-ddefde554394","24bcdccc-1ec0-4d0e-8fd3-a120d8560d33.dc9d98.c5db6d","24bcdccc-1ec0-4d0e-8fd3-a120d8560d33.dc9d98.c5db6d","set-location-mode-success","execute-event","Night","MODE_EVENT","2023-04-27T13:29:19.059011124Z"
"0c2dcf0a-6e94-4a5e-9795-ddefde554394","0c2dcf0a-6e94-4a5e-9795-ddefde554394","9aa1605a-9556-4672-b257-6b0cdaf9a3d9.12ce37","9aa1605a-9556-4672-b257-6b0cdaf9a3d9.12ce37","set-location-mode-success","execute-event","Day","TIMER_EVENT","2023-04-27T09:31:07.439559635Z"
"0c2dcf0a-6e94-4a5e-9795-ddefde554394","0c2dcf0a-6e94-4a5e-9795-ddefde554394","b0decaf9-f08f-4305-86e5-9ce8ee1ffa18.e5da8f.d13aab","b0decaf9-f08f-4305-86e5-9ce8ee1ffa18.e5da8f.d13aab","set-location-mode-success","execute-event","Night","MODE_EVENT","2023-04-27T02:50:18.593741852Z"
"0c2dcf0a-6e94-4a5e-9795-ddefde554394","0c2dcf0a-6e94-4a5e-9795-ddefde554394","56208305-25bc-4cb4-bd5a-a9c9adf805dd.3b8ef5.4890af","56208305-25bc-4cb4-bd5a-a9c9adf805dd.3b8ef5.4890af","set-location-mode-success","execute-event","Night","MODE_EVENT","2023-04-27T02:50:10.87665411Z"
"0c2dcf0a-6e94-4a5e-9795-ddefde554394","0c2dcf0a-6e94-4a5e-9795-ddefde554394","5389ee69-7bb7-430b-b09b-f97563e3977e.6805fa","5389ee69-7bb7-430b-b09b-f97563e3977e.6805fa","set-location-mode-success","execute-event","Day","TIMER_EVENT","2023-04-26T09:31:07.31258701Z"
"0c2dcf0a-6e94-4a5e-9795-ddefde554394","0c2dcf0a-6e94-4a5e-9795-ddefde554394","103398e7-7138-46e3-94ef-4a7bacba8fb3.9c7d31.0c1f30","103398e7-7138-46e3-94ef-4a7bacba8fb3.9c7d31.0c1f30","set-location-mode-success","execute-event","Night","MODE_EVENT","2023-04-26T06:22:37.406359534Z"
"0c2dcf0a-6e94-4a5e-9795-ddefde554394","0c2dcf0a-6e94-4a5e-9795-ddefde554394","5dd376b9-9317-4da2-8c89-0cad5ead65ae.91a78c","5dd376b9-9317-4da2-8c89-0cad5ead65ae.91a78c","set-location-mode-success","execute-event","Day","TIMER_EVENT","2023-04-25T09:31:07.549292951Z"
"0c2dcf0a-6e94-4a5e-9795-ddefde554394","0c2dcf0a-6e94-4a5e-9795-ddefde554394","6b7e7e6e-5013-44be-bac9-089a900c25f8.ea6ad2.ba99a0","6b7e7e6e-5013-44be-bac9-089a900c25f8.ea6ad2.ba99a0","set-location-mode-success","execute-event","Night","MODE_EVENT","2023-04-25T04:06:36.522953149Z"
"0c2dcf0a-6e94-4a5e-9795-ddefde554394","0c2dcf0a-6e94-4a5e-9795-ddefde554394","e4014e79-8e17-4f53-8719-75ec567dafc1.c03380.1515b7","e4014e79-8e17-4f53-8719-75ec567dafc1.c03380.1515b7","set-location-mode-success","execute-event","Night","MODE_EVENT","2023-04-24T13:05:08.084639103Z"
"0c2dcf0a-6e94-4a5e-9795-ddefde554394","0c2dcf0a-6e94-4a5e-9795-ddefde554394","0f09347e-711e-41df-9976-01b5bd5f1e58.26a344","0f09347e-711e-41df-9976-01b5bd5f1e58.26a344","set-location-mode-success","execute-event","Day","TIMER_EVENT","2023-04-24T09:31:06.015582849Z"
"0c2dcf0a-6e94-4a5e-9795-ddefde554394","0c2dcf0a-6e94-4a5e-9795-ddefde554394","8109e58c-a2ec-4de3-8a74-91d2f8375d27.1de180.6ce6b8","8109e58c-a2ec-4de3-8a74-91d2f8375d27.1de180.6ce6b8","set-location-mode-success","execute-event","Night","MODE_EVENT","2023-04-24T04:39:05.284562123Z"
"0c2dcf0a-6e94-4a5e-9795-ddefde554394","0c2dcf0a-6e94-4a5e-9795-ddefde554394","5d76eff5-9043-4d7f-a9fb-c007603bcb28.7cf8f0.cd33e8","5d76eff5-9043-4d7f-a9fb-c007603bcb28.7cf8f0.cd33e8","set-location-mode-success","execute-event","Night","MODE_EVENT","2023-04-24T04:38:44.19536906Z"
"0c2dcf0a-6e94-4a5e-9795-ddefde554394","0c2dcf0a-6e94-4a5e-9795-ddefde554394","61acaf90-e3e4-4df0-bc19-6687ed345f62.54bb2d.7d27d5","61acaf90-e3e4-4df0-bc19-6687ed345f62.54bb2d.7d27d5","set-location-mode-success","execute-event","Night","MODE_EVENT","2023-04-24T04:38:40.079307983Z"
"0c2dcf0a-6e94-4a5e-9795-ddefde554394","0c2dcf0a-6e94-4a5e-9795-ddefde554394","77d2acc9-de42-46a0-a863-0ebe1069bac9.e9636a.6fca68","77d2acc9-de42-46a0-a863-0ebe1069bac9.e9636a.6fca68","set-location-mode-success","execute-event","Night","MODE_EVENT","2023-04-24T04:37:38.208152883Z"
"0c2dcf0a-6e94-4a5e-9795-ddefde554394","0c2dcf0a-6e94-4a5e-9795-ddefde554394","3509a0de-e793-449e-8495-1c1d97e945b4.5675c2.b95d94","3509a0de-e793-449e-8495-1c1d97e945b4.5675c2.b95d94","set-location-mode-success","execute-event","Night","MODE_EVENT","2023-04-24T04:37:25.093004074Z"
"0c2dcf0a-6e94-4a5e-9795-ddefde554394","0c2dcf0a-6e94-4a5e-9795-ddefde554394","77b6be2d-0699-4a0e-870d-79c8f259022a.7ab5a8.4a034f","77b6be2d-0699-4a0e-870d-79c8f259022a.7ab5a8.4a034f","set-location-mode-success","execute-event","Night","MODE_EVENT","2023-04-24T04:36:56.889825562Z"
"0c2dcf0a-6e94-4a5e-9795-ddefde554394","0c2dcf0a-6e94-4a5e-9795-ddefde554394","161fa3ee-db66-48a7-8a84-02a6d90b556b.321602.20a37e","161fa3ee-db66-48a7-8a84-02a6d90b556b.321602.20a37e","set-location-mode-success","execute-event","Night","MODE_EVENT","2023-04-24T04:36:51.174540708Z"
"0c2dcf0a-6e94-4a5e-9795-ddefde554394","0c2dcf0a-6e94-4a5e-9795-ddefde554394","3705a4b0-def9-4aa5-9841-311559ac3474.e2ff94.cbc618","3705a4b0-def9-4aa5-9841-311559ac3474.e2ff94.cbc618","set-location-mode-success","execute-event","Night","MODE_EVENT","2023-04-24T04:36:41.352883534Z"
"0c2dcf0a-6e94-4a5e-9795-ddefde554394","0c2dcf0a-6e94-4a5e-9795-ddefde554394","b012c371-1427-4ffe-9eaf-a18cfbb91c05.bdcd78.8128ca","b012c371-1427-4ffe-9eaf-a18cfbb91c05.bdcd78.8128ca","set-location-mode-success","execute-event","Night","MODE_EVENT","2023-04-24T04:36:14.029478597Z"
"02426c4e-bea7-428b-866a-42c90585e452","02426c4e-bea7-428b-866a-42c90585e452","50d6e075-897b-4295-a337-cc8036d6b515.81278c","50d6e075-897b-4295-a337-cc8036d6b515.81278c","set-location-mode-success","execute-event","Disarm","TIMER_EVENT","2023-04-29T12:00:00.207741881Z"
"02426c4e-bea7-428b-866a-42c90585e452","02426c4e-bea7-428b-866a-42c90585e452","627d31ac-480f-44c8-8969-46773284f673.200037","627d31ac-480f-44c8-8969-46773284f673.200037","set-location-mode-success","execute-event","Home","DEVICE_EVENT","2023-04-28T12:50:04.229800597Z"
"02426c4e-bea7-428b-866a-42c90585e452","02426c4e-bea7-428b-866a-42c90585e452","627d31ac-480f-44c8-8969-46773284f673.2c5945","627d31ac-480f-44c8-8969-46773284f673.2c5945","set-location-mode-success","execute-event","Home","DEVICE_EVENT","2023-04-28T12:50:04.203577207Z"
"02426c4e-bea7-428b-866a-42c90585e452","02426c4e-bea7-428b-866a-42c90585e452","74fe82ef-bae6-45ab-80a8-19bd2dd3ba1c.083969","74fe82ef-bae6-45ab-80a8-19bd2dd3ba1c.083969","set-location-mode-success","execute-event","Disarm","TIMER_EVENT","2023-04-28T12:00:00.506433231Z"
"02426c4e-bea7-428b-866a-42c90585e452","02426c4e-bea7-428b-866a-42c90585e452","b513e2c7-4da5-4754-a750-256a4d380bde.234c0d","b513e2c7-4da5-4754-a750-256a4d380bde.234c0d","set-location-mode-success","execute-event","Home","DEVICE_EVENT","2023-04-27T14:19:06.138563489Z"
"02426c4e-bea7-428b-866a-42c90585e452","02426c4e-bea7-428b-866a-42c90585e452","b513e2c7-4da5-4754-a750-256a4d380bde.4f2cce","b513e2c7-4da5-4754-a750-256a4d380bde.4f2cce","set-location-mode-success","execute-event","Home","DEVICE_EVENT","2023-04-27T14:19:06.124612534Z"
"02426c4e-bea7-428b-866a-42c90585e452","02426c4e-bea7-428b-866a-42c90585e452","035e49c2-3ee5-488d-9e69-3cafa72f8fca.d28857","035e49c2-3ee5-488d-9e69-3cafa72f8fca.d28857","set-location-mode-success","execute-event","Disarm","TIMER_EVENT","2023-04-27T12:00:00.336716108Z"
"02426c4e-bea7-428b-866a-42c90585e452","02426c4e-bea7-428b-866a-42c90585e452","a8b8dac7-b5d3-4834-a891-629cdfcc1289.c33beb","a8b8dac7-b5d3-4834-a891-629cdfcc1289.c33beb","set-location-mode-success","execute-event","Home","DEVICE_EVENT","2023-04-26T12:10:26.970193229Z"
"02426c4e-bea7-428b-866a-42c90585e452","02426c4e-bea7-428b-866a-42c90585e452","a8b8dac7-b5d3-4834-a891-629cdfcc1289.82a98a","a8b8dac7-b5d3-4834-a891-629cdfcc1289.82a98a","set-location-mode-success","execute-event","Home","DEVICE_EVENT","2023-04-26T12:10:26.969961145Z"
"02426c4e-bea7-428b-866a-42c90585e452","02426c4e-bea7-428b-866a-42c90585e452","8517f8b4-3747-46a5-bb34-70b344676443.df7b71","8517f8b4-3747-46a5-bb34-70b344676443.df7b71","set-location-mode-success","execute-event","Disarm","TIMER_EVENT","2023-04-26T12:00:00.505781359Z"
"02426c4e-bea7-428b-866a-42c90585e452","02426c4e-bea7-428b-866a-42c90585e452","0170f95f-7ddd-4b46-b6d5-d3a63adc2542.80999e","0170f95f-7ddd-4b46-b6d5-d3a63adc2542.80999e","set-location-mode-success","execute-event","Home","DEVICE_EVENT","2023-04-25T12:05:26.870823231Z"
"02426c4e-bea7-428b-866a-42c90585e452","02426c4e-bea7-428b-866a-42c90585e452","0170f95f-7ddd-4b46-b6d5-d3a63adc2542.a944e1","0170f95f-7ddd-4b46-b6d5-d3a63adc2542.a944e1","set-location-mode-success","execute-event","Home","DEVICE_EVENT","2023-04-25T12:05:26.868510123Z"
"02426c4e-bea7-428b-866a-42c90585e452","02426c4e-bea7-428b-866a-42c90585e452","93fd7ce3-e4c4-49d6-bb8c-0207e56787c4.64087c","93fd7ce3-e4c4-49d6-bb8c-0207e56787c4.64087c","set-location-mode-success","execute-event","Disarm","TIMER_EVENT","2023-04-25T12:00:00.141851933Z"
"02426c4e-bea7-428b-866a-42c90585e452","02426c4e-bea7-428b-866a-42c90585e452","e56846f7-6fe5-48a7-bed6-5ad90f9692e7.3b2f2f","e56846f7-6fe5-48a7-bed6-5ad90f9692e7.3b2f2f","set-location-mode-success","execute-event","Home","DEVICE_EVENT","2023-04-24T14:57:40.949468439Z"
"02426c4e-bea7-428b-866a-42c90585e452","02426c4e-bea7-428b-866a-42c90585e452","9f094843-f8ff-42de-950b-99c5fecc068a.88faf4","9f094843-f8ff-42de-950b-99c5fecc068a.88faf4","set-location-mode-success","execute-event","Disarm","TIMER_EVENT","2023-04-24T12:00:00.173824984Z"
