#,modeChange_locid,exeEvent_locid,modeChange_logid,exeEvent_logid,modeChange_msg,exeEvent_msg,name,eventType,exeEvent_ts
1,f17b6b01-fe68-4167-8e52-ee79ee223e68,f17b6b01-fe68-4167-8e52-ee79ee223e68,851dbeb3-9f61-4f88-a431-2e867c479552.69bd65,851dbeb3-9f61-4f88-a431-2e867c479552.69bd65,set-location-mode-success,execute-event,Home,TIMER_EVENT,2023-05-25T10:00:07.285751824Z
2,f17b6b01-fe68-4167-8e52-ee79ee223e68,f17b6b01-fe68-4167-8e52-ee79ee223e68,e5acf4c8-382e-4470-9ccc-27e78a47d1c7.59f963,e5acf4c8-382e-4470-9ccc-27e78a47d1c7.59f963,set-location-mode-success,execute-event,Night,TIMER_EVENT,2023-05-25T05:00:06.07056696Z
3,f17b6b01-fe68-4167-8e52-ee79ee223e68,f17b6b01-fe68-4167-8e52-ee79ee223e68,0a16edfb-f4b0-4102-97c8-74d79d1b98f0.e4b59a,0a16edfb-f4b0-4102-97c8-74d79d1b98f0.e4b59a,set-location-mode-success,execute-event,Home,TIMER_EVENT,2023-05-24T10:00:06.94262979Z
4,f17b6b01-fe68-4167-8e52-ee79ee223e68,f17b6b01-fe68-4167-8e52-ee79ee223e68,0e4c16d5-61c1-48b2-abe5-74f2ef439aa6.73515a,0e4c16d5-61c1-48b2-abe5-74f2ef439aa6.73515a,set-location-mode-success,execute-event,Night,TIMER_EVENT,2023-05-24T05:00:06.380349757Z
5,f17b6b01-fe68-4167-8e52-ee79ee223e68,f17b6b01-fe68-4167-8e52-ee79ee223e68,af8fa1e8-10eb-4429-8a01-0fd3014fd97e.d0cb99,af8fa1e8-10eb-4429-8a01-0fd3014fd97e.d0cb99,set-location-mode-success,execute-event,Home,TIMER_EVENT,2023-05-23T10:00:07.533863704Z
6,f17b6b01-fe68-4167-8e52-ee79ee223e68,f17b6b01-fe68-4167-8e52-ee79ee223e68,231644eb-24fb-4b6a-8ce1-bf48e3f910aa.b142ac,231644eb-24fb-4b6a-8ce1-bf48e3f910aa.b142ac,set-location-mode-success,execute-event,Night,TIMER_EVENT,2023-05-23T05:00:05.299393605Z
7,f17b6b01-fe68-4167-8e52-ee79ee223e68,f17b6b01-fe68-4167-8e52-ee79ee223e68,b88b6ddc-4492-46d1-b645-f5c22f72638a.678c41,b88b6ddc-4492-46d1-b645-f5c22f72638a.678c41,set-location-mode-success,execute-event,Home,TIMER_EVENT,2023-05-22T10:00:06.396485603Z
8,f17b6b01-fe68-4167-8e52-ee79ee223e68,f17b6b01-fe68-4167-8e52-ee79ee223e68,35c06a37-9759-4bd1-95f0-429387107e73.39325a,35c06a37-9759-4bd1-95f0-429387107e73.39325a,set-location-mode-success,execute-event,Night,TIMER_EVENT,2023-05-22T05:00:04.667044513Z
9,f17b6b01-fe68-4167-8e52-ee79ee223e68,f17b6b01-fe68-4167-8e52-ee79ee223e68,ea66a9d6-c82d-4bb3-ad3f-50ea99fd30c9.daf858,ea66a9d6-c82d-4bb3-ad3f-50ea99fd30c9.daf858,set-location-mode-success,execute-event,Home,TIMER_EVENT,2023-05-21T10:00:07.181278316Z
10,f17b6b01-fe68-4167-8e52-ee79ee223e68,f17b6b01-fe68-4167-8e52-ee79ee223e68,d62c6cc7-8731-4d50-858f-162769e8af75.030ee3,d62c6cc7-8731-4d50-858f-162769e8af75.030ee3,set-location-mode-success,execute-event,Night,TIMER_EVENT,2023-05-21T05:00:04.959957813Z
11,f17b6b01-fe68-4167-8e52-ee79ee223e68,f17b6b01-fe68-4167-8e52-ee79ee223e68,9d6d35a6-4b7b-4c78-86ac-1720a43c5f72.f43e57,9d6d35a6-4b7b-4c78-86ac-1720a43c5f72.f43e57,set-location-mode-success,execute-event,Home,TIMER_EVENT,2023-05-20T10:00:07.112798945Z
12,f17b6b01-fe68-4167-8e52-ee79ee223e68,f17b6b01-fe68-4167-8e52-ee79ee223e68,175a79b4-bf8f-4d72-9813-d085b23c95bc.33cef9,175a79b4-bf8f-4d72-9813-d085b23c95bc.33cef9,set-location-mode-success,execute-event,Night,TIMER_EVENT,2023-05-20T05:00:06.181477091Z
13,f17b6b01-fe68-4167-8e52-ee79ee223e68,f17b6b01-fe68-4167-8e52-ee79ee223e68,b16f5084-b141-4ba3-b20f-050ebc4ba923.97483e,b16f5084-b141-4ba3-b20f-050ebc4ba923.97483e,set-location-mode-success,execute-event,Home,TIMER_EVENT,2023-05-19T10:00:06.064274331Z
14,f17b6b01-fe68-4167-8e52-ee79ee223e68,f17b6b01-fe68-4167-8e52-ee79ee223e68,4d97cd73-5ecb-49b0-b6f0-5a6f3348bb72.3600e7,4d97cd73-5ecb-49b0-b6f0-5a6f3348bb72.3600e7,set-location-mode-success,execute-event,Night,TIMER_EVENT,2023-05-19T05:00:06.570653953Z
15,f17b6b01-fe68-4167-8e52-ee79ee223e68,f17b6b01-fe68-4167-8e52-ee79ee223e68,62e38bca-3373-40c9-9770-25caa013abe1.dde873,62e38bca-3373-40c9-9770-25caa013abe1.dde873,set-location-mode-success,execute-event,Home,TIMER_EVENT,2023-05-18T10:00:06.341059071Z
16,f17b6b01-fe68-4167-8e52-ee79ee223e68,f17b6b01-fe68-4167-8e52-ee79ee223e68,3b3576b7-1ca1-4f78-8a09-cd77a4767f23.c318a7,3b3576b7-1ca1-4f78-8a09-cd77a4767f23.c318a7,set-location-mode-success,execute-event,Night,TIMER_EVENT,2023-05-18T05:00:06.026160548Z
17,f17b6b01-fe68-4167-8e52-ee79ee223e68,f17b6b01-fe68-4167-8e52-ee79ee223e68,c385fbdb-7786-47d1-95b9-00a4cabf64f2.250b57,c385fbdb-7786-47d1-95b9-00a4cabf64f2.250b57,set-location-mode-success,execute-event,Home,TIMER_EVENT,2023-05-17T10:00:07.194669178Z
18,f17b6b01-fe68-4167-8e52-ee79ee223e68,f17b6b01-fe68-4167-8e52-ee79ee223e68,285f2f19-b9e0-474d-b7da-3d490f753147.749e4b,285f2f19-b9e0-474d-b7da-3d490f753147.749e4b,set-location-mode-success,execute-event,Night,TIMER_EVENT,2023-05-17T05:00:05.451623801Z
19,f17b6b01-fe68-4167-8e52-ee79ee223e68,f17b6b01-fe68-4167-8e52-ee79ee223e68,3526a686-bf60-43d1-85e5-c4b523252777.ced5e8,3526a686-bf60-43d1-85e5-c4b523252777.ced5e8,set-location-mode-success,execute-event,Home,TIMER_EVENT,2023-05-16T10:00:06.554748211Z
20,f17b6b01-fe68-4167-8e52-ee79ee223e68,f17b6b01-fe68-4167-8e52-ee79ee223e68,a5c245bb-4629-49b2-ace1-1a5976cdd939.c44595,a5c245bb-4629-49b2-ace1-1a5976cdd939.c44595,set-location-mode-success,execute-event,Night,TIMER_EVENT,2023-05-16T05:00:05.556605734Z
21,f17b6b01-fe68-4167-8e52-ee79ee223e68,f17b6b01-fe68-4167-8e52-ee79ee223e68,8f7d157c-0efc-4b08-acf2-2ed2aedeffa7.8582d7,8f7d157c-0efc-4b08-acf2-2ed2aedeffa7.8582d7,set-location-mode-success,execute-event,Home,TIMER_EVENT,2023-05-15T10:00:07.812505753Z
22,f17b6b01-fe68-4167-8e52-ee79ee223e68,f17b6b01-fe68-4167-8e52-ee79ee223e68,635d168c-0607-4ca7-95fe-51bc35c5f3df.a49545,635d168c-0607-4ca7-95fe-51bc35c5f3df.a49545,set-location-mode-success,execute-event,Night,TIMER_EVENT,2023-05-15T05:00:05.486973681Z
23,f17b6b01-fe68-4167-8e52-ee79ee223e68,f17b6b01-fe68-4167-8e52-ee79ee223e68,7df7d4d1-d4a4-4397-9279-84d374946a0b.3ce497,7df7d4d1-d4a4-4397-9279-84d374946a0b.3ce497,set-location-mode-success,execute-event,Home,TIMER_EVENT,2023-05-14T10:00:07.535056306Z
24,f17b6b01-fe68-4167-8e52-ee79ee223e68,f17b6b01-fe68-4167-8e52-ee79ee223e68,7edcabb1-9aea-4751-804e-01118df4a8ae.396403,7edcabb1-9aea-4751-804e-01118df4a8ae.396403,set-location-mode-success,execute-event,Night,TIMER_EVENT,2023-05-14T05:00:05.657885807Z
25,f17b6b01-fe68-4167-8e52-ee79ee223e68,f17b6b01-fe68-4167-8e52-ee79ee223e68,2416a937-b092-487e-b8a7-b7d5ec7c11c5.ada5f5,2416a937-b092-487e-b8a7-b7d5ec7c11c5.ada5f5,set-location-mode-success,execute-event,Home,TIMER_EVENT,2023-05-13T10:00:06.276340349Z
26,f17b6b01-fe68-4167-8e52-ee79ee223e68,f17b6b01-fe68-4167-8e52-ee79ee223e68,78a3f92d-742f-4398-b2ac-98ae7ac82f1c.947a69,78a3f92d-742f-4398-b2ac-98ae7ac82f1c.947a69,set-location-mode-success,execute-event,Night,TIMER_EVENT,2023-05-13T05:00:05.548819085Z
27,f17b6b01-fe68-4167-8e52-ee79ee223e68,f17b6b01-fe68-4167-8e52-ee79ee223e68,26ece004-241b-4fa8-9e64-8d3375509b91.467bd4,26ece004-241b-4fa8-9e64-8d3375509b91.467bd4,set-location-mode-success,execute-event,Home,TIMER_EVENT,2023-05-12T10:00:07.416911735Z
28,eac051c1-6188-4b2f-86cd-6d3514dffe0f,eac051c1-6188-4b2f-86cd-6d3514dffe0f,4d0bbd89-8a3f-44f6-85e4-fe87a05cfa13.1cf78f,4d0bbd89-8a3f-44f6-85e4-fe87a05cfa13.1cf78f,set-location-mode-success,execute-event,Home,TIMER_EVENT,2023-05-23T14:45:03.095475784Z
29,eac051c1-6188-4b2f-86cd-6d3514dffe0f,eac051c1-6188-4b2f-86cd-6d3514dffe0f,af63ff51-5bc3-4642-9234-4702a0a04a9b.a399eb,af63ff51-5bc3-4642-9234-4702a0a04a9b.a399eb,set-location-mode-success,execute-event,One sleeping one awake,DEVICE_EVENT,2023-05-23T12:52:24.625385694Z
30,eac051c1-6188-4b2f-86cd-6d3514dffe0f,eac051c1-6188-4b2f-86cd-6d3514dffe0f,6048f3b0-83ad-46f7-9865-46db6fc3a90a_caab5e3f-b037-4a38-98a3-d6ed0d00701b.fa3bee,6048f3b0-83ad-46f7-9865-46db6fc3a90a_caab5e3f-b037-4a38-98a3-d6ed0d00701b.fa3bee,set-location-mode-success,execute-event,Sleep,DEVICE_EVENT,2023-05-23T04:26:20.793519848Z
31,eac051c1-6188-4b2f-86cd-6d3514dffe0f,eac051c1-6188-4b2f-86cd-6d3514dffe0f,5f9603d9-86da-4e2b-b7b5-aae82aece51c.b0ea52,5f9603d9-86da-4e2b-b7b5-aae82aece51c.b0ea52,set-location-mode-success,execute-event,Home,TIMER_EVENT,2023-05-22T14:45:01.919138004Z
32,eac051c1-6188-4b2f-86cd-6d3514dffe0f,eac051c1-6188-4b2f-86cd-6d3514dffe0f,a86f070f-3108-4a2a-a088-a4fe73b73da9.14655e,a86f070f-3108-4a2a-a088-a4fe73b73da9.14655e,set-location-mode-success,execute-event,One sleeping one awake,DEVICE_EVENT,2023-05-22T10:26:36.831068343Z
33,eac051c1-6188-4b2f-86cd-6d3514dffe0f,eac051c1-6188-4b2f-86cd-6d3514dffe0f,27ac150e-a6d7-4cd2-9da0-2448b73f01be_44e527e1-1794-4270-944a-96c8ea2e7ad7.0e5038,27ac150e-a6d7-4cd2-9da0-2448b73f01be_44e527e1-1794-4270-944a-96c8ea2e7ad7.0e5038,set-location-mode-success,execute-event,Sleep,DEVICE_EVENT,2023-05-22T04:24:54.862175643Z
34,eac051c1-6188-4b2f-86cd-6d3514dffe0f,eac051c1-6188-4b2f-86cd-6d3514dffe0f,67e78c87-f0e4-49be-b5a3-e378e98118aa.ac9511,67e78c87-f0e4-49be-b5a3-e378e98118aa.ac9511,set-location-mode-success,execute-event,Home,TIMER_EVENT,2023-05-21T14:45:02.247017095Z
35,eac051c1-6188-4b2f-86cd-6d3514dffe0f,eac051c1-6188-4b2f-86cd-6d3514dffe0f,b15d8226-e137-4be9-8256-7a80277baa30.acdcfe,b15d8226-e137-4be9-8256-7a80277baa30.acdcfe,set-location-mode-success,execute-event,One sleeping one awake,DEVICE_EVENT,2023-05-21T13:01:37.195503951Z
36,eac051c1-6188-4b2f-86cd-6d3514dffe0f,eac051c1-6188-4b2f-86cd-6d3514dffe0f,6422ba86-c425-4a2c-acc1-317c8c8b9191_5e68acf2-aa4e-4597-b3e8-969192744a7d.d6d16d,6422ba86-c425-4a2c-acc1-317c8c8b9191_5e68acf2-aa4e-4597-b3e8-969192744a7d.d6d16d,set-location-mode-success,execute-event,Sleep,DEVICE_EVENT,2023-05-21T06:24:38.221181247Z
37,eac051c1-6188-4b2f-86cd-6d3514dffe0f,eac051c1-6188-4b2f-86cd-6d3514dffe0f,99363766-dfa3-4a1b-99fe-525bb6c0b672.dccb6b,99363766-dfa3-4a1b-99fe-525bb6c0b672.dccb6b,set-location-mode-success,execute-event,Home,TIMER_EVENT,2023-05-20T14:45:03.109137856Z
38,eac051c1-6188-4b2f-86cd-6d3514dffe0f,eac051c1-6188-4b2f-86cd-6d3514dffe0f,3a69781d-4aab-49b8-b6ec-52df472d81cb.8fc614,3a69781d-4aab-49b8-b6ec-52df472d81cb.8fc614,set-location-mode-success,execute-event,One sleeping one awake,DEVICE_EVENT,2023-05-20T14:00:19.581659346Z
39,eac051c1-6188-4b2f-86cd-6d3514dffe0f,eac051c1-6188-4b2f-86cd-6d3514dffe0f,77e0ead1-851e-436d-9784-a3adafa927ab_e21af1ab-1484-4c06-a5d0-22729c9c98b2.f91b49,77e0ead1-851e-436d-9784-a3adafa927ab_e21af1ab-1484-4c06-a5d0-22729c9c98b2.f91b49,set-location-mode-success,execute-event,Sleep,DEVICE_EVENT,2023-05-20T04:37:28.833529436Z
40,eac051c1-6188-4b2f-86cd-6d3514dffe0f,eac051c1-6188-4b2f-86cd-6d3514dffe0f,259b9861-e35c-47c1-9a20-a646f7db1bcb.81be97,259b9861-e35c-47c1-9a20-a646f7db1bcb.81be97,set-location-mode-success,execute-event,Home,TIMER_EVENT,2023-05-19T14:45:02.166044023Z
41,eac051c1-6188-4b2f-86cd-6d3514dffe0f,eac051c1-6188-4b2f-86cd-6d3514dffe0f,de6bee4f-7ea4-4c89-85ca-f5d644367aa1.adb582,de6bee4f-7ea4-4c89-85ca-f5d644367aa1.adb582,set-location-mode-success,execute-event,One sleeping one awake,DEVICE_EVENT,2023-05-19T11:30:29.495291489Z
42,eac051c1-6188-4b2f-86cd-6d3514dffe0f,eac051c1-6188-4b2f-86cd-6d3514dffe0f,7e35d8df-ad26-48be-9e38-f1bfbdc6b5d0_06edb415-a164-4e66-8ae4-e34ce60f9e06.3f87e8,7e35d8df-ad26-48be-9e38-f1bfbdc6b5d0_06edb415-a164-4e66-8ae4-e34ce60f9e06.3f87e8,set-location-mode-success,execute-event,Sleep,DEVICE_EVENT,2023-05-19T05:21:09.835654045Z
43,eac051c1-6188-4b2f-86cd-6d3514dffe0f,eac051c1-6188-4b2f-86cd-6d3514dffe0f,7a38ca09-a9be-4c5f-abeb-f158ec8696a2.13a1f2,7a38ca09-a9be-4c5f-abeb-f158ec8696a2.13a1f2,set-location-mode-success,execute-event,Home,TIMER_EVENT,2023-05-18T14:45:02.519074528Z
44,eac051c1-6188-4b2f-86cd-6d3514dffe0f,eac051c1-6188-4b2f-86cd-6d3514dffe0f,13f54afd-e555-43db-83e3-180b7da339a5.3927dc,13f54afd-e555-43db-83e3-180b7da339a5.3927dc,set-location-mode-success,execute-event,One sleeping one awake,DEVICE_EVENT,2023-05-18T11:01:52.317512457Z
45,eac051c1-6188-4b2f-86cd-6d3514dffe0f,eac051c1-6188-4b2f-86cd-6d3514dffe0f,d983410e-aa3f-4613-a510-d89cd4ccb809_29d5b057-9dc2-42a7-9240-64052c4f5308.cbfbb1,d983410e-aa3f-4613-a510-d89cd4ccb809_29d5b057-9dc2-42a7-9240-64052c4f5308.cbfbb1,set-location-mode-success,execute-event,Sleep,DEVICE_EVENT,2023-05-18T04:40:30.285575812Z
46,eac051c1-6188-4b2f-86cd-6d3514dffe0f,eac051c1-6188-4b2f-86cd-6d3514dffe0f,4a94828c-b252-41fb-a0ab-3d49b3afe450.6fdefa,4a94828c-b252-41fb-a0ab-3d49b3afe450.6fdefa,set-location-mode-success,execute-event,Home,TIMER_EVENT,2023-05-17T14:45:02.437492515Z
47,eac051c1-6188-4b2f-86cd-6d3514dffe0f,eac051c1-6188-4b2f-86cd-6d3514dffe0f,61c3e9df-b427-4f2e-988a-d276c95b8228.1b6d59,61c3e9df-b427-4f2e-988a-d276c95b8228.1b6d59,set-location-mode-success,execute-event,One sleeping one awake,DEVICE_EVENT,2023-05-17T12:18:06.890285171Z
48,eac051c1-6188-4b2f-86cd-6d3514dffe0f,eac051c1-6188-4b2f-86cd-6d3514dffe0f,112503ce-552c-41b0-9462-9489019c1cae_3b73a7d1-bfd0-4cb8-a6fd-9057a6655436.066b8d,112503ce-552c-41b0-9462-9489019c1cae_3b73a7d1-bfd0-4cb8-a6fd-9057a6655436.066b8d,set-location-mode-success,execute-event,Sleep,DEVICE_EVENT,2023-05-16T04:19:20.678599901Z
49,eac051c1-6188-4b2f-86cd-6d3514dffe0f,eac051c1-6188-4b2f-86cd-6d3514dffe0f,1d922bfe-7599-424e-a5a5-a8075af5c3d9.3ed835,1d922bfe-7599-424e-a5a5-a8075af5c3d9.3ed835,set-location-mode-success,execute-event,Away,DEVICE_EVENT,2023-05-15T16:09:30.556669235Z
50,eac051c1-6188-4b2f-86cd-6d3514dffe0f,eac051c1-6188-4b2f-86cd-6d3514dffe0f,43e81857-9a95-47d8-a2f2-bce9578bea85.28f383,43e81857-9a95-47d8-a2f2-bce9578bea85.28f383,set-location-mode-success,execute-event,Home,TIMER_EVENT,2023-05-15T14:45:02.220378565Z
51,eac051c1-6188-4b2f-86cd-6d3514dffe0f,eac051c1-6188-4b2f-86cd-6d3514dffe0f,205a2cb0-05e6-402c-8d3b-6364a4c58319.60cec9,205a2cb0-05e6-402c-8d3b-6364a4c58319.60cec9,set-location-mode-success,execute-event,One sleeping one awake,DEVICE_EVENT,2023-05-15T11:54:30.873959672Z
52,eac051c1-6188-4b2f-86cd-6d3514dffe0f,eac051c1-6188-4b2f-86cd-6d3514dffe0f,88aa6561-8bc8-4dbd-86c6-67955a1f545c_ab6b4117-574a-4cf9-95a6-67454ae968c7.29fa4e,88aa6561-8bc8-4dbd-86c6-67955a1f545c_ab6b4117-574a-4cf9-95a6-67454ae968c7.29fa4e,set-location-mode-success,execute-event,Sleep,DEVICE_EVENT,2023-05-15T04:46:33.744079585Z
53,eac051c1-6188-4b2f-86cd-6d3514dffe0f,eac051c1-6188-4b2f-86cd-6d3514dffe0f,24bd32aa-85dd-4d10-b7e6-ed733dab4ba2.bdf656,24bd32aa-85dd-4d10-b7e6-ed733dab4ba2.bdf656,set-location-mode-success,execute-event,Home,DEVICE_EVENT,2023-05-15T00:52:58.394426859Z
54,eac051c1-6188-4b2f-86cd-6d3514dffe0f,eac051c1-6188-4b2f-86cd-6d3514dffe0f,ad0efb15-4a47-41e5-abdf-a21625383ce2.b81d08,ad0efb15-4a47-41e5-abdf-a21625383ce2.b81d08,set-location-mode-success,execute-event,Away,DEVICE_EVENT,2023-05-14T18:29:00.478365521Z
55,eac051c1-6188-4b2f-86cd-6d3514dffe0f,eac051c1-6188-4b2f-86cd-6d3514dffe0f,67917bf3-911a-4619-94fe-8cba2007c7f1.f62b51,67917bf3-911a-4619-94fe-8cba2007c7f1.f62b51,set-location-mode-success,execute-event,Home,DEVICE_EVENT,2023-05-14T18:22:32.931650657Z
56,eac051c1-6188-4b2f-86cd-6d3514dffe0f,eac051c1-6188-4b2f-86cd-6d3514dffe0f,825cd6ae-28cc-4871-8739-f055bf478795.70d033,825cd6ae-28cc-4871-8739-f055bf478795.70d033,set-location-mode-success,execute-event,Away,DEVICE_EVENT,2023-05-14T18:18:49.853165367Z
57,eac051c1-6188-4b2f-86cd-6d3514dffe0f,eac051c1-6188-4b2f-86cd-6d3514dffe0f,692b2ade-1d88-4864-842a-5c5d4fa16b36.9f1faf,692b2ade-1d88-4864-842a-5c5d4fa16b36.9f1faf,set-location-mode-success,execute-event,Home,TIMER_EVENT,2023-05-14T14:45:02.89783649Z
58,eac051c1-6188-4b2f-86cd-6d3514dffe0f,eac051c1-6188-4b2f-86cd-6d3514dffe0f,540fd386-5ffd-438d-80f4-b6b258ce62ce.b9c413,540fd386-5ffd-438d-80f4-b6b258ce62ce.b9c413,set-location-mode-success,execute-event,One sleeping one awake,DEVICE_EVENT,2023-05-14T13:09:16.069414657Z
59,eac051c1-6188-4b2f-86cd-6d3514dffe0f,eac051c1-6188-4b2f-86cd-6d3514dffe0f,a68182d7-f4f8-47bc-a875-f72efadc2a76_de071e3d-b17c-4d5a-9672-ccfb2267368d.df4cb2,a68182d7-f4f8-47bc-a875-f72efadc2a76_de071e3d-b17c-4d5a-9672-ccfb2267368d.df4cb2,set-location-mode-success,execute-event,Sleep,DEVICE_EVENT,2023-05-14T06:28:21.757522851Z
60,eac051c1-6188-4b2f-86cd-6d3514dffe0f,eac051c1-6188-4b2f-86cd-6d3514dffe0f,ee465cc9-9d3a-4401-98e7-f4afa5122c34.b5a929,ee465cc9-9d3a-4401-98e7-f4afa5122c34.b5a929,set-location-mode-success,execute-event,Home,TIMER_EVENT,2023-05-13T14:45:02.105297893Z
61,eac051c1-6188-4b2f-86cd-6d3514dffe0f,eac051c1-6188-4b2f-86cd-6d3514dffe0f,8b10c1ea-8070-4cc4-b9c2-a15587c4abbb.5b19d2,8b10c1ea-8070-4cc4-b9c2-a15587c4abbb.5b19d2,set-location-mode-success,execute-event,One sleeping one awake,DEVICE_EVENT,2023-05-13T13:29:47.142288898Z
62,eac051c1-6188-4b2f-86cd-6d3514dffe0f,eac051c1-6188-4b2f-86cd-6d3514dffe0f,b022633f-6ce0-457c-b375-547f0017ddae_d51092cc-0c95-4de1-9468-366570131b17.b1a760,b022633f-6ce0-457c-b375-547f0017ddae_d51092cc-0c95-4de1-9468-366570131b17.b1a760,set-location-mode-success,execute-event,Sleep,DEVICE_EVENT,2023-05-13T08:13:39.865783643Z
63,eac051c1-6188-4b2f-86cd-6d3514dffe0f,eac051c1-6188-4b2f-86cd-6d3514dffe0f,a9e823d9-b8a0-440c-8c36-316a1277c512_d76731e1-68b6-48db-b2f9-9741742d3165.fdfbba,a9e823d9-b8a0-440c-8c36-316a1277c512_d76731e1-68b6-48db-b2f9-9741742d3165.fdfbba,set-location-mode-success,execute-event,One sleeping one awake,DEVICE_EVENT,2023-05-13T07:59:54.780871969Z
64,eac051c1-6188-4b2f-86cd-6d3514dffe0f,eac051c1-6188-4b2f-86cd-6d3514dffe0f,e73d9632-1750-4bff-9146-042410dc6de6.da300b,e73d9632-1750-4bff-9146-042410dc6de6.da300b,set-location-mode-success,execute-event,Away,DEVICE_EVENT,2023-05-12T21:49:59.379873356Z
65,eac051c1-6188-4b2f-86cd-6d3514dffe0f,eac051c1-6188-4b2f-86cd-6d3514dffe0f,5e62a99b-cb8f-4053-8e55-0b54ad097e20.d8c9b8,5e62a99b-cb8f-4053-8e55-0b54ad097e20.d8c9b8,set-location-mode-success,execute-event,Home,TIMER_EVENT,2023-05-12T14:45:02.700173701Z
66,eac051c1-6188-4b2f-86cd-6d3514dffe0f,eac051c1-6188-4b2f-86cd-6d3514dffe0f,556a69c6-0056-45de-b1bf-0ed83d360681.a5f5f7,556a69c6-0056-45de-b1bf-0ed83d360681.a5f5f7,set-location-mode-success,execute-event,One sleeping one awake,DEVICE_EVENT,2023-05-12T12:39:37.338535582Z
67,eac051c1-6188-4b2f-86cd-6d3514dffe0f,eac051c1-6188-4b2f-86cd-6d3514dffe0f,0bf09f78-9e90-4dd4-a7a1-d0604cefbb76_4c89cf94-bcd9-4d1a-976d-46ee6c2e3b32.004d01,0bf09f78-9e90-4dd4-a7a1-d0604cefbb76_4c89cf94-bcd9-4d1a-976d-46ee6c2e3b32.004d01,set-location-mode-success,execute-event,Sleep,DEVICE_EVENT,2023-05-12T05:00:05.89518881Z
68,eac051c1-6188-4b2f-86cd-6d3514dffe0f,eac051c1-6188-4b2f-86cd-6d3514dffe0f,0bfdcd89-963e-40ae-af15-95c29647e632.4cb6c7,0bfdcd89-963e-40ae-af15-95c29647e632.4cb6c7,set-location-mode-success,execute-event,Home,DEVICE_EVENT,2023-05-11T23:08:53.288199493Z
69,eac051c1-6188-4b2f-86cd-6d3514dffe0f,eac051c1-6188-4b2f-86cd-6d3514dffe0f,9000d40d-8564-4e42-807a-80662d7b72f4.3785d0,9000d40d-8564-4e42-807a-80662d7b72f4.3785d0,set-location-mode-success,execute-event,Away,DEVICE_EVENT,2023-05-11T21:31:30.245777473Z
70,eac051c1-6188-4b2f-86cd-6d3514dffe0f,eac051c1-6188-4b2f-86cd-6d3514dffe0f,0cc4aa39-b648-42e1-b6b9-b64f2e4685a0.dfb763,0cc4aa39-b648-42e1-b6b9-b64f2e4685a0.dfb763,set-location-mode-success,execute-event,Home,DEVICE_EVENT,2023-05-11T19:02:09.079530996Z
71,02426c4e-bea7-428b-866a-42c90585e452,02426c4e-bea7-428b-866a-42c90585e452,f2b409be-dc16-40c0-91af-2a32fa28cc34.9f6617,f2b409be-dc16-40c0-91af-2a32fa28cc34.9f6617,set-location-mode-success,execute-event,Home,DEVICE_EVENT,2023-05-25T14:10:17.259364734Z
72,02426c4e-bea7-428b-866a-42c90585e452,02426c4e-bea7-428b-866a-42c90585e452,f2b409be-dc16-40c0-91af-2a32fa28cc34.7fb364,f2b409be-dc16-40c0-91af-2a32fa28cc34.7fb364,set-location-mode-success,execute-event,Home,DEVICE_EVENT,2023-05-25T14:10:17.257212832Z
73,02426c4e-bea7-428b-866a-42c90585e452,02426c4e-bea7-428b-866a-42c90585e452,9a8a71f7-3c18-49ca-9d04-4dfe54c99015.a7499e,9a8a71f7-3c18-49ca-9d04-4dfe54c99015.a7499e,set-location-mode-success,execute-event,Disarm,TIMER_EVENT,2023-05-25T12:00:00.301236867Z
74,02426c4e-bea7-428b-866a-42c90585e452,02426c4e-bea7-428b-866a-42c90585e452,dc75c9a5-d5ea-4262-8bbd-0fa52b1d88e3.f5a255,dc75c9a5-d5ea-4262-8bbd-0fa52b1d88e3.f5a255,set-location-mode-success,execute-event,Home,DEVICE_EVENT,2023-05-24T13:15:26.933377816Z
75,02426c4e-bea7-428b-866a-42c90585e452,02426c4e-bea7-428b-866a-42c90585e452,dc75c9a5-d5ea-4262-8bbd-0fa52b1d88e3.74f51d,dc75c9a5-d5ea-4262-8bbd-0fa52b1d88e3.74f51d,set-location-mode-success,execute-event,Home,DEVICE_EVENT,2023-05-24T13:15:26.928999679Z
76,02426c4e-bea7-428b-866a-42c90585e452,02426c4e-bea7-428b-866a-42c90585e452,82adf5ab-5292-4807-8229-e460c3dfa38c.01eda4,82adf5ab-5292-4807-8229-e460c3dfa38c.01eda4,set-location-mode-success,execute-event,Disarm,TIMER_EVENT,2023-05-24T12:00:00.122908409Z
77,02426c4e-bea7-428b-866a-42c90585e452,02426c4e-bea7-428b-866a-42c90585e452,4c60cf39-03a8-4e1d-aebf-55485e391e8d.18dd57,4c60cf39-03a8-4e1d-aebf-55485e391e8d.18dd57,set-location-mode-success,execute-event,Home,DEVICE_EVENT,2023-05-23T12:55:31.501377743Z
78,02426c4e-bea7-428b-866a-42c90585e452,02426c4e-bea7-428b-866a-42c90585e452,4c60cf39-03a8-4e1d-aebf-55485e391e8d.07ad54,4c60cf39-03a8-4e1d-aebf-55485e391e8d.07ad54,set-location-mode-success,execute-event,Home,DEVICE_EVENT,2023-05-23T12:55:31.49877529Z
79,02426c4e-bea7-428b-866a-42c90585e452,02426c4e-bea7-428b-866a-42c90585e452,098163e9-be9d-4bdc-823a-29f74c7cf52a.e56a96,098163e9-be9d-4bdc-823a-29f74c7cf52a.e56a96,set-location-mode-success,execute-event,Disarm,TIMER_EVENT,2023-05-23T12:00:00.463063934Z
80,02426c4e-bea7-428b-866a-42c90585e452,02426c4e-bea7-428b-866a-42c90585e452,1f99f62b-19d2-4b62-a1f2-a130016ee6ed.b19c35,1f99f62b-19d2-4b62-a1f2-a130016ee6ed.b19c35,set-location-mode-success,execute-event,Home,DEVICE_EVENT,2023-05-22T14:25:11.8135584Z
81,02426c4e-bea7-428b-866a-42c90585e452,02426c4e-bea7-428b-866a-42c90585e452,1f99f62b-19d2-4b62-a1f2-a130016ee6ed.880b16,1f99f62b-19d2-4b62-a1f2-a130016ee6ed.880b16,set-location-mode-success,execute-event,Home,DEVICE_EVENT,2023-05-22T14:25:11.807366241Z
82,02426c4e-bea7-428b-866a-42c90585e452,02426c4e-bea7-428b-866a-42c90585e452,69d7f69f-b283-4bcd-a507-172e75ed11d3.1a9610,69d7f69f-b283-4bcd-a507-172e75ed11d3.1a9610,set-location-mode-success,execute-event,Disarm,TIMER_EVENT,2023-05-22T12:00:00.140200614Z
83,02426c4e-bea7-428b-866a-42c90585e452,02426c4e-bea7-428b-866a-42c90585e452,f9404179-4dd6-45bc-b5c3-ab0ff4fd19be.4f691f,f9404179-4dd6-45bc-b5c3-ab0ff4fd19be.4f691f,set-location-mode-success,execute-event,Home,DEVICE_EVENT,2023-05-21T13:59:44.604648376Z
84,02426c4e-bea7-428b-866a-42c90585e452,02426c4e-bea7-428b-866a-42c90585e452,f9404179-4dd6-45bc-b5c3-ab0ff4fd19be.8b003d,f9404179-4dd6-45bc-b5c3-ab0ff4fd19be.8b003d,set-location-mode-success,execute-event,Home,DEVICE_EVENT,2023-05-21T13:59:44.602407039Z
85,02426c4e-bea7-428b-866a-42c90585e452,02426c4e-bea7-428b-866a-42c90585e452,57d8f528-934f-4a5f-8958-c74bc11988bb.aa72d7,57d8f528-934f-4a5f-8958-c74bc11988bb.aa72d7,set-location-mode-success,execute-event,Disarm,TIMER_EVENT,2023-05-21T12:00:00.179059914Z
86,02426c4e-bea7-428b-866a-42c90585e452,02426c4e-bea7-428b-866a-42c90585e452,c9138bf9-b090-4fe5-8a3f-8c4a976e97f0.769770,c9138bf9-b090-4fe5-8a3f-8c4a976e97f0.769770,set-location-mode-success,execute-event,Home,DEVICE_EVENT,2023-05-20T14:11:13.273695141Z
87,02426c4e-bea7-428b-866a-42c90585e452,02426c4e-bea7-428b-866a-42c90585e452,c9138bf9-b090-4fe5-8a3f-8c4a976e97f0.c9b5f4,c9138bf9-b090-4fe5-8a3f-8c4a976e97f0.c9b5f4,set-location-mode-success,execute-event,Home,DEVICE_EVENT,2023-05-20T14:11:13.272859305Z
88,02426c4e-bea7-428b-866a-42c90585e452,02426c4e-bea7-428b-866a-42c90585e452,7d34eaea-5c67-425a-bfeb-732187c587f7.6e18f4,7d34eaea-5c67-425a-bfeb-732187c587f7.6e18f4,set-location-mode-success,execute-event,Home,DEVICE_EVENT,2023-05-18T13:15:43.039825516Z
89,02426c4e-bea7-428b-866a-42c90585e452,02426c4e-bea7-428b-866a-42c90585e452,7d34eaea-5c67-425a-bfeb-732187c587f7.0af7da,7d34eaea-5c67-425a-bfeb-732187c587f7.0af7da,set-location-mode-success,execute-event,Home,DEVICE_EVENT,2023-05-18T13:15:43.038861732Z
90,02426c4e-bea7-428b-866a-42c90585e452,02426c4e-bea7-428b-866a-42c90585e452,89f0b8f7-2ad4-422c-a797-14578acc5eed.646972,89f0b8f7-2ad4-422c-a797-14578acc5eed.646972,set-location-mode-success,execute-event,Disarm,TIMER_EVENT,2023-05-18T12:00:00.53065501Z
91,02426c4e-bea7-428b-866a-42c90585e452,02426c4e-bea7-428b-866a-42c90585e452,89f0ed31-1bc4-4dc6-914f-0d4d11e49b97.04c735,89f0ed31-1bc4-4dc6-914f-0d4d11e49b97.04c735,set-location-mode-success,execute-event,Home,DEVICE_EVENT,2023-05-17T13:11:00.897120855Z
92,02426c4e-bea7-428b-866a-42c90585e452,02426c4e-bea7-428b-866a-42c90585e452,89f0ed31-1bc4-4dc6-914f-0d4d11e49b97.88df99,89f0ed31-1bc4-4dc6-914f-0d4d11e49b97.88df99,set-location-mode-success,execute-event,Home,DEVICE_EVENT,2023-05-17T13:11:00.895550441Z
93,02426c4e-bea7-428b-866a-42c90585e452,02426c4e-bea7-428b-866a-42c90585e452,d157f63c-ea12-4a58-9564-ff3fa4022bdf.ac4b78,d157f63c-ea12-4a58-9564-ff3fa4022bdf.ac4b78,set-location-mode-success,execute-event,Disarm,TIMER_EVENT,2023-05-17T12:00:00.216908381Z
94,02426c4e-bea7-428b-866a-42c90585e452,02426c4e-bea7-428b-866a-42c90585e452,256e6e4b-b65b-4d51-8113-1df00a1c3770.bc1967,256e6e4b-b65b-4d51-8113-1df00a1c3770.bc1967,set-location-mode-success,execute-event,Home,DEVICE_EVENT,2023-05-16T12:47:07.173893114Z
95,02426c4e-bea7-428b-866a-42c90585e452,02426c4e-bea7-428b-866a-42c90585e452,2b517fb3-f7d9-476e-920a-c6e1b6e2cbed.6118c9,2b517fb3-f7d9-476e-920a-c6e1b6e2cbed.6118c9,set-location-mode-success,execute-event,Disarm,TIMER_EVENT,2023-05-16T12:00:00.553018336Z
96,02426c4e-bea7-428b-866a-42c90585e452,02426c4e-bea7-428b-866a-42c90585e452,9c44e3bd-1a84-4687-aa25-52021aeb54b5.eb7246,9c44e3bd-1a84-4687-aa25-52021aeb54b5.eb7246,set-location-mode-success,execute-event,Home,DEVICE_EVENT,2023-05-15T14:07:19.346586931Z
97,02426c4e-bea7-428b-866a-42c90585e452,02426c4e-bea7-428b-866a-42c90585e452,9c44e3bd-1a84-4687-aa25-52021aeb54b5.0c88ee,9c44e3bd-1a84-4687-aa25-52021aeb54b5.0c88ee,set-location-mode-success,execute-event,Home,DEVICE_EVENT,2023-05-15T14:07:19.344834098Z
98,02426c4e-bea7-428b-866a-42c90585e452,02426c4e-bea7-428b-866a-42c90585e452,a7abb8d1-1a61-4f1e-bb16-2df6194d363e.c4c739,a7abb8d1-1a61-4f1e-bb16-2df6194d363e.c4c739,set-location-mode-success,execute-event,Disarm,TIMER_EVENT,2023-05-15T12:00:00.286733704Z
99,02426c4e-bea7-428b-866a-42c90585e452,02426c4e-bea7-428b-866a-42c90585e452,60cfe75b-1b1c-47eb-9110-409d27ea3ae7.02720f,60cfe75b-1b1c-47eb-9110-409d27ea3ae7.02720f,set-location-mode-success,execute-event,Home,DEVICE_EVENT,2023-05-14T14:00:04.631698526Z
100,02426c4e-bea7-428b-866a-42c90585e452,02426c4e-bea7-428b-866a-42c90585e452,60cfe75b-1b1c-47eb-9110-409d27ea3ae7.3e1f7e,60cfe75b-1b1c-47eb-9110-409d27ea3ae7.3e1f7e,set-location-mode-success,execute-event,Home,DEVICE_EVENT,2023-05-14T14:00:04.597590853Z
101,02426c4e-bea7-428b-866a-42c90585e452,02426c4e-bea7-428b-866a-42c90585e452,bc67d919-245e-465f-b6e8-542a96697b49.3749d2,bc67d919-245e-465f-b6e8-542a96697b49.3749d2,set-location-mode-success,execute-event,Disarm,TIMER_EVENT,2023-05-14T12:00:00.095610675Z
102,02426c4e-bea7-428b-866a-42c90585e452,02426c4e-bea7-428b-866a-42c90585e452,bfe0070d-e328-4b5c-abeb-4ba2a189c52e.4ce298,bfe0070d-e328-4b5c-abeb-4ba2a189c52e.4ce298,set-location-mode-success,execute-event,Home,DEVICE_EVENT,2023-05-13T15:02:22.423980212Z
103,02426c4e-bea7-428b-866a-42c90585e452,02426c4e-bea7-428b-866a-42c90585e452,ee994e09-3091-4bef-8520-838faec238de.cdca50,ee994e09-3091-4bef-8520-838faec238de.cdca50,set-location-mode-success,execute-event,Disarm,TIMER_EVENT,2023-05-13T12:00:00.188195538Z
104,02426c4e-bea7-428b-866a-42c90585e452,02426c4e-bea7-428b-866a-42c90585e452,5e948150-1b44-47bc-9605-fa83348b34a4.debb03,5e948150-1b44-47bc-9605-fa83348b34a4.debb03,set-location-mode-success,execute-event,Home,DEVICE_EVENT,2023-05-12T13:11:27.555795514Z
105,02426c4e-bea7-428b-866a-42c90585e452,02426c4e-bea7-428b-866a-42c90585e452,5e948150-1b44-47bc-9605-fa83348b34a4.857d6d,5e948150-1b44-47bc-9605-fa83348b34a4.857d6d,set-location-mode-success,execute-event,Home,DEVICE_EVENT,2023-05-12T13:11:27.551210003Z
1,f17b6b01-fe68-4167-8e52-ee79ee223e68,f17b6b01-fe68-4167-8e52-ee79ee223e68,22be86f4-2801-411d-9820-8660a4137eef.24c086,22be86f4-2801-411d-9820-8660a4137eef.24c086,set-location-mode-success,execute-event,Night,TIMER_EVENT,2023-05-11T05:00:05.234508819Z
2,f17b6b01-fe68-4167-8e52-ee79ee223e68,f17b6b01-fe68-4167-8e52-ee79ee223e68,d6bf61be-5b99-42e5-b651-73fe9a289ba9.b07e37,d6bf61be-5b99-42e5-b651-73fe9a289ba9.b07e37,set-location-mode-success,execute-event,Home,TIMER_EVENT,2023-05-10T10:00:08.17049959Z
3,f17b6b01-fe68-4167-8e52-ee79ee223e68,f17b6b01-fe68-4167-8e52-ee79ee223e68,2e182ab9-8b0f-4c2c-8a3a-38fd300975c2.0b01db,2e182ab9-8b0f-4c2c-8a3a-38fd300975c2.0b01db,set-location-mode-success,execute-event,Night,TIMER_EVENT,2023-05-10T05:00:05.273785878Z
4,f17b6b01-fe68-4167-8e52-ee79ee223e68,f17b6b01-fe68-4167-8e52-ee79ee223e68,dbdf9610-2e84-4849-b0d8-77d022985a39.f68a35,dbdf9610-2e84-4849-b0d8-77d022985a39.f68a35,set-location-mode-success,execute-event,Home,TIMER_EVENT,2023-05-09T10:00:08.735919082Z
5,f17b6b01-fe68-4167-8e52-ee79ee223e68,f17b6b01-fe68-4167-8e52-ee79ee223e68,7ac1c2d0-587d-4d87-a29b-e67be684064e.3b0ce7,7ac1c2d0-587d-4d87-a29b-e67be684064e.3b0ce7,set-location-mode-success,execute-event,Night,TIMER_EVENT,2023-05-09T05:00:06.134735839Z
6,f17b6b01-fe68-4167-8e52-ee79ee223e68,f17b6b01-fe68-4167-8e52-ee79ee223e68,34029885-38a2-4d75-8b8a-10eee445a1c7.c8a16b,34029885-38a2-4d75-8b8a-10eee445a1c7.c8a16b,set-location-mode-success,execute-event,Home,TIMER_EVENT,2023-05-08T10:00:07.213764719Z
7,f17b6b01-fe68-4167-8e52-ee79ee223e68,f17b6b01-fe68-4167-8e52-ee79ee223e68,bf5a784c-f81d-419d-ac1a-02466901d477.068e7b,bf5a784c-f81d-419d-ac1a-02466901d477.068e7b,set-location-mode-success,execute-event,Night,TIMER_EVENT,2023-05-08T05:00:05.500772875Z
8,f17b6b01-fe68-4167-8e52-ee79ee223e68,f17b6b01-fe68-4167-8e52-ee79ee223e68,0904bc83-3267-4872-a31f-faa3bb308477.e9b37b,0904bc83-3267-4872-a31f-faa3bb308477.e9b37b,set-location-mode-success,execute-event,Home,TIMER_EVENT,2023-05-07T10:00:06.63102035Z
9,f17b6b01-fe68-4167-8e52-ee79ee223e68,f17b6b01-fe68-4167-8e52-ee79ee223e68,8ce86179-8d22-4447-8612-30bab7ec19b8.420425,8ce86179-8d22-4447-8612-30bab7ec19b8.420425,set-location-mode-success,execute-event,Night,TIMER_EVENT,2023-05-07T05:00:06.496228503Z
10,f17b6b01-fe68-4167-8e52-ee79ee223e68,f17b6b01-fe68-4167-8e52-ee79ee223e68,dd47361e-b4e7-423b-994c-f06c2678add2.59027e,dd47361e-b4e7-423b-994c-f06c2678add2.59027e,set-location-mode-success,execute-event,Home,TIMER_EVENT,2023-05-06T10:00:06.31730536Z
11,f17b6b01-fe68-4167-8e52-ee79ee223e68,f17b6b01-fe68-4167-8e52-ee79ee223e68,cf4b231e-e917-40f9-9807-91a13ba04453.680a11,cf4b231e-e917-40f9-9807-91a13ba04453.680a11,set-location-mode-success,execute-event,Night,TIMER_EVENT,2023-05-06T05:00:05.53694606Z
12,f17b6b01-fe68-4167-8e52-ee79ee223e68,f17b6b01-fe68-4167-8e52-ee79ee223e68,4de66433-6f9e-48f3-ae48-23a869dcd021.99c27d,4de66433-6f9e-48f3-ae48-23a869dcd021.99c27d,set-location-mode-success,execute-event,Home,TIMER_EVENT,2023-05-05T10:00:06.825000026Z
13,f17b6b01-fe68-4167-8e52-ee79ee223e68,f17b6b01-fe68-4167-8e52-ee79ee223e68,0d12fc59-b99d-4802-a685-9323708c2ccf.381375,0d12fc59-b99d-4802-a685-9323708c2ccf.381375,set-location-mode-success,execute-event,Night,TIMER_EVENT,2023-05-05T05:00:04.968363327Z
14,f17b6b01-fe68-4167-8e52-ee79ee223e68,f17b6b01-fe68-4167-8e52-ee79ee223e68,2c3f84f1-646f-46df-a77e-e1cfe5f681a8.fdfcf7,2c3f84f1-646f-46df-a77e-e1cfe5f681a8.fdfcf7,set-location-mode-success,execute-event,Home,TIMER_EVENT,2023-05-04T10:00:07.455224492Z
15,f17b6b01-fe68-4167-8e52-ee79ee223e68,f17b6b01-fe68-4167-8e52-ee79ee223e68,cce19256-0ac3-4c51-b98b-ccc7c91d546e.151a50,cce19256-0ac3-4c51-b98b-ccc7c91d546e.151a50,set-location-mode-success,execute-event,Night,TIMER_EVENT,2023-05-04T05:00:06.240679565Z
16,f17b6b01-fe68-4167-8e52-ee79ee223e68,f17b6b01-fe68-4167-8e52-ee79ee223e68,4bdd094c-8eab-4240-8037-871df01bf2e6.9d8ee8,4bdd094c-8eab-4240-8037-871df01bf2e6.9d8ee8,set-location-mode-success,execute-event,Home,TIMER_EVENT,2023-05-03T10:00:06.521852873Z
17,f17b6b01-fe68-4167-8e52-ee79ee223e68,f17b6b01-fe68-4167-8e52-ee79ee223e68,7302fa95-17d2-4a9b-8d62-8601cb72bd58.2f05aa,7302fa95-17d2-4a9b-8d62-8601cb72bd58.2f05aa,set-location-mode-success,execute-event,Night,TIMER_EVENT,2023-05-03T05:00:06.64978108Z
18,f17b6b01-fe68-4167-8e52-ee79ee223e68,f17b6b01-fe68-4167-8e52-ee79ee223e68,a9734a26-0391-4afd-9af2-d98ae324e018.01f2e8,a9734a26-0391-4afd-9af2-d98ae324e018.01f2e8,set-location-mode-success,execute-event,Home,TIMER_EVENT,2023-05-02T10:00:08.07868078Z
19,f17b6b01-fe68-4167-8e52-ee79ee223e68,f17b6b01-fe68-4167-8e52-ee79ee223e68,a22d653c-e129-4c69-9307-59dc72932d8c.cc1bb9,a22d653c-e129-4c69-9307-59dc72932d8c.cc1bb9,set-location-mode-success,execute-event,Night,TIMER_EVENT,2023-05-02T05:00:05.666583304Z
20,f17b6b01-fe68-4167-8e52-ee79ee223e68,f17b6b01-fe68-4167-8e52-ee79ee223e68,af7d2a7f-5b2c-41dc-994e-027148f5a5cb.385e8b,af7d2a7f-5b2c-41dc-994e-027148f5a5cb.385e8b,set-location-mode-success,execute-event,Home,TIMER_EVENT,2023-05-01T10:00:06.235830459Z
21,f17b6b01-fe68-4167-8e52-ee79ee223e68,f17b6b01-fe68-4167-8e52-ee79ee223e68,73f22e3f-8b21-4ee4-abb9-95eaeb29d0d2.efa932,73f22e3f-8b21-4ee4-abb9-95eaeb29d0d2.efa932,set-location-mode-success,execute-event,Night,TIMER_EVENT,2023-05-01T05:00:05.026842249Z
22,f17b6b01-fe68-4167-8e52-ee79ee223e68,f17b6b01-fe68-4167-8e52-ee79ee223e68,a5708098-91bc-4863-832a-c7dba3e1d1c8.fa8b8c,a5708098-91bc-4863-832a-c7dba3e1d1c8.fa8b8c,set-location-mode-success,execute-event,Home,TIMER_EVENT,2023-04-30T10:00:06.788758077Z
23,f17b6b01-fe68-4167-8e52-ee79ee223e68,f17b6b01-fe68-4167-8e52-ee79ee223e68,a10997c5-b4ba-4538-8845-6641c87f6de5.7b57ae,a10997c5-b4ba-4538-8845-6641c87f6de5.7b57ae,set-location-mode-success,execute-event,Night,TIMER_EVENT,2023-04-30T05:00:06.043667768Z
24,f17b6b01-fe68-4167-8e52-ee79ee223e68,f17b6b01-fe68-4167-8e52-ee79ee223e68,475cccd4-b2a7-473e-8c4b-c306f69d4450.443d89,475cccd4-b2a7-473e-8c4b-c306f69d4450.443d89,set-location-mode-success,execute-event,Home,TIMER_EVENT,2023-04-29T10:00:07.143984553Z
25,f17b6b01-fe68-4167-8e52-ee79ee223e68,f17b6b01-fe68-4167-8e52-ee79ee223e68,7e5f2d4e-9682-49a3-821e-66c7e20ba1ea.0bff7e,7e5f2d4e-9682-49a3-821e-66c7e20ba1ea.0bff7e,set-location-mode-success,execute-event,Night,TIMER_EVENT,2023-04-29T05:00:05.523961857Z
26,f17b6b01-fe68-4167-8e52-ee79ee223e68,f17b6b01-fe68-4167-8e52-ee79ee223e68,0086e8e2-fb1a-4aeb-84fc-c856aa3b5f83.bf4bff,0086e8e2-fb1a-4aeb-84fc-c856aa3b5f83.bf4bff,set-location-mode-success,execute-event,Home,TIMER_EVENT,2023-04-28T10:00:07.97933944Z
27,f17b6b01-fe68-4167-8e52-ee79ee223e68,f17b6b01-fe68-4167-8e52-ee79ee223e68,e97c3b24-c78f-4ee3-bc36-1d7d413de5ff.e8acac,e97c3b24-c78f-4ee3-bc36-1d7d413de5ff.e8acac,set-location-mode-success,execute-event,Night,TIMER_EVENT,2023-04-28T05:00:05.194623285Z
28,f17b6b01-fe68-4167-8e52-ee79ee223e68,f17b6b01-fe68-4167-8e52-ee79ee223e68,c544dd86-511a-4538-a0ee-d8e505d823f3.de22c7,c544dd86-511a-4538-a0ee-d8e505d823f3.de22c7,set-location-mode-success,execute-event,Home,TIMER_EVENT,2023-04-27T10:00:08.64869925Z
29,f17b6b01-fe68-4167-8e52-ee79ee223e68,f17b6b01-fe68-4167-8e52-ee79ee223e68,9af961f0-eb1c-4fdc-bc7e-0a490033fe17.870273,9af961f0-eb1c-4fdc-bc7e-0a490033fe17.870273,set-location-mode-success,execute-event,Night,TIMER_EVENT,2023-04-27T05:00:06.269309524Z
30,eac051c1-6188-4b2f-86cd-6d3514dffe0f,eac051c1-6188-4b2f-86cd-6d3514dffe0f,9e746f15-e7a7-4586-a853-88044c6098b4_35490191-a001-408e-89f2-3ea9354b8eac.9a2425,9e746f15-e7a7-4586-a853-88044c6098b4_35490191-a001-408e-89f2-3ea9354b8eac.9a2425,set-location-mode-success,execute-event,Sleep,DEVICE_EVENT,2023-05-11T04:55:29.365680491Z
31,eac051c1-6188-4b2f-86cd-6d3514dffe0f,eac051c1-6188-4b2f-86cd-6d3514dffe0f,9efe3a91-8832-4b3b-b1f0-c0de09396453.371b34,9efe3a91-8832-4b3b-b1f0-c0de09396453.371b34,set-location-mode-success,execute-event,Home,TIMER_EVENT,2023-05-10T14:45:02.283491197Z
32,eac051c1-6188-4b2f-86cd-6d3514dffe0f,eac051c1-6188-4b2f-86cd-6d3514dffe0f,30b320f6-4961-46ac-ae5c-2e354d07c6b2.66f926,30b320f6-4961-46ac-ae5c-2e354d07c6b2.66f926,set-location-mode-success,execute-event,One sleeping one awake,DEVICE_EVENT,2023-05-10T13:23:06.614259933Z
33,eac051c1-6188-4b2f-86cd-6d3514dffe0f,eac051c1-6188-4b2f-86cd-6d3514dffe0f,c2205029-00ad-40c0-9abb-988f5930592e_29131fd0-3871-4cbb-8eb2-821415dda64b.732013,c2205029-00ad-40c0-9abb-988f5930592e_29131fd0-3871-4cbb-8eb2-821415dda64b.732013,set-location-mode-success,execute-event,Sleep,DEVICE_EVENT,2023-05-10T04:46:58.53745252Z
34,eac051c1-6188-4b2f-86cd-6d3514dffe0f,eac051c1-6188-4b2f-86cd-6d3514dffe0f,1493e060-bf81-4b72-ab5a-ef7809c7f8c4.3d5def,1493e060-bf81-4b72-ab5a-ef7809c7f8c4.3d5def,set-location-mode-success,execute-event,Home,DEVICE_EVENT,2023-05-10T01:15:16.52720699Z
35,eac051c1-6188-4b2f-86cd-6d3514dffe0f,eac051c1-6188-4b2f-86cd-6d3514dffe0f,8733cdba-bd16-4cab-a812-c661a981e93a.8ed604,8733cdba-bd16-4cab-a812-c661a981e93a.8ed604,set-location-mode-success,execute-event,Away,DEVICE_EVENT,2023-05-09T20:30:56.320063986Z
36,eac051c1-6188-4b2f-86cd-6d3514dffe0f,eac051c1-6188-4b2f-86cd-6d3514dffe0f,a89a8c29-aeb9-4e40-86d5-2ce71deec5c9.a00d37,a89a8c29-aeb9-4e40-86d5-2ce71deec5c9.a00d37,set-location-mode-success,execute-event,Home,DEVICE_EVENT,2023-05-09T20:17:43.611937864Z
37,eac051c1-6188-4b2f-86cd-6d3514dffe0f,eac051c1-6188-4b2f-86cd-6d3514dffe0f,a8a893ac-dfa9-45dc-ab98-a484377e110a.67ab88,a8a893ac-dfa9-45dc-ab98-a484377e110a.67ab88,set-location-mode-success,execute-event,Away,DEVICE_EVENT,2023-05-09T18:37:09.043987523Z
38,eac051c1-6188-4b2f-86cd-6d3514dffe0f,eac051c1-6188-4b2f-86cd-6d3514dffe0f,dbd2617a-cc0f-489d-a5bb-4a97e980efa5.90e757,dbd2617a-cc0f-489d-a5bb-4a97e980efa5.90e757,set-location-mode-success,execute-event,Home,TIMER_EVENT,2023-05-09T14:45:02.604644444Z
39,eac051c1-6188-4b2f-86cd-6d3514dffe0f,eac051c1-6188-4b2f-86cd-6d3514dffe0f,88737e97-58e1-4377-aae9-413c633de82c.e1c94c,88737e97-58e1-4377-aae9-413c633de82c.e1c94c,set-location-mode-success,execute-event,One sleeping one awake,DEVICE_EVENT,2023-05-09T12:33:50.465343345Z
40,eac051c1-6188-4b2f-86cd-6d3514dffe0f,eac051c1-6188-4b2f-86cd-6d3514dffe0f,f97f2bc3-f5cc-4a1b-99c7-4fe718d7df73_699e2538-6344-41bc-8433-729ad6cf26dd.3ead26,f97f2bc3-f5cc-4a1b-99c7-4fe718d7df73_699e2538-6344-41bc-8433-729ad6cf26dd.3ead26,set-location-mode-success,execute-event,Sleep,DEVICE_EVENT,2023-05-06T06:39:49.031692835Z
41,eac051c1-6188-4b2f-86cd-6d3514dffe0f,eac051c1-6188-4b2f-86cd-6d3514dffe0f,80762128-c67f-437c-830a-8ded09c53498.8136f1,80762128-c67f-437c-830a-8ded09c53498.8136f1,set-location-mode-success,execute-event,Away,DEVICE_EVENT,2023-05-05T20:41:44.399093988Z
42,eac051c1-6188-4b2f-86cd-6d3514dffe0f,eac051c1-6188-4b2f-86cd-6d3514dffe0f,8ff50ac7-6b8f-4a33-8ce3-5968cc2cdb56.3e54ba,8ff50ac7-6b8f-4a33-8ce3-5968cc2cdb56.3e54ba,set-location-mode-success,execute-event,Home,DEVICE_EVENT,2023-05-05T19:07:55.775771632Z
43,eac051c1-6188-4b2f-86cd-6d3514dffe0f,eac051c1-6188-4b2f-86cd-6d3514dffe0f,0f178299-7339-4c19-b5dd-c351c890860c.30eaa8,0f178299-7339-4c19-b5dd-c351c890860c.30eaa8,set-location-mode-success,execute-event,Away,DEVICE_EVENT,2023-05-05T16:06:10.738701988Z
44,eac051c1-6188-4b2f-86cd-6d3514dffe0f,eac051c1-6188-4b2f-86cd-6d3514dffe0f,f4a7e4f8-bdf2-4489-93f3-f3666708f5d1.8e97b3,f4a7e4f8-bdf2-4489-93f3-f3666708f5d1.8e97b3,set-location-mode-success,execute-event,Home,TIMER_EVENT,2023-05-05T14:45:02.242901753Z
45,eac051c1-6188-4b2f-86cd-6d3514dffe0f,eac051c1-6188-4b2f-86cd-6d3514dffe0f,fa643b96-6820-4433-93af-7f4fbee7c20c.e3dc22,fa643b96-6820-4433-93af-7f4fbee7c20c.e3dc22,set-location-mode-success,execute-event,One sleeping one awake,DEVICE_EVENT,2023-05-05T12:33:56.785644177Z
46,eac051c1-6188-4b2f-86cd-6d3514dffe0f,eac051c1-6188-4b2f-86cd-6d3514dffe0f,9d40ef7d-bd4c-41a3-a593-9b39012906e1_b7d1efc2-1eeb-4a1c-8854-58fcf5537fc1.65ddd2,9d40ef7d-bd4c-41a3-a593-9b39012906e1_b7d1efc2-1eeb-4a1c-8854-58fcf5537fc1.65ddd2,set-location-mode-success,execute-event,Sleep,DEVICE_EVENT,2023-05-05T04:24:08.118249897Z
47,eac051c1-6188-4b2f-86cd-6d3514dffe0f,eac051c1-6188-4b2f-86cd-6d3514dffe0f,d0c24f00-45c6-4520-87b7-842d6261850c.0c89dc,d0c24f00-45c6-4520-87b7-842d6261850c.0c89dc,set-location-mode-success,execute-event,Home,DEVICE_EVENT,2023-05-04T21:25:45.058818232Z
48,eac051c1-6188-4b2f-86cd-6d3514dffe0f,eac051c1-6188-4b2f-86cd-6d3514dffe0f,2de9b632-df5c-4e16-9e1d-89240acd2288.c21e9d,2de9b632-df5c-4e16-9e1d-89240acd2288.c21e9d,set-location-mode-success,execute-event,Away,DEVICE_EVENT,2023-05-04T19:30:18.154772042Z
49,eac051c1-6188-4b2f-86cd-6d3514dffe0f,eac051c1-6188-4b2f-86cd-6d3514dffe0f,ae8d6263-68f1-4d1a-9641-b3fcdf30efa7.8b7ad0,ae8d6263-68f1-4d1a-9641-b3fcdf30efa7.8b7ad0,set-location-mode-success,execute-event,Home,DEVICE_EVENT,2023-05-04T19:30:13.671025236Z
50,eac051c1-6188-4b2f-86cd-6d3514dffe0f,eac051c1-6188-4b2f-86cd-6d3514dffe0f,19a12a69-fd13-4e23-87d7-96bbbf6857a0.9117be,19a12a69-fd13-4e23-87d7-96bbbf6857a0.9117be,set-location-mode-success,execute-event,Away,DEVICE_EVENT,2023-05-04T19:29:56.40197859Z
51,eac051c1-6188-4b2f-86cd-6d3514dffe0f,eac051c1-6188-4b2f-86cd-6d3514dffe0f,2067b86e-9b41-464a-a7a2-c61db9240089.11a3ec,2067b86e-9b41-464a-a7a2-c61db9240089.11a3ec,set-location-mode-success,execute-event,Home,DEVICE_EVENT,2023-05-04T18:20:53.831062275Z
52,eac051c1-6188-4b2f-86cd-6d3514dffe0f,eac051c1-6188-4b2f-86cd-6d3514dffe0f,b58ef721-18e0-4624-9d60-6fe08386bf4e.a81658,b58ef721-18e0-4624-9d60-6fe08386bf4e.a81658,set-location-mode-success,execute-event,Away,DEVICE_EVENT,2023-05-04T15:33:37.844239825Z
53,eac051c1-6188-4b2f-86cd-6d3514dffe0f,eac051c1-6188-4b2f-86cd-6d3514dffe0f,8d692045-642f-4137-89f6-8eecc4cd5e66.146044,8d692045-642f-4137-89f6-8eecc4cd5e66.146044,set-location-mode-success,execute-event,Home,TIMER_EVENT,2023-05-04T14:45:02.896686805Z
54,eac051c1-6188-4b2f-86cd-6d3514dffe0f,eac051c1-6188-4b2f-86cd-6d3514dffe0f,608c08dd-96ae-4e9b-9d45-7615120fcc8a.4a0f9e,608c08dd-96ae-4e9b-9d45-7615120fcc8a.4a0f9e,set-location-mode-success,execute-event,One sleeping one awake,DEVICE_EVENT,2023-05-04T13:32:03.224941193Z
55,eac051c1-6188-4b2f-86cd-6d3514dffe0f,eac051c1-6188-4b2f-86cd-6d3514dffe0f,5f0a38e7-73d5-4cf7-943e-389e6bd289bd_0b27c094-d073-45d0-984f-49659d226337.3dcd63,5f0a38e7-73d5-4cf7-943e-389e6bd289bd_0b27c094-d073-45d0-984f-49659d226337.3dcd63,set-location-mode-success,execute-event,Sleep,DEVICE_EVENT,2023-05-04T04:47:02.609573567Z
56,eac051c1-6188-4b2f-86cd-6d3514dffe0f,eac051c1-6188-4b2f-86cd-6d3514dffe0f,566d7b38-a48d-4586-90cc-262f5ce7da25.261767,566d7b38-a48d-4586-90cc-262f5ce7da25.261767,set-location-mode-success,execute-event,Home,DEVICE_EVENT,2023-05-04T00:28:42.521146247Z
57,eac051c1-6188-4b2f-86cd-6d3514dffe0f,eac051c1-6188-4b2f-86cd-6d3514dffe0f,2afdc191-8153-47fb-bd01-86699deafaca.5fe8d2,2afdc191-8153-47fb-bd01-86699deafaca.5fe8d2,set-location-mode-success,execute-event,Away,DEVICE_EVENT,2023-05-03T22:38:04.343258619Z
58,eac051c1-6188-4b2f-86cd-6d3514dffe0f,eac051c1-6188-4b2f-86cd-6d3514dffe0f,c7d1fbd0-b47f-4b3a-8f5d-10729e320c32.b264bb,c7d1fbd0-b47f-4b3a-8f5d-10729e320c32.b264bb,set-location-mode-success,execute-event,Home,TIMER_EVENT,2023-05-03T14:45:02.508382818Z
59,eac051c1-6188-4b2f-86cd-6d3514dffe0f,eac051c1-6188-4b2f-86cd-6d3514dffe0f,2e8f91cf-7e6e-43fa-87f4-89c2f3b25e73.c20f46,2e8f91cf-7e6e-43fa-87f4-89c2f3b25e73.c20f46,set-location-mode-success,execute-event,One sleeping one awake,DEVICE_EVENT,2023-05-03T10:33:00.304944855Z
60,eac051c1-6188-4b2f-86cd-6d3514dffe0f,eac051c1-6188-4b2f-86cd-6d3514dffe0f,e1432ae6-26bd-44c3-8c00-5e17008d4058_75e80747-f9c6-4793-b979-47b38433b672.00b4bc,e1432ae6-26bd-44c3-8c00-5e17008d4058_75e80747-f9c6-4793-b979-47b38433b672.00b4bc,set-location-mode-success,execute-event,Sleep,DEVICE_EVENT,2023-05-03T05:33:21.813820662Z
61,eac051c1-6188-4b2f-86cd-6d3514dffe0f,eac051c1-6188-4b2f-86cd-6d3514dffe0f,f6a89091-77ff-4bb3-aa63-7fe98ded2093.ec93e4,f6a89091-77ff-4bb3-aa63-7fe98ded2093.ec93e4,set-location-mode-success,execute-event,Away,DEVICE_EVENT,2023-05-02T23:47:53.205004022Z
62,eac051c1-6188-4b2f-86cd-6d3514dffe0f,eac051c1-6188-4b2f-86cd-6d3514dffe0f,4e022f5e-42ff-46f8-88d6-8bf139f9f4e9.610465,4e022f5e-42ff-46f8-88d6-8bf139f9f4e9.610465,set-location-mode-success,execute-event,Home,TIMER_EVENT,2023-05-02T14:45:02.043123205Z
63,eac051c1-6188-4b2f-86cd-6d3514dffe0f,eac051c1-6188-4b2f-86cd-6d3514dffe0f,5c4c2cf0-f80b-4f41-bafd-b68f8862d265.76faba,5c4c2cf0-f80b-4f41-bafd-b68f8862d265.76faba,set-location-mode-success,execute-event,One sleeping one awake,DEVICE_EVENT,2023-05-02T10:41:44.981002265Z
64,eac051c1-6188-4b2f-86cd-6d3514dffe0f,eac051c1-6188-4b2f-86cd-6d3514dffe0f,69a3bb6c-f336-4405-871a-19985a8a5597_c10dfbc7-91be-4259-8fe1-a9eed95b9ab9.031680,69a3bb6c-f336-4405-871a-19985a8a5597_c10dfbc7-91be-4259-8fe1-a9eed95b9ab9.031680,set-location-mode-success,execute-event,Sleep,DEVICE_EVENT,2023-05-02T05:01:45.523523445Z
65,eac051c1-6188-4b2f-86cd-6d3514dffe0f,eac051c1-6188-4b2f-86cd-6d3514dffe0f,b2bfefb1-38da-4c3a-8fc6-3247adbaa6a4.a1131b,b2bfefb1-38da-4c3a-8fc6-3247adbaa6a4.a1131b,set-location-mode-success,execute-event,Away,DEVICE_EVENT,2023-05-01T22:49:05.934631631Z
66,eac051c1-6188-4b2f-86cd-6d3514dffe0f,eac051c1-6188-4b2f-86cd-6d3514dffe0f,1e9f0b1c-3b50-498d-94f8-32030ea641a3.d66eb8,1e9f0b1c-3b50-498d-94f8-32030ea641a3.d66eb8,set-location-mode-success,execute-event,Home,DEVICE_EVENT,2023-05-01T21:48:46.284650391Z
67,eac051c1-6188-4b2f-86cd-6d3514dffe0f,eac051c1-6188-4b2f-86cd-6d3514dffe0f,5831ea26-c7bc-47a4-b007-296f3cdba199.bc158f,5831ea26-c7bc-47a4-b007-296f3cdba199.bc158f,set-location-mode-success,execute-event,Away,DEVICE_EVENT,2023-05-01T19:15:16.314766917Z
68,eac051c1-6188-4b2f-86cd-6d3514dffe0f,eac051c1-6188-4b2f-86cd-6d3514dffe0f,6ee454a8-eb79-4f9f-8737-fc1bec2b8539.7d5eb3,6ee454a8-eb79-4f9f-8737-fc1bec2b8539.7d5eb3,set-location-mode-success,execute-event,Home,TIMER_EVENT,2023-05-01T14:45:02.808271075Z
69,eac051c1-6188-4b2f-86cd-6d3514dffe0f,eac051c1-6188-4b2f-86cd-6d3514dffe0f,852b794e-81a8-4798-aa0a-a15b5eee249a.0b85b1,852b794e-81a8-4798-aa0a-a15b5eee249a.0b85b1,set-location-mode-success,execute-event,One sleeping one awake,DEVICE_EVENT,2023-05-01T10:50:52.336569023Z
70,eac051c1-6188-4b2f-86cd-6d3514dffe0f,eac051c1-6188-4b2f-86cd-6d3514dffe0f,4c5037f2-158b-49b4-82c7-ce56a05122fc_cd2ef313-9b5e-4c67-9d2e-8f501cf08dc2.29050a,4c5037f2-158b-49b4-82c7-ce56a05122fc_cd2ef313-9b5e-4c67-9d2e-8f501cf08dc2.29050a,set-location-mode-success,execute-event,Sleep,DEVICE_EVENT,2023-05-01T04:37:04.641418438Z
71,eac051c1-6188-4b2f-86cd-6d3514dffe0f,eac051c1-6188-4b2f-86cd-6d3514dffe0f,e62da8b3-e454-437f-af10-e3f6b092a339.67eec2,e62da8b3-e454-437f-af10-e3f6b092a339.67eec2,set-location-mode-success,execute-event,Home,DEVICE_EVENT,2023-05-01T01:18:08.339527148Z
72,eac051c1-6188-4b2f-86cd-6d3514dffe0f,eac051c1-6188-4b2f-86cd-6d3514dffe0f,9fee7c7b-bf53-4427-b186-281429cb0a4b.c31dae,9fee7c7b-bf53-4427-b186-281429cb0a4b.c31dae,set-location-mode-success,execute-event,Away,DEVICE_EVENT,2023-04-30T23:52:42.136256834Z
73,eac051c1-6188-4b2f-86cd-6d3514dffe0f,eac051c1-6188-4b2f-86cd-6d3514dffe0f,c7719c96-1033-4775-b60b-8eeaffcf6cf6.c33fb6,c7719c96-1033-4775-b60b-8eeaffcf6cf6.c33fb6,set-location-mode-success,execute-event,Home,TIMER_EVENT,2023-04-30T14:45:02.781948539Z
74,eac051c1-6188-4b2f-86cd-6d3514dffe0f,eac051c1-6188-4b2f-86cd-6d3514dffe0f,a59139da-c288-4373-915d-e89d986c604c.a113ec,a59139da-c288-4373-915d-e89d986c604c.a113ec,set-location-mode-success,execute-event,One sleeping one awake,DEVICE_EVENT,2023-04-30T11:10:29.550135606Z
75,eac051c1-6188-4b2f-86cd-6d3514dffe0f,eac051c1-6188-4b2f-86cd-6d3514dffe0f,51606527-47a8-4c32-9e12-803cf3a32f5f_e2bd5135-82bc-42f6-bff4-115fd4169ff8.6cc67e,51606527-47a8-4c32-9e12-803cf3a32f5f_e2bd5135-82bc-42f6-bff4-115fd4169ff8.6cc67e,set-location-mode-success,execute-event,Sleep,DEVICE_EVENT,2023-04-30T08:12:06.001219118Z
76,eac051c1-6188-4b2f-86cd-6d3514dffe0f,eac051c1-6188-4b2f-86cd-6d3514dffe0f,4c42ba7e-f6d3-4145-8423-9d2cdb2d33ca_45dab7e4-d67e-4b27-8ede-b235dbc5df36.d55351,4c42ba7e-f6d3-4145-8423-9d2cdb2d33ca_45dab7e4-d67e-4b27-8ede-b235dbc5df36.d55351,set-location-mode-success,execute-event,One sleeping one awake,DEVICE_EVENT,2023-04-30T05:09:40.389271429Z
77,eac051c1-6188-4b2f-86cd-6d3514dffe0f,eac051c1-6188-4b2f-86cd-6d3514dffe0f,7065871b-3e75-41bb-8284-7e4a2de779ab.610786,7065871b-3e75-41bb-8284-7e4a2de779ab.610786,set-location-mode-success,execute-event,Home,DEVICE_EVENT,2023-04-29T23:33:12.101914802Z
78,eac051c1-6188-4b2f-86cd-6d3514dffe0f,eac051c1-6188-4b2f-86cd-6d3514dffe0f,80e13039-0a7b-4a4a-ad64-9ff5c9523207.76eed4,80e13039-0a7b-4a4a-ad64-9ff5c9523207.76eed4,set-location-mode-success,execute-event,Away,DEVICE_EVENT,2023-04-29T20:15:32.697797588Z
79,eac051c1-6188-4b2f-86cd-6d3514dffe0f,eac051c1-6188-4b2f-86cd-6d3514dffe0f,b446dd9f-3c89-43ec-a57d-dfe633c1cace.25b132,b446dd9f-3c89-43ec-a57d-dfe633c1cace.25b132,set-location-mode-success,execute-event,Home,DEVICE_EVENT,2023-04-29T20:03:12.342732733Z
80,eac051c1-6188-4b2f-86cd-6d3514dffe0f,eac051c1-6188-4b2f-86cd-6d3514dffe0f,5c3332fd-a3b9-4304-a546-3baa0749323d.5b07c0,5c3332fd-a3b9-4304-a546-3baa0749323d.5b07c0,set-location-mode-success,execute-event,Away,DEVICE_EVENT,2023-04-29T20:00:36.316659291Z
81,eac051c1-6188-4b2f-86cd-6d3514dffe0f,eac051c1-6188-4b2f-86cd-6d3514dffe0f,edebc2a8-f287-446c-9891-1c0b60babd85.8a1c51,edebc2a8-f287-446c-9891-1c0b60babd85.8a1c51,set-location-mode-success,execute-event,Home,DEVICE_EVENT,2023-04-29T20:00:14.410194299Z
82,eac051c1-6188-4b2f-86cd-6d3514dffe0f,eac051c1-6188-4b2f-86cd-6d3514dffe0f,ed02d5b5-ac88-4e38-a018-42ae05979591.bbe15f,ed02d5b5-ac88-4e38-a018-42ae05979591.bbe15f,set-location-mode-success,execute-event,Away,DEVICE_EVENT,2023-04-29T18:49:27.070189109Z
83,eac051c1-6188-4b2f-86cd-6d3514dffe0f,eac051c1-6188-4b2f-86cd-6d3514dffe0f,f65bb3db-ef81-407e-ad8b-0b0f0694ec0f.c6bf98,f65bb3db-ef81-407e-ad8b-0b0f0694ec0f.c6bf98,set-location-mode-success,execute-event,Home,DEVICE_EVENT,2023-04-29T18:49:09.882070255Z
84,eac051c1-6188-4b2f-86cd-6d3514dffe0f,eac051c1-6188-4b2f-86cd-6d3514dffe0f,8acd5351-0e6a-4acd-832e-5be9ce1f3697.330fc8,8acd5351-0e6a-4acd-832e-5be9ce1f3697.330fc8,set-location-mode-success,execute-event,Away,DEVICE_EVENT,2023-04-29T15:59:51.67314235Z
85,eac051c1-6188-4b2f-86cd-6d3514dffe0f,eac051c1-6188-4b2f-86cd-6d3514dffe0f,1cc60a4d-f8bd-40cb-aca6-051d3736be0e.a1e63e,1cc60a4d-f8bd-40cb-aca6-051d3736be0e.a1e63e,set-location-mode-success,execute-event,Home,TIMER_EVENT,2023-04-29T14:45:03.178881393Z
86,eac051c1-6188-4b2f-86cd-6d3514dffe0f,eac051c1-6188-4b2f-86cd-6d3514dffe0f,444f367a-6908-471d-b455-e206d1952e6a.ece046,444f367a-6908-471d-b455-e206d1952e6a.ece046,set-location-mode-success,execute-event,One sleeping one awake,DEVICE_EVENT,2023-04-29T13:18:13.826820522Z
87,eac051c1-6188-4b2f-86cd-6d3514dffe0f,eac051c1-6188-4b2f-86cd-6d3514dffe0f,30e97395-4bea-4937-bfac-45028dd4ebde_a061d9b2-02b1-4a0f-8650-957751c5e878.8bf222,30e97395-4bea-4937-bfac-45028dd4ebde_a061d9b2-02b1-4a0f-8650-957751c5e878.8bf222,set-location-mode-success,execute-event,Sleep,DEVICE_EVENT,2023-04-29T06:03:35.884789422Z
88,eac051c1-6188-4b2f-86cd-6d3514dffe0f,eac051c1-6188-4b2f-86cd-6d3514dffe0f,536a5916-5d75-48ea-aa9e-69a4610840e6.8b3a0b,536a5916-5d75-48ea-aa9e-69a4610840e6.8b3a0b,set-location-mode-success,execute-event,Home,DEVICE_EVENT,2023-04-29T02:20:15.634726134Z
89,eac051c1-6188-4b2f-86cd-6d3514dffe0f,eac051c1-6188-4b2f-86cd-6d3514dffe0f,927e104a-bc66-406a-939f-51bfa23a9764.58a481,927e104a-bc66-406a-939f-51bfa23a9764.58a481,set-location-mode-success,execute-event,Away,DEVICE_EVENT,2023-04-28T20:14:14.865147625Z
90,eac051c1-6188-4b2f-86cd-6d3514dffe0f,eac051c1-6188-4b2f-86cd-6d3514dffe0f,24f70193-d511-46f1-8c48-4c2973548936.e82ff7,24f70193-d511-46f1-8c48-4c2973548936.e82ff7,set-location-mode-success,execute-event,Home,DEVICE_EVENT,2023-04-28T18:17:21.72951237Z
91,eac051c1-6188-4b2f-86cd-6d3514dffe0f,eac051c1-6188-4b2f-86cd-6d3514dffe0f,383bef84-9307-4804-84ff-1483fec181a3.6c7abd,383bef84-9307-4804-84ff-1483fec181a3.6c7abd,set-location-mode-success,execute-event,Away,DEVICE_EVENT,2023-04-28T18:05:50.501112211Z
92,eac051c1-6188-4b2f-86cd-6d3514dffe0f,eac051c1-6188-4b2f-86cd-6d3514dffe0f,ee09d268-ee64-4217-9ef6-1c33c505bb66.eaae86,ee09d268-ee64-4217-9ef6-1c33c505bb66.eaae86,set-location-mode-success,execute-event,Home,DEVICE_EVENT,2023-04-28T18:00:19.428404987Z
93,eac051c1-6188-4b2f-86cd-6d3514dffe0f,eac051c1-6188-4b2f-86cd-6d3514dffe0f,14f63ac4-4aa5-4915-924d-f1df0b3975e7.f22e99,14f63ac4-4aa5-4915-924d-f1df0b3975e7.f22e99,set-location-mode-success,execute-event,Away,DEVICE_EVENT,2023-04-28T15:28:08.510235335Z
94,eac051c1-6188-4b2f-86cd-6d3514dffe0f,eac051c1-6188-4b2f-86cd-6d3514dffe0f,3fc1b4eb-a9f0-4722-a83e-4e711bacdde3.4c39f3,3fc1b4eb-a9f0-4722-a83e-4e711bacdde3.4c39f3,set-location-mode-success,execute-event,Home,TIMER_EVENT,2023-04-28T14:45:03.249690301Z
95,eac051c1-6188-4b2f-86cd-6d3514dffe0f,eac051c1-6188-4b2f-86cd-6d3514dffe0f,74aae459-39c8-4fd3-b20f-082cb5ee2697.d6cff4,74aae459-39c8-4fd3-b20f-082cb5ee2697.d6cff4,set-location-mode-success,execute-event,One sleeping one awake,DEVICE_EVENT,2023-04-28T12:10:13.205131675Z
96,eac051c1-6188-4b2f-86cd-6d3514dffe0f,eac051c1-6188-4b2f-86cd-6d3514dffe0f,aa8eee46-3a50-4c1e-9679-643bf8efd757_f9718bac-8361-4d38-8a85-c22ccae646e3.e34e0e,aa8eee46-3a50-4c1e-9679-643bf8efd757_f9718bac-8361-4d38-8a85-c22ccae646e3.e34e0e,set-location-mode-success,execute-event,Sleep,DEVICE_EVENT,2023-04-28T04:23:22.312603128Z
97,eac051c1-6188-4b2f-86cd-6d3514dffe0f,eac051c1-6188-4b2f-86cd-6d3514dffe0f,0d391e07-5f3f-4d26-87c3-aa67255e3364.002d63,0d391e07-5f3f-4d26-87c3-aa67255e3364.002d63,set-location-mode-success,execute-event,Home,TIMER_EVENT,2023-04-27T14:45:02.220773831Z
98,eac051c1-6188-4b2f-86cd-6d3514dffe0f,eac051c1-6188-4b2f-86cd-6d3514dffe0f,c4dfe045-9560-4927-a11c-0c2848e8c890.7e0dc8,c4dfe045-9560-4927-a11c-0c2848e8c890.7e0dc8,set-location-mode-success,execute-event,One sleeping one awake,DEVICE_EVENT,2023-04-27T12:41:07.350957098Z
99,eac051c1-6188-4b2f-86cd-6d3514dffe0f,eac051c1-6188-4b2f-86cd-6d3514dffe0f,b59035cd-fdcb-474c-85fc-b806904d18cd_baf2ebfe-d6a2-4ca3-8b7e-cfc8be271061.b2a1d2,b59035cd-fdcb-474c-85fc-b806904d18cd_baf2ebfe-d6a2-4ca3-8b7e-cfc8be271061.b2a1d2,set-location-mode-success,execute-event,Sleep,DEVICE_EVENT,2023-04-27T04:20:07.535241969Z
100,02426c4e-bea7-428b-866a-42c90585e452,02426c4e-bea7-428b-866a-42c90585e452,1222ab94-4f57-467f-bf1b-20399a694dbc.1374e4,1222ab94-4f57-467f-bf1b-20399a694dbc.1374e4,set-location-mode-success,execute-event,Home,DEVICE_EVENT,2023-05-10T14:21:27.909118269Z
101,02426c4e-bea7-428b-866a-42c90585e452,02426c4e-bea7-428b-866a-42c90585e452,1222ab94-4f57-467f-bf1b-20399a694dbc.50bfe5,1222ab94-4f57-467f-bf1b-20399a694dbc.50bfe5,set-location-mode-success,execute-event,Home,DEVICE_EVENT,2023-05-10T14:21:27.902769274Z
102,02426c4e-bea7-428b-866a-42c90585e452,02426c4e-bea7-428b-866a-42c90585e452,88d41f05-6915-47e1-83f8-1dcbdaca9b27.2c52d4,88d41f05-6915-47e1-83f8-1dcbdaca9b27.2c52d4,set-location-mode-success,execute-event,Disarm,TIMER_EVENT,2023-05-08T12:00:00.295053622Z
103,02426c4e-bea7-428b-866a-42c90585e452,02426c4e-bea7-428b-866a-42c90585e452,4a85c8ef-a876-47ca-b482-e2100d0e88f3.44c158,4a85c8ef-a876-47ca-b482-e2100d0e88f3.44c158,set-location-mode-success,execute-event,Home,DEVICE_EVENT,2023-05-07T13:20:57.138406883Z
104,02426c4e-bea7-428b-866a-42c90585e452,02426c4e-bea7-428b-866a-42c90585e452,4a85c8ef-a876-47ca-b482-e2100d0e88f3.a8b2ee,4a85c8ef-a876-47ca-b482-e2100d0e88f3.a8b2ee,set-location-mode-success,execute-event,Home,DEVICE_EVENT,2023-05-07T13:20:57.131932477Z
105,02426c4e-bea7-428b-866a-42c90585e452,02426c4e-bea7-428b-866a-42c90585e452,b968e394-85e4-4ece-9744-090f100a46be.0420fe,b968e394-85e4-4ece-9744-090f100a46be.0420fe,set-location-mode-success,execute-event,Disarm,TIMER_EVENT,2023-05-07T12:00:00.117104848Z
106,02426c4e-bea7-428b-866a-42c90585e452,02426c4e-bea7-428b-866a-42c90585e452,aa90ed6d-db7a-4977-a5a0-ae55fea86293.a17d45,aa90ed6d-db7a-4977-a5a0-ae55fea86293.a17d45,set-location-mode-success,execute-event,Home,DEVICE_EVENT,2023-05-06T12:52:16.209519297Z
107,02426c4e-bea7-428b-866a-42c90585e452,02426c4e-bea7-428b-866a-42c90585e452,aa90ed6d-db7a-4977-a5a0-ae55fea86293.68db58,aa90ed6d-db7a-4977-a5a0-ae55fea86293.68db58,set-location-mode-success,execute-event,Home,DEVICE_EVENT,2023-05-06T12:52:16.207102076Z
108,02426c4e-bea7-428b-866a-42c90585e452,02426c4e-bea7-428b-866a-42c90585e452,4313a9eb-8422-4c36-8d78-13f462d53550.08fcb2,4313a9eb-8422-4c36-8d78-13f462d53550.08fcb2,set-location-mode-success,execute-event,Disarm,TIMER_EVENT,2023-05-06T12:00:00.200068441Z
109,02426c4e-bea7-428b-866a-42c90585e452,02426c4e-bea7-428b-866a-42c90585e452,8583d583-d406-4820-98df-ca0a2bad0c81.353448,8583d583-d406-4820-98df-ca0a2bad0c81.353448,set-location-mode-success,execute-event,Home,DEVICE_EVENT,2023-05-05T13:13:34.716392358Z
110,02426c4e-bea7-428b-866a-42c90585e452,02426c4e-bea7-428b-866a-42c90585e452,8583d583-d406-4820-98df-ca0a2bad0c81.b1ea9e,8583d583-d406-4820-98df-ca0a2bad0c81.b1ea9e,set-location-mode-success,execute-event,Home,DEVICE_EVENT,2023-05-05T13:13:34.711223264Z
111,02426c4e-bea7-428b-866a-42c90585e452,02426c4e-bea7-428b-866a-42c90585e452,35591da7-398c-4301-ad02-46c2a2c97232.031d25,35591da7-398c-4301-ad02-46c2a2c97232.031d25,set-location-mode-success,execute-event,Disarm,TIMER_EVENT,2023-05-05T12:00:00.489531707Z
112,02426c4e-bea7-428b-866a-42c90585e452,02426c4e-bea7-428b-866a-42c90585e452,aec1dfd2-99a9-44f5-80f8-2b4ffecf6dda.d3addb,aec1dfd2-99a9-44f5-80f8-2b4ffecf6dda.d3addb,set-location-mode-success,execute-event,Home,DEVICE_EVENT,2023-05-04T13:30:05.259441827Z
113,02426c4e-bea7-428b-866a-42c90585e452,02426c4e-bea7-428b-866a-42c90585e452,aec1dfd2-99a9-44f5-80f8-2b4ffecf6dda.5fba7e,aec1dfd2-99a9-44f5-80f8-2b4ffecf6dda.5fba7e,set-location-mode-success,execute-event,Home,DEVICE_EVENT,2023-05-04T13:30:05.252860274Z
114,02426c4e-bea7-428b-866a-42c90585e452,02426c4e-bea7-428b-866a-42c90585e452,1288367d-8a6f-4911-9a5e-c32dab9bab7d.bb7739,1288367d-8a6f-4911-9a5e-c32dab9bab7d.bb7739,set-location-mode-success,execute-event,Disarm,TIMER_EVENT,2023-05-03T12:00:00.692747898Z
115,02426c4e-bea7-428b-866a-42c90585e452,02426c4e-bea7-428b-866a-42c90585e452,68bc202f-08c8-4740-ab23-cbab0e22168c.59aa35,68bc202f-08c8-4740-ab23-cbab0e22168c.59aa35,set-location-mode-success,execute-event,Home,DEVICE_EVENT,2023-05-02T13:12:00.653373665Z
116,02426c4e-bea7-428b-866a-42c90585e452,02426c4e-bea7-428b-866a-42c90585e452,68bc202f-08c8-4740-ab23-cbab0e22168c.2b1928,68bc202f-08c8-4740-ab23-cbab0e22168c.2b1928,set-location-mode-success,execute-event,Home,DEVICE_EVENT,2023-05-02T13:12:00.649751821Z
117,02426c4e-bea7-428b-866a-42c90585e452,02426c4e-bea7-428b-866a-42c90585e452,d1b17aee-1353-4f65-b01d-adda03487699.55f3a1,d1b17aee-1353-4f65-b01d-adda03487699.55f3a1,set-location-mode-success,execute-event,Disarm,TIMER_EVENT,2023-05-01T12:00:00.723265463Z
118,02426c4e-bea7-428b-866a-42c90585e452,02426c4e-bea7-428b-866a-42c90585e452,7463ac3b-d754-48d1-ba07-55a3097c5d4e.ec0fc8,7463ac3b-d754-48d1-ba07-55a3097c5d4e.ec0fc8,set-location-mode-success,execute-event,Home,DEVICE_EVENT,2023-04-30T13:43:43.539504422Z
119,02426c4e-bea7-428b-866a-42c90585e452,02426c4e-bea7-428b-866a-42c90585e452,7463ac3b-d754-48d1-ba07-55a3097c5d4e.c956fc,7463ac3b-d754-48d1-ba07-55a3097c5d4e.c956fc,set-location-mode-success,execute-event,Home,DEVICE_EVENT,2023-04-30T13:43:43.539476581Z
120,02426c4e-bea7-428b-866a-42c90585e452,02426c4e-bea7-428b-866a-42c90585e452,189cc191-be69-4581-89fc-2b7eeddf2f94.e1a44e,189cc191-be69-4581-89fc-2b7eeddf2f94.e1a44e,set-location-mode-success,execute-event,Disarm,TIMER_EVENT,2023-04-30T12:00:01.363619184Z
121,02426c4e-bea7-428b-866a-42c90585e452,02426c4e-bea7-428b-866a-42c90585e452,26f64cdf-1cf3-4fcf-b8f7-9faa2587617b.9201f8,26f64cdf-1cf3-4fcf-b8f7-9faa2587617b.9201f8,set-location-mode-success,execute-event,Home,DEVICE_EVENT,2023-04-30T10:06:12.236648806Z
122,02426c4e-bea7-428b-866a-42c90585e452,02426c4e-bea7-428b-866a-42c90585e452,50d6e075-897b-4295-a337-cc8036d6b515.81278c,50d6e075-897b-4295-a337-cc8036d6b515.81278c,set-location-mode-success,execute-event,Disarm,TIMER_EVENT,2023-04-29T12:00:00.207741881Z
123,02426c4e-bea7-428b-866a-42c90585e452,02426c4e-bea7-428b-866a-42c90585e452,627d31ac-480f-44c8-8969-46773284f673.200037,627d31ac-480f-44c8-8969-46773284f673.200037,set-location-mode-success,execute-event,Home,DEVICE_EVENT,2023-04-28T12:50:04.229800597Z
124,02426c4e-bea7-428b-866a-42c90585e452,02426c4e-bea7-428b-866a-42c90585e452,627d31ac-480f-44c8-8969-46773284f673.2c5945,627d31ac-480f-44c8-8969-46773284f673.2c5945,set-location-mode-success,execute-event,Home,DEVICE_EVENT,2023-04-28T12:50:04.203577207Z
125,02426c4e-bea7-428b-866a-42c90585e452,02426c4e-bea7-428b-866a-42c90585e452,74fe82ef-bae6-45ab-80a8-19bd2dd3ba1c.083969,74fe82ef-bae6-45ab-80a8-19bd2dd3ba1c.083969,set-location-mode-success,execute-event,Disarm,TIMER_EVENT,2023-04-28T12:00:00.506433231Z
126,02426c4e-bea7-428b-866a-42c90585e452,02426c4e-bea7-428b-866a-42c90585e452,b513e2c7-4da5-4754-a750-256a4d380bde.234c0d,b513e2c7-4da5-4754-a750-256a4d380bde.234c0d,set-location-mode-success,execute-event,Home,DEVICE_EVENT,2023-04-27T14:19:06.138563489Z
127,02426c4e-bea7-428b-866a-42c90585e452,02426c4e-bea7-428b-866a-42c90585e452,b513e2c7-4da5-4754-a750-256a4d380bde.4f2cce,b513e2c7-4da5-4754-a750-256a4d380bde.4f2cce,set-location-mode-success,execute-event,Home,DEVICE_EVENT,2023-04-27T14:19:06.124612534Z
128,02426c4e-bea7-428b-866a-42c90585e452,02426c4e-bea7-428b-866a-42c90585e452,035e49c2-3ee5-488d-9e69-3cafa72f8fca.d28857,035e49c2-3ee5-488d-9e69-3cafa72f8fca.d28857,set-location-mode-success,execute-event,Disarm,TIMER_EVENT,2023-04-27T12:00:00.336716108Z