device_id,minutes
07d1a053327901202e43738d7de9ab2f13f2d875d7145ac38f191be334372815,644
796560e7531d0efbe2f8e92f7886032951f5967f590e446026708059c2ffdc8a,644
8b6f46788830d8574046c5ab1c8cdb383484b3e1e47e9dccac7c19b48b3b0b31,644
2e0b7149c3e91d6f34a227bbf8ea5c6bb0a38ca3ba112a6909e4e73dc33b7773,158
4cec45ee0e42f3f04e6599384de26d9e80d08e0f71d4e6e9c0fbf08653ddb813,163
f68d4547af64fc0fa6f2e5855a967f3969f1386817a003ac2923fc4bb043ef60,163
c8033e8e72c7dd1f4235d239979208b060a49745601bb709c4389291d3eb2d92,197
035b100c469db1d761eb46dcb05790e09d48cac1c1c37bc9b960062e20dd0885,282
42776aa33b918f5859ead50952e840b49d5add39bc34f68e4855c898ac39a672,109
403162c8df43be4c2f692b465e8362f65fd3cec9483640306d997662051b75a6,7
4224d093e5f80bbe0a9697def4087fb276faed4ae4a0be45498a0ce014cc72e9,120
47ec4fe4b353dbac75d44509273b3b685f9ea6fc1a5a862c4689da26918d2d80,78
65aeea023966b293ab1567d0066a62f9c06c39533c70545f0bbdad61b69e6ffb,7
863e00c319475fa49481772e1e2f6d5a47496d9f0836bc7797ccd83cf01f65db,80
8ae141c59ceb81431e57b4d157a6d0f611b942fa9592d05ecd3e846920fafee8,240
aeaf5b1e22cdf90f945a11477f81b3791cd7e53ab18d24af042dcaa00f5f6bd8,240
fee5cb4a5be0046fceac17fc60f8b03d7e43c64b62420a94450deb5e159d1d2a,266
6fd0cbef515388ac6bb85753511106b5c0fe15dfe50e547f7f9133f5fcdf67cd,217
9b8b1cfba73414604c59484929dff06146b08cdda7d6e131bde57638ff765061,120
ecfff9e14753c2a5c848a95638c7b1280b0dbae7d9600f29fb8eade9218a6f62,150
2097a26d917b17a19955b787679dc2e1e10a8771b0534f2d201d0166528c6322,660
cb16b13b2585b7638a768074df6a818ce90aefc8bd9d4449a8773eb2b52a8b1f,225
cda4ec48e12040cffd7b45404061c539591ab3ed5d325a547b9a71358f21c8b7,240
ce5268656499c3f6b6c9d73ad4bc77f0d9ade68bd690891980ae422047045a37,158
04c34c0758e9f4acd18e4cb620f295b2e82e4b28c7ff927b2985fb00897a11cd,616
40b360242a84a4afb46e4a5cbbd27a75a9b0872ed6fa08eac8fca2e2fb786d5d,616
91f319dccde05696c19509e00d5ea4f941cc3178f11bfc68b50868e147cf495d,616
befaf2d4471207282d611c4e3b0dbdc8d849415e164d82bb6ac07477dfe77de8,71
d04cd16243b481752831507b4e68f95dbd9644fe609fafb99bf77b4e5877f402,616
540cd7c1bdb89da79d7850bc1f7aaffb2216182b3d7d135c77a7ca596ea7c487,236
186d850ac50c4d37929c06983b5478b7d73bb95ba1ffe462f6a15ee776b04ab0,0
2c22c1612ca2097d6f4e0f357afdd28d0ef0da62b9f8b17fd7d57beccb9ef7eb,419
5b0920830b06543e7f6c67440a5fe5a4d7cddfc03b3b466e23b1278a70496257,0
aadf1afe495d6a77a079fc1a89299ffe6d99b42e202b3fa46a22a2db8c8f23f1,0
c381ba275f4c45a83c061cefcee47de78c47e49a492020cf144fe40bc01121aa,52
26fc87816aa76bf7c47d5129a7df54700acd2667cad272df0420800ac22bc68b,6
614ce2b3fda9ef3777dc75c167a0194c1c06dc13b0c3d214843c52afa23097e4,56
7383fc0646f57600126f63f4bb66c49d181782cf0a734fb8dd9be0823990e8de,180
42886ababcaabad5fc1f83fd354be24254239eb497bbe25870883e07c624c859,100
20bcb966401956fc6bf4f6bb18cb31496d51c3b3fad96c2da55aea46bc82629d,254
154c786724a11f29cf33a112c6ec1fe2fa2a2e88fd5c298caffe7a190b80b0f0,109
1bf3e1dec89247b70a13a256fbbbb7126805876a83f50f28b1743a996a7b1316,705
99eec7ef52f236c1b76126b8d384dbf941e089a07d20a869b62bb8dbc8c036b9,705
df4c7dde4bb9db6b0d544ad0bc9b96f8a9e0b4f7c95fdd60d3dc6d5af623f82a,705
0e28fca2fcdd82e54c2358412b7c9528eafdf2865df3c2a5f9d34db686bf94e9,33
183fc31dbe7366342b7c5cd9c6aaccbae1cf5dadb6ee0cf4891c37e29bd11b4d,12
28649f9aeed28a900c9ce5cc2571d0cd84ed4c4c62056974b5df3af508792aa6,54
2b5a1c25a6c171058945ec3bf16123004f621937b60ee5f56244edc0e4de5b8d,54
5b96911465c5a7e8440716d2e7a5061820818e750a6213dc94b00ffcc928ff0f,54
81cfd0ae6ce9ffe714b91cf65271ea9807e8b73051a7cd5ca97b249574a47132,43
9e16f04833186e1ea207bee6a0695bd64abe806316a742b0315b607e88710106,12
d29a25f8b4ebe46023c407422935c604ef60d5f7574cc18f9306b45c0b8edc0b,44
e8781f444448d1e0d6135a682ed097f1a22b202420599377a3366f5ff07b11fe,44
ee66db351753d1f5fc743d66483bee885eca54da4fb0c5839c44aa382afe0d92,956
2819f64ee22c1b5680850beff8ef85f7ac4669d7688ae93dfa9b3c523ce362bf,150
85f1189fc8f4da6ebc2c2110e188ac583e54040a1fae68e6aaaf403d60913ce1,14
8d345581bff8a995ab40d832af01ac2b1ccec29c47fe4304082b86674a31e1a4,150
ea6603c48204cdc928e1d016155dd4c71f89d65ae42deccb05bccd382b4ead4a,2
0595c1eee6e798f252b5fea49df38ba114da233c321c68738810e6ffb234f326,73
187637bee217c4a908a61393cc92bb030a8b47bdec5fd7a0f212e4c8531a3cd7,690
57b5d403711869aaf9efc58c8b3edc94e4f487cbe027cfc29089197a752264cc,53
d1f4cb30fe52f1a2196abac1079878318c703251d13fcc00aa4cf273428afb4e,690
f7e85a79bfd1554e63cecbed259e189e537486aaa846be98f4bd52249860c9d9,690
88891011fc682402b734416e5301e819e706aeeb59cd9241b402c09465c23a61,236
03f2ef00fb7c58a03511236aad24ad6994dda463e7a12814ebd441e9fc76ea74,449
7d8a1604678848d27a52a5d38ad56a520e9721444da300655c31724df02c226a,141
bc905323ab4493737cd624ad710200c4c34375a2d62ed11c05b9353bf19aeece,179
6bcf90459465a050b7e6bd28538c1b02181b1463816b28083602f09e03f3b0b2,65
71632aba5ab0dccc73eeec1458823bc588bc9b364fa983b350b505cd7c593bec,15
9429db1eadc84e6f0335a135a7b1e63520da9b45f8524d384f8b89391702831f,65
d68db120a005d3c6905ff8e421ddbb8d256eced85fb0bbb3f1442f2f85fb6bb7,15
ed90a7404d74ec0b00d615f193e001722be19c5126a879f86540530f323df7ed,81
b43238b64b6140faac22082a0a1b5631f5066cd3756698e9be0dfd006a1ea7c7,230
ba65f9473520f7d21846551ac3c84ffbf7258d9c037272bf93e321ad169b6ab9,202
e3a2e3bdfb60489fef9243c4211242a47611d956b9d7a627b825340d93450788,660
4f79aefd9127c75e8e23d2a340bbd5841583f4905fcf42ee6baeaf792bec8e47,668
6389ef3ad49057c7f7e95e110dae90d0f46b58b33476cfda4d9c4d178a2cf1fe,668
8e72ae215c61ff2905391e4bddffd51e941d5ecbda79d1d76ca495606d0e0397,55
d55561c956bef19660b634384098ae21c0eed6eb2e9e5c37ab12e878588eefda,177
04494d97d628804ad9014b44b1ab3aa58edd00dee811ce0b1bacdc04c491431e,217
35fd9af36e8f188919106de4e297cfcb9e44f86f7dfd714b3acb97c7e9c55f2d,217
3dace7cccfcc54851eb61d4edc467dccdcddc5b890e4dc5092ef68dab7d64f05,217
717317273102d4477a8e79aaccad3eec44048a6bbc05f3a6d043c67886654dc4,217
73429eaffd733ead3306148d07eed75b8e6d76074caecde49475d2b2c58e217c,217
d09f8f37bb8b4201686957b4c57f9fed94221251bd02b775f382a6b6bf52f6cf,217
aebc0a0bae9657b188bddadc4f10c7d546b454eb9d7dbfd496b15dcc86346a9b,11
d014e4e258b9811af8a4147ad2391656c154c40c18a6fdda8c8c3abc3f9b9e70,43
ef4a7e478a9edcad4cb0ce58cd5f75f00e0a6fd2c57336119dfd42cb28e95507,216
4c163238188bf786175a0453a6df71780dad57d5fcc92760edca1dd25fe3c8b9,70
ee9718a1e2b6907d7267aa50efd7548612440df6bece0d75384b67b8cbc36e3a,31
3611d9b8b81f27e044d3335be2172b8cd9abbf2d1fbe9584716d04ff2b0cbcd3,65
c54788c2c3572cef6179cc88aea7bfc5b9b2977e8671f5b6c6de3ac2d595a51d,65
3a6cf642bac6b07b6b1765f2b19bedc1e2fdb6864b8c7ee2e4e91f682fcff09a,251
c00b001d07f3565da391df354eb255fe3fad3c70e90117252677cad57380f1ce,458
e124e136f28b414ee8436f465487e70e98e834f2cbe9fbca352f7813d31556da,251
140a40ed58740d688e7781db33c5b27ba4aff3caa8b4bc901d2248eba2031e8b,235
35ec8aa606fc8c67aa5beeaa1620d3fd8d69f6bee2e05da98caed23048818e09,115
414d3e8cd98aeaf2b698d2f335b1786f528f8bda7df176314dfcc7f90ce10133,115
645bfcc418adbe88078033433d2b03b21af1943cfb852613bba944a3cbccb384,235
829c84d49d329883cb969b2eec14101c1fffecaefa58c93f1024624709bbfbeb,55
93e65d3176fd599ea67b7e9ac1ae32b808f50e02f064777ca3590b19ecbded91,235
2a55448da7a4700b8525da4c92268f6369c72a36a5d3e6d65b1a96dd13d02cde,11
82e11de4434449736e29e79c79fe0d868d587824266ebbaf82647d5ad05db6b3,14
f9fd2c1c8b10c909659c61b13a0d14852c854784ad1bbf37627317adf9af4937,14
8917828f1f9b2f8e6a4a18f602fb2a0851798b0e1ab16cec6a088f3b74305777,168
4714cce986d9ee32c5b52157b1eceff8bd54e2f4cf4fbec3e6e7b2000d531f75,46
7de4c4fc50a54581b346ca90763a3c9e489082aee2509aa8d7ce3d115b3847a0,75
891f6998d029247ba1ecb81a526375fa518111419c65ff778628f239eaa26b25,370
985f2f966577a863ab456f2e016194a8460e55f77a4aba314e2cb85f262e30ff,370
a105e68a06f4f1cc8f2d3443a1d560b07d39516cadeb7d682e2ea65d7ed8410e,75
eb6d7a558946705381543d83c46bc53301acba954079245a9157781a01d23555,46
0652d6a20a9d759094adbd775266a7f933fa679deafe9a9c8689256158826016,120
0aab657c75d1299a85a4992f7f89bb78fb750abe10bdab33017ac5c4499883b8,120
8f9ef7e644471a4065f6e0cb43eb107cee1d34c9cf19e2cf1409e2de64944b19,120
d5b077c9eff06bc19beac34fb4f43a77431043154d10d4ec4bd80bab22d415c1,80
eafe205a32c168d1b7ba6efb8b3007f87d22991af07ca0c9ea33741ca37fb4f4,80
f3b92ce2a11e4f0f17e8d85e500fbb2d5bd9b8e3c1325c9a4526991c083c924d,120
3a3d6575c17bac4dcf3ba54cc5f5800133e25dfd902fdfc52a6fda0b80a58563,60
98724ef5f11ebbb66579952917420c89990eb46f6c365744d93cca52d527b6d3,540
321af4894da8aaf0b9cc1a6f090d83eed2659d80c0420d1827fd9bd1a58593f4,281
