device_id,minutes
07d1a053327901202e43738d7de9ab2f13f2d875d7145ac38f191be334372815,1957
796560e7531d0efbe2f8e92f7886032951f5967f590e446026708059c2ffdc8a,1957
8b6f46788830d8574046c5ab1c8cdb383484b3e1e47e9dccac7c19b48b3b0b31,1957
2e0b7149c3e91d6f34a227bbf8ea5c6bb0a38ca3ba112a6909e4e73dc33b7773,491
4cec45ee0e42f3f04e6599384de26d9e80d08e0f71d4e6e9c0fbf08653ddb813,506
f68d4547af64fc0fa6f2e5855a967f3969f1386817a003ac2923fc4bb043ef60,506
c8033e8e72c7dd1f4235d239979208b060a49745601bb709c4389291d3eb2d92,591
035b100c469db1d761eb46dcb05790e09d48cac1c1c37bc9b960062e20dd0885,783
42776aa33b918f5859ead50952e840b49d5add39bc34f68e4855c898ac39a672,554
403162c8df43be4c2f692b465e8362f65fd3cec9483640306d997662051b75a6,15
4224d093e5f80bbe0a9697def4087fb276faed4ae4a0be45498a0ce014cc72e9,240
47ec4fe4b353dbac75d44509273b3b685f9ea6fc1a5a862c4689da26918d2d80,210
65aeea023966b293ab1567d0066a62f9c06c39533c70545f0bbdad61b69e6ffb,15
863e00c319475fa49481772e1e2f6d5a47496d9f0836bc7797ccd83cf01f65db,210
8ae141c59ceb81431e57b4d157a6d0f611b942fa9592d05ecd3e846920fafee8,480
aeaf5b1e22cdf90f945a11477f81b3791cd7e53ab18d24af042dcaa00f5f6bd8,480
586ea2a20e3c4b56dd2cc10af13a19197d25d20e1568cc8df3b588c0720981cc,1800
d9d2fa206346cdf34fedea2d718bd6c8ffc5ce049c512f4d28d990508b473748,1800
fee5cb4a5be0046fceac17fc60f8b03d7e43c64b62420a94450deb5e159d1d2a,677
6fd0cbef515388ac6bb85753511106b5c0fe15dfe50e547f7f9133f5fcdf67cd,1689
9b8b1cfba73414604c59484929dff06146b08cdda7d6e131bde57638ff765061,321
ecfff9e14753c2a5c848a95638c7b1280b0dbae7d9600f29fb8eade9218a6f62,271
52d9951cf8aaaee34eada4fb9dbb2a0fdb845adf65338a32eebb27fce73d521b,963
2097a26d917b17a19955b787679dc2e1e10a8771b0534f2d201d0166528c6322,1961
cb16b13b2585b7638a768074df6a818ce90aefc8bd9d4449a8773eb2b52a8b1f,675
cda4ec48e12040cffd7b45404061c539591ab3ed5d325a547b9a71358f21c8b7,720
ce5268656499c3f6b6c9d73ad4bc77f0d9ade68bd690891980ae422047045a37,377
04c34c0758e9f4acd18e4cb620f295b2e82e4b28c7ff927b2985fb00897a11cd,208
40b360242a84a4afb46e4a5cbbd27a75a9b0872ed6fa08eac8fca2e2fb786d5d,208
91f319dccde05696c19509e00d5ea4f941cc3178f11bfc68b50868e147cf495d,208
98a63720047276a1358f01c3077e769f20ea29ece4bb14a7d4a20cd33ab2c683,1475
befaf2d4471207282d611c4e3b0dbdc8d849415e164d82bb6ac07477dfe77de8,275
d04cd16243b481752831507b4e68f95dbd9644fe609fafb99bf77b4e5877f402,208
540cd7c1bdb89da79d7850bc1f7aaffb2216182b3d7d135c77a7ca596ea7c487,535
974888e779b6eb411982fabb9c5f09e8ef2129fd7dfd355f7cd2b5815310165d,556
2bcebeda043384c9c40fcbf2755d2e17ef3ac93d153f07b8fff468e35b230b68,1800
655184c4e3b05fd63b351e4314bc6ecdddf9e86f8129a5f97ad0581f016b7b26,1800
c379953dc2fa8f6822aa68fde0dd80763200ef8325c0e0925b2025a05ceba6e0,1800
05eab89a91412d49a0c0580ced95a943c0d5aef2b880b76ba870d07b5bf32e73,1049
186d850ac50c4d37929c06983b5478b7d73bb95ba1ffe462f6a15ee776b04ab0,1049
2c22c1612ca2097d6f4e0f357afdd28d0ef0da62b9f8b17fd7d57beccb9ef7eb,796
5b0920830b06543e7f6c67440a5fe5a4d7cddfc03b3b466e23b1278a70496257,1193
aadf1afe495d6a77a079fc1a89299ffe6d99b42e202b3fa46a22a2db8c8f23f1,1049
c381ba275f4c45a83c061cefcee47de78c47e49a492020cf144fe40bc01121aa,135
26fc87816aa76bf7c47d5129a7df54700acd2667cad272df0420800ac22bc68b,13
517bd1702b0d5b8c180a4728fec586650d15b11f0e9f58ceabecc1e6aad58c9e,1282
614ce2b3fda9ef3777dc75c167a0194c1c06dc13b0c3d214843c52afa23097e4,32
b4fb130fdc69241194f58e1d84b4c10e150c17384f783d000087017dbd110f29,1573
c0f89a651cf0a8aeb693d6000555b57754ccab050aa76625aef13d7f37560f14,6
e05cdda0d05b2f69e30cbb2a3b82a6b49daef562e654b75538f57d0a4c5bfd08,6
1dd8220d9b4029fe471b846e818d2897307ab46fd894e71dbec35e504f3d9220,1485
a5f6765dea92ff17ff71cfb250b9f2649c46d9b48852396cf5bbab9874aec3d7,48
27c2fce895abd997d2f4a7a805606d46d296ac4ea3dc9c543a82aa79588291c8,511
7383fc0646f57600126f63f4bb66c49d181782cf0a734fb8dd9be0823990e8de,185
90b9cb8ba1ea9f7bd077400a47d38f0b96846e1cc43659af8d0dd8495f9a7ff6,167
e10ca14e52085b22d4331c03e9ad58f14d66b8fbbe1edde780e9babcbeb63082,263
42886ababcaabad5fc1f83fd354be24254239eb497bbe25870883e07c624c859,468
20bcb966401956fc6bf4f6bb18cb31496d51c3b3fad96c2da55aea46bc82629d,508
3ef59d21cfafbde00cc251a7efd35bf792af2888946c4cad98a250ea08202a24,1408
f10d91b0a5ae9b1edf64822763258b5bc38da0fcfd810047127c58b89c8321d5,1408
154c786724a11f29cf33a112c6ec1fe2fa2a2e88fd5c298caffe7a190b80b0f0,461
1bf3e1dec89247b70a13a256fbbbb7126805876a83f50f28b1743a996a7b1316,2060
99eec7ef52f236c1b76126b8d384dbf941e089a07d20a869b62bb8dbc8c036b9,2115
df4c7dde4bb9db6b0d544ad0bc9b96f8a9e0b4f7c95fdd60d3dc6d5af623f82a,2115
92e6b83f03e350c677167710b4a50789b8b7409e27ccd474e3f4c7c26e23ac2a,0
0e28fca2fcdd82e54c2358412b7c9528eafdf2865df3c2a5f9d34db686bf94e9,104
183fc31dbe7366342b7c5cd9c6aaccbae1cf5dadb6ee0cf4891c37e29bd11b4d,46
28649f9aeed28a900c9ce5cc2571d0cd84ed4c4c62056974b5df3af508792aa6,125
2b5a1c25a6c171058945ec3bf16123004f621937b60ee5f56244edc0e4de5b8d,126
5b96911465c5a7e8440716d2e7a5061820818e750a6213dc94b00ffcc928ff0f,125
81cfd0ae6ce9ffe714b91cf65271ea9807e8b73051a7cd5ca97b249574a47132,97
9e16f04833186e1ea207bee6a0695bd64abe806316a742b0315b607e88710106,46
d29a25f8b4ebe46023c407422935c604ef60d5f7574cc18f9306b45c0b8edc0b,93
e8781f444448d1e0d6135a682ed097f1a22b202420599377a3366f5ff07b11fe,97
ee66db351753d1f5fc743d66483bee885eca54da4fb0c5839c44aa382afe0d92,2302
2819f64ee22c1b5680850beff8ef85f7ac4669d7688ae93dfa9b3c523ce362bf,628
85f1189fc8f4da6ebc2c2110e188ac583e54040a1fae68e6aaaf403d60913ce1,175
8d345581bff8a995ab40d832af01ac2b1ccec29c47fe4304082b86674a31e1a4,628
baea10a4c2456dbf7d8406a5c1c728bc75da965fe90d79c536871386d8f4a3e2,9
1cb73c76ad423b4682cb4281da15e78cbea40fa8319d087a3c226ebea62f6187,0
a6df9793bb219b305a164e33690c0b0661c9e1a052acaec935bd28f12860cb9d,0
8146cee2192e28cc5d248d724c44d9ad025b692ec7fd9c96afedf7c2c78abf26,319
9ba3086e2f0055ac6b663007161051dac741e1dae88a0849b2f187563ba61283,351
ea6603c48204cdc928e1d016155dd4c71f89d65ae42deccb05bccd382b4ead4a,16
187637bee217c4a908a61393cc92bb030a8b47bdec5fd7a0f212e4c8531a3cd7,2070
57b5d403711869aaf9efc58c8b3edc94e4f487cbe027cfc29089197a752264cc,458
d1f4cb30fe52f1a2196abac1079878318c703251d13fcc00aa4cf273428afb4e,2070
f7e85a79bfd1554e63cecbed259e189e537486aaa846be98f4bd52249860c9d9,2070
498e9e3e0eecae7a043c42e3e0ed58eba406fbc8cfe76990bcb7cb28024ff666,172
67b8df3a3507db319516e5810864aebad05e8518178486bc32255328dba30e1f,360
88891011fc682402b734416e5301e819e706aeeb59cd9241b402c09465c23a61,720
ceb68943b97584188df4d517c0ac4e823b740e34509763e945a20ba14b8c05af,360
0464d24ce74d00364245aa65424352aaadb593693d739760ccc5234af6c33e9a,581
7d8a1604678848d27a52a5d38ad56a520e9721444da300655c31724df02c226a,285
bc905323ab4493737cd624ad710200c4c34375a2d62ed11c05b9353bf19aeece,313
6a6032e93c26d224ae577f6544e793774de019a928be4bbc9ae764a6281c0b63,155
5cb65a50c9bf15941bf58f722fe7133b71a733ff6de151b061eeb6845f57ba90,1831
6bcf90459465a050b7e6bd28538c1b02181b1463816b28083602f09e03f3b0b2,135
71632aba5ab0dccc73eeec1458823bc588bc9b364fa983b350b505cd7c593bec,30
9429db1eadc84e6f0335a135a7b1e63520da9b45f8524d384f8b89391702831f,135
d68db120a005d3c6905ff8e421ddbb8d256eced85fb0bbb3f1442f2f85fb6bb7,30
ed90a7404d74ec0b00d615f193e001722be19c5126a879f86540530f323df7ed,112
398bf8e97de12a3a233f852f70b037861fbf0ccf76d4e9ed071172376c7647f3,755
b43238b64b6140faac22082a0a1b5631f5066cd3756698e9be0dfd006a1ea7c7,470
ba65f9473520f7d21846551ac3c84ffbf7258d9c037272bf93e321ad169b6ab9,621
0284b8975109fe0e8d1182b70f02fa0ed37b48d744d8e8e98353aeaf681ecf94,315
6eb0c7ab9ad7583064e79b35fbadf58f51fa81d8a55202d241c14cb3094b57d8,1440
7dfcea6379d8e9c1c684674fc878e6029f502f05bae72dd705dad005e06c6e39,1440
c0876fd84a4d199708d2ec23b3bf82959b7e958e308a09d1c58eed6dd32a2cfb,1440
e3a2e3bdfb60489fef9243c4211242a47611d956b9d7a627b825340d93450788,1980
4f79aefd9127c75e8e23d2a340bbd5841583f4905fcf42ee6baeaf792bec8e47,2038
6389ef3ad49057c7f7e95e110dae90d0f46b58b33476cfda4d9c4d178a2cf1fe,2038
8e72ae215c61ff2905391e4bddffd51e941d5ecbda79d1d76ca495606d0e0397,141
119481e06a66bcac6a8a2fb1f14b5c0cc1f3d7a541c7846f952444554a5412d5,30
3e3df6981e3e8cf07ceffa26dcea3a8e3754cc95b4297bbb22e6f6e3aea42020,2969
d55561c956bef19660b634384098ae21c0eed6eb2e9e5c37ab12e878588eefda,664
04494d97d628804ad9014b44b1ab3aa58edd00dee811ce0b1bacdc04c491431e,666
35fd9af36e8f188919106de4e297cfcb9e44f86f7dfd714b3acb97c7e9c55f2d,666
3dace7cccfcc54851eb61d4edc467dccdcddc5b890e4dc5092ef68dab7d64f05,666
717317273102d4477a8e79aaccad3eec44048a6bbc05f3a6d043c67886654dc4,666
73429eaffd733ead3306148d07eed75b8e6d76074caecde49475d2b2c58e217c,635
d09f8f37bb8b4201686957b4c57f9fed94221251bd02b775f382a6b6bf52f6cf,635
aebc0a0bae9657b188bddadc4f10c7d546b454eb9d7dbfd496b15dcc86346a9b,50
d014e4e258b9811af8a4147ad2391656c154c40c18a6fdda8c8c3abc3f9b9e70,129
ef4a7e478a9edcad4cb0ce58cd5f75f00e0a6fd2c57336119dfd42cb28e95507,1826
4c163238188bf786175a0453a6df71780dad57d5fcc92760edca1dd25fe3c8b9,148
ee9718a1e2b6907d7267aa50efd7548612440df6bece0d75384b67b8cbc36e3a,736
3611d9b8b81f27e044d3335be2172b8cd9abbf2d1fbe9584716d04ff2b0cbcd3,381
c54788c2c3572cef6179cc88aea7bfc5b9b2977e8671f5b6c6de3ac2d595a51d,381
3a6cf642bac6b07b6b1765f2b19bedc1e2fdb6864b8c7ee2e4e91f682fcff09a,162
c00b001d07f3565da391df354eb255fe3fad3c70e90117252677cad57380f1ce,537
e124e136f28b414ee8436f465487e70e98e834f2cbe9fbca352f7813d31556da,162
140a40ed58740d688e7781db33c5b27ba4aff3caa8b4bc901d2248eba2031e8b,887
35ec8aa606fc8c67aa5beeaa1620d3fd8d69f6bee2e05da98caed23048818e09,694
3d41151c70876cb41565c5b0223c56b4ba70cd0ab0227b991a78ec1e8d45c5e4,480
414d3e8cd98aeaf2b698d2f335b1786f528f8bda7df176314dfcc7f90ce10133,572
645bfcc418adbe88078033433d2b03b21af1943cfb852613bba944a3cbccb384,887
829c84d49d329883cb969b2eec14101c1fffecaefa58c93f1024624709bbfbeb,728
93e65d3176fd599ea67b7e9ac1ae32b808f50e02f064777ca3590b19ecbded91,887
2a55448da7a4700b8525da4c92268f6369c72a36a5d3e6d65b1a96dd13d02cde,5
2ff85f47e3b04f4f47b8e742da65917ffec9a33a2ac026abc44f0039d472db9a,60
4fcbf1a627a9db8940845126cdede741ea7c37ef1bd0d2a9a89d155d87e6b51c,9
5afcb1a54ccf023885d5695297037471b39d954d8248870e8dcf6aa54da68603,70
62eb47719bec284913fd128335b4664dd9b0dc48f2e5642d2ed312391bf60d50,70
a4df29b08d990f3d80afac8d0b22d99ded7696bf6f041eaa8fe658ebdbd1fa2e,60
bfd06c77ba35dfff2cb92e620787420bb7d825fe84ce69e8936c2ba279c054bf,9
c178db0dbe881da1e794af1e7c3d11d8f3e12855d27120e279f87298a7e190a3,70
f7efeb9b221d917ad431b09f4145b62547c3953f4660e2f4fecb47061897b49a,70
beb29af455427073145a4dfe6a7b2922d7a20e7884049edd53b0e5c407e6a7fc,902
82e11de4434449736e29e79c79fe0d868d587824266ebbaf82647d5ad05db6b3,13
f9fd2c1c8b10c909659c61b13a0d14852c854784ad1bbf37627317adf9af4937,13
acdb657ca6873f263320037c1a89cd686951312ab051be88fe83d45c05f73b52,360
6887bad95cfdf3df5f23842782aae95c01a3f57bc97694665dec338b16dea268,680
8917828f1f9b2f8e6a4a18f602fb2a0851798b0e1ab16cec6a088f3b74305777,831
4714cce986d9ee32c5b52157b1eceff8bd54e2f4cf4fbec3e6e7b2000d531f75,67
7de4c4fc50a54581b346ca90763a3c9e489082aee2509aa8d7ce3d115b3847a0,194
891f6998d029247ba1ecb81a526375fa518111419c65ff778628f239eaa26b25,994
985f2f966577a863ab456f2e016194a8460e55f77a4aba314e2cb85f262e30ff,994
a105e68a06f4f1cc8f2d3443a1d560b07d39516cadeb7d682e2ea65d7ed8410e,194
eb6d7a558946705381543d83c46bc53301acba954079245a9157781a01d23555,67
02af718a4086b7875c8f445c7754c4e29f7c57204b785d39e0d5efa9e5189239,647
02bad5ce2207bf5f0420a79952dbf0723dd642e03d77290640127f8f3ac64c5b,440
0652d6a20a9d759094adbd775266a7f933fa679deafe9a9c8689256158826016,799
0aab657c75d1299a85a4992f7f89bb78fb750abe10bdab33017ac5c4499883b8,1020
11a47fad2f1446b372777042cd68665c81d49372c28371fc43635a8d03e867b9,447
16a6c4816b57b8d02d49b40dc64792963051f479832db6e1f333d9c96c8c44fb,439
182c495f368a6371426359ce69cf2209e67485b67606ae16d95d0022c3848705,439
25126d934e709a5beb2b06d9e787de8085bb6942116f289d37f11fc8e2a93a49,440
27652dbf4143464f316caf7b070840c79d038bb96d0a171b8dbbdb1f87397e45,647
43e52dc06206e062301ec3669470b8f7e7b5e3d364aad7489b639d669821caf9,439
6514f2c0d498d4191140f6c19f10adc0619323ed9c8ee9cc304a03e650314a1b,647
7114a7b3f88fc3610fc27b1bb3bf75ae0046964cbc6f13a6e36ff7acad4d47d1,912
79a66711ddac68bda1dcac2ef868d7a6c9d6d19a232f6a2106685fddb31c5d8b,647
7c34caacfbd6d85ec0bd93709add5e39bbaa823783583e8c42e2bcd4fea9c4c5,647
852ee8ba2495e4aa909cc111aa31922fb733c75dd845e84b9615480493096d37,647
856bb75c805a94fb702cfdf1e761c2e50a5b62ae71f4d0418b911d90678ae625,439
8f9ef7e644471a4065f6e0cb43eb107cee1d34c9cf19e2cf1409e2de64944b19,799
9b7bb7b9f027f6c9f2bd7387be99ca8dcf90f3a1a6fc937ebee6f822df75113a,439
a06bce018ec9c675356e7f3c1a08775b83c1fedd8e5421814a2a07abb2f5b68a,647
a39c45e2ccd1f17b79471b122c2ebcc58b8d341cf9c8b6cadd61fd56d3dc4190,439
b4b8b2bb567e27a72646eb07ff698f8cbedb5a8464fc18b69c4a8a4aa91ad6d1,45
babe7e9cf1f733e86079892dada2f7c9580b3be0e8f96eeaa389e6341b64a51d,2501
bef8b7295f5bdec6cec89c016717ad5ec9e6f0ec92e3b747b881cde31802957c,439
d24be0fae6f2a0a52432e630292d82412b437eb619957f470be00199dd03918a,457
d4209f1fd144dce63889b02c5edfcb62d93d6985738020f3bd736fe10c09a9a9,647
d5b077c9eff06bc19beac34fb4f43a77431043154d10d4ec4bd80bab22d415c1,306
eafe205a32c168d1b7ba6efb8b3007f87d22991af07ca0c9ea33741ca37fb4f4,301
f3b92ce2a11e4f0f17e8d85e500fbb2d5bd9b8e3c1325c9a4526991c083c924d,799
f7b43c9a2a4884b13dd15d26cb46d711e5447066bf044fd77c39e4359451647a,647
fcfce5f6d0910e5ccff069ffbca25089660da7a901e937a0faad2568f7d15e85,660
ff9e8028c8f8f074d3e67a43fac363c58cfa265c781a49c8ebb14dd51a4cb76b,647
3a3d6575c17bac4dcf3ba54cc5f5800133e25dfd902fdfc52a6fda0b80a58563,150
7cc47256e4cb00834e1a1d51fda5f951217b30e8492319c9f856bd8bcf54508a,434
848a6804c3f7add315f2452531d69e0bc8c7fd7cc86b9eca7b0b3d410125cbfb,574
98724ef5f11ebbb66579952917420c89990eb46f6c365744d93cca52d527b6d3,1620
37afdc650bb49110c672457af336939e61d789956600c9d43aa1f37d9d57a0da,642
80fb4a687c2258928e0856e563250756b45562706dea854186cd058526d71260,0
996ab431e9071cdf5110320156fbedd043d4f2143f71e425d532cad6f2c19df5,0
321af4894da8aaf0b9cc1a6f090d83eed2659d80c0420d1827fd9bd1a58593f4,656
568a3113262b9d16c21a9cc9f9d10f7c19bb981ea9713395dec13aecac3e2e9a,1617
eb4e42d3327ac67262e027b058a28e38fae88b8f795d3eb0b9fb0314b5d0480c,656
