#,modeChange_locid,exeEvent_locid,modeChange_logid,exeEvent_logid,modeChange_msg,exeEvent_msg,name,eventType,exeEvent_ts
1,f17b6b01-fe68-4167-8e52-ee79ee223e68,f17b6b01-fe68-4167-8e52-ee79ee223e68,851dbeb3-9f61-4f88-a431-2e867c479552.69bd65,851dbeb3-9f61-4f88-a431-2e867c479552.69bd65,set-location-mode-success,execute-event,Home,TIMER_EVENT,2023-05-25T10:00:07.285751824Z
2,f17b6b01-fe68-4167-8e52-ee79ee223e68,f17b6b01-fe68-4167-8e52-ee79ee223e68,e5acf4c8-382e-4470-9ccc-27e78a47d1c7.59f963,e5acf4c8-382e-4470-9ccc-27e78a47d1c7.59f963,set-location-mode-success,execute-event,Night,TIMER_EVENT,2023-05-25T05:00:06.07056696Z
3,f17b6b01-fe68-4167-8e52-ee79ee223e68,f17b6b01-fe68-4167-8e52-ee79ee223e68,0a16edfb-f4b0-4102-97c8-74d79d1b98f0.e4b59a,0a16edfb-f4b0-4102-97c8-74d79d1b98f0.e4b59a,set-location-mode-success,execute-event,Home,TIMER_EVENT,2023-05-24T10:00:06.94262979Z
4,f17b6b01-fe68-4167-8e52-ee79ee223e68,f17b6b01-fe68-4167-8e52-ee79ee223e68,0e4c16d5-61c1-48b2-abe5-74f2ef439aa6.73515a,0e4c16d5-61c1-48b2-abe5-74f2ef439aa6.73515a,set-location-mode-success,execute-event,Night,TIMER_EVENT,2023-05-24T05:00:06.380349757Z
5,f17b6b01-fe68-4167-8e52-ee79ee223e68,f17b6b01-fe68-4167-8e52-ee79ee223e68,af8fa1e8-10eb-4429-8a01-0fd3014fd97e.d0cb99,af8fa1e8-10eb-4429-8a01-0fd3014fd97e.d0cb99,set-location-mode-success,execute-event,Home,TIMER_EVENT,2023-05-23T10:00:07.533863704Z
6,f17b6b01-fe68-4167-8e52-ee79ee223e68,f17b6b01-fe68-4167-8e52-ee79ee223e68,231644eb-24fb-4b6a-8ce1-bf48e3f910aa.b142ac,231644eb-24fb-4b6a-8ce1-bf48e3f910aa.b142ac,set-location-mode-success,execute-event,Night,TIMER_EVENT,2023-05-23T05:00:05.299393605Z
7,f17b6b01-fe68-4167-8e52-ee79ee223e68,f17b6b01-fe68-4167-8e52-ee79ee223e68,b88b6ddc-4492-46d1-b645-f5c22f72638a.678c41,b88b6ddc-4492-46d1-b645-f5c22f72638a.678c41,set-location-mode-success,execute-event,Home,TIMER_EVENT,2023-05-22T10:00:06.396485603Z
8,f17b6b01-fe68-4167-8e52-ee79ee223e68,f17b6b01-fe68-4167-8e52-ee79ee223e68,35c06a37-9759-4bd1-95f0-429387107e73.39325a,35c06a37-9759-4bd1-95f0-429387107e73.39325a,set-location-mode-success,execute-event,Night,TIMER_EVENT,2023-05-22T05:00:04.667044513Z
9,f17b6b01-fe68-4167-8e52-ee79ee223e68,f17b6b01-fe68-4167-8e52-ee79ee223e68,ea66a9d6-c82d-4bb3-ad3f-50ea99fd30c9.daf858,ea66a9d6-c82d-4bb3-ad3f-50ea99fd30c9.daf858,set-location-mode-success,execute-event,Home,TIMER_EVENT,2023-05-21T10:00:07.181278316Z
10,f17b6b01-fe68-4167-8e52-ee79ee223e68,f17b6b01-fe68-4167-8e52-ee79ee223e68,d62c6cc7-8731-4d50-858f-162769e8af75.030ee3,d62c6cc7-8731-4d50-858f-162769e8af75.030ee3,set-location-mode-success,execute-event,Night,TIMER_EVENT,2023-05-21T05:00:04.959957813Z
11,f17b6b01-fe68-4167-8e52-ee79ee223e68,f17b6b01-fe68-4167-8e52-ee79ee223e68,9d6d35a6-4b7b-4c78-86ac-1720a43c5f72.f43e57,9d6d35a6-4b7b-4c78-86ac-1720a43c5f72.f43e57,set-location-mode-success,execute-event,Home,TIMER_EVENT,2023-05-20T10:00:07.112798945Z
12,f17b6b01-fe68-4167-8e52-ee79ee223e68,f17b6b01-fe68-4167-8e52-ee79ee223e68,175a79b4-bf8f-4d72-9813-d085b23c95bc.33cef9,175a79b4-bf8f-4d72-9813-d085b23c95bc.33cef9,set-location-mode-success,execute-event,Night,TIMER_EVENT,2023-05-20T05:00:06.181477091Z
13,f17b6b01-fe68-4167-8e52-ee79ee223e68,f17b6b01-fe68-4167-8e52-ee79ee223e68,b16f5084-b141-4ba3-b20f-050ebc4ba923.97483e,b16f5084-b141-4ba3-b20f-050ebc4ba923.97483e,set-location-mode-success,execute-event,Home,TIMER_EVENT,2023-05-19T10:00:06.064274331Z
14,f17b6b01-fe68-4167-8e52-ee79ee223e68,f17b6b01-fe68-4167-8e52-ee79ee223e68,4d97cd73-5ecb-49b0-b6f0-5a6f3348bb72.3600e7,4d97cd73-5ecb-49b0-b6f0-5a6f3348bb72.3600e7,set-location-mode-success,execute-event,Night,TIMER_EVENT,2023-05-19T05:00:06.570653953Z
15,f17b6b01-fe68-4167-8e52-ee79ee223e68,f17b6b01-fe68-4167-8e52-ee79ee223e68,62e38bca-3373-40c9-9770-25caa013abe1.dde873,62e38bca-3373-40c9-9770-25caa013abe1.dde873,set-location-mode-success,execute-event,Home,TIMER_EVENT,2023-05-18T10:00:06.341059071Z
16,f17b6b01-fe68-4167-8e52-ee79ee223e68,f17b6b01-fe68-4167-8e52-ee79ee223e68,3b3576b7-1ca1-4f78-8a09-cd77a4767f23.c318a7,3b3576b7-1ca1-4f78-8a09-cd77a4767f23.c318a7,set-location-mode-success,execute-event,Night,TIMER_EVENT,2023-05-18T05:00:06.026160548Z
17,f17b6b01-fe68-4167-8e52-ee79ee223e68,f17b6b01-fe68-4167-8e52-ee79ee223e68,c385fbdb-7786-47d1-95b9-00a4cabf64f2.250b57,c385fbdb-7786-47d1-95b9-00a4cabf64f2.250b57,set-location-mode-success,execute-event,Home,TIMER_EVENT,2023-05-17T10:00:07.194669178Z
18,f17b6b01-fe68-4167-8e52-ee79ee223e68,f17b6b01-fe68-4167-8e52-ee79ee223e68,285f2f19-b9e0-474d-b7da-3d490f753147.749e4b,285f2f19-b9e0-474d-b7da-3d490f753147.749e4b,set-location-mode-success,execute-event,Night,TIMER_EVENT,2023-05-17T05:00:05.451623801Z
19,f17b6b01-fe68-4167-8e52-ee79ee223e68,f17b6b01-fe68-4167-8e52-ee79ee223e68,3526a686-bf60-43d1-85e5-c4b523252777.ced5e8,3526a686-bf60-43d1-85e5-c4b523252777.ced5e8,set-location-mode-success,execute-event,Home,TIMER_EVENT,2023-05-16T10:00:06.554748211Z
20,f17b6b01-fe68-4167-8e52-ee79ee223e68,f17b6b01-fe68-4167-8e52-ee79ee223e68,a5c245bb-4629-49b2-ace1-1a5976cdd939.c44595,a5c245bb-4629-49b2-ace1-1a5976cdd939.c44595,set-location-mode-success,execute-event,Night,TIMER_EVENT,2023-05-16T05:00:05.556605734Z
21,f17b6b01-fe68-4167-8e52-ee79ee223e68,f17b6b01-fe68-4167-8e52-ee79ee223e68,8f7d157c-0efc-4b08-acf2-2ed2aedeffa7.8582d7,8f7d157c-0efc-4b08-acf2-2ed2aedeffa7.8582d7,set-location-mode-success,execute-event,Home,TIMER_EVENT,2023-05-15T10:00:07.812505753Z
22,f17b6b01-fe68-4167-8e52-ee79ee223e68,f17b6b01-fe68-4167-8e52-ee79ee223e68,635d168c-0607-4ca7-95fe-51bc35c5f3df.a49545,635d168c-0607-4ca7-95fe-51bc35c5f3df.a49545,set-location-mode-success,execute-event,Night,TIMER_EVENT,2023-05-15T05:00:05.486973681Z
23,f17b6b01-fe68-4167-8e52-ee79ee223e68,f17b6b01-fe68-4167-8e52-ee79ee223e68,7df7d4d1-d4a4-4397-9279-84d374946a0b.3ce497,7df7d4d1-d4a4-4397-9279-84d374946a0b.3ce497,set-location-mode-success,execute-event,Home,TIMER_EVENT,2023-05-14T10:00:07.535056306Z
24,f17b6b01-fe68-4167-8e52-ee79ee223e68,f17b6b01-fe68-4167-8e52-ee79ee223e68,7edcabb1-9aea-4751-804e-01118df4a8ae.396403,7edcabb1-9aea-4751-804e-01118df4a8ae.396403,set-location-mode-success,execute-event,Night,TIMER_EVENT,2023-05-14T05:00:05.657885807Z
25,f17b6b01-fe68-4167-8e52-ee79ee223e68,f17b6b01-fe68-4167-8e52-ee79ee223e68,2416a937-b092-487e-b8a7-b7d5ec7c11c5.ada5f5,2416a937-b092-487e-b8a7-b7d5ec7c11c5.ada5f5,set-location-mode-success,execute-event,Home,TIMER_EVENT,2023-05-13T10:00:06.276340349Z
26,f17b6b01-fe68-4167-8e52-ee79ee223e68,f17b6b01-fe68-4167-8e52-ee79ee223e68,78a3f92d-742f-4398-b2ac-98ae7ac82f1c.947a69,78a3f92d-742f-4398-b2ac-98ae7ac82f1c.947a69,set-location-mode-success,execute-event,Night,TIMER_EVENT,2023-05-13T05:00:05.548819085Z
27,f17b6b01-fe68-4167-8e52-ee79ee223e68,f17b6b01-fe68-4167-8e52-ee79ee223e68,26ece004-241b-4fa8-9e64-8d3375509b91.467bd4,26ece004-241b-4fa8-9e64-8d3375509b91.467bd4,set-location-mode-success,execute-event,Home,TIMER_EVENT,2023-05-12T10:00:07.416911735Z
28,eac051c1-6188-4b2f-86cd-6d3514dffe0f,eac051c1-6188-4b2f-86cd-6d3514dffe0f,4d0bbd89-8a3f-44f6-85e4-fe87a05cfa13.1cf78f,4d0bbd89-8a3f-44f6-85e4-fe87a05cfa13.1cf78f,set-location-mode-success,execute-event,Home,TIMER_EVENT,2023-05-23T14:45:03.095475784Z
29,eac051c1-6188-4b2f-86cd-6d3514dffe0f,eac051c1-6188-4b2f-86cd-6d3514dffe0f,af63ff51-5bc3-4642-9234-4702a0a04a9b.a399eb,af63ff51-5bc3-4642-9234-4702a0a04a9b.a399eb,set-location-mode-success,execute-event,One sleeping one awake,DEVICE_EVENT,2023-05-23T12:52:24.625385694Z
30,eac051c1-6188-4b2f-86cd-6d3514dffe0f,eac051c1-6188-4b2f-86cd-6d3514dffe0f,6048f3b0-83ad-46f7-9865-46db6fc3a90a_caab5e3f-b037-4a38-98a3-d6ed0d00701b.fa3bee,6048f3b0-83ad-46f7-9865-46db6fc3a90a_caab5e3f-b037-4a38-98a3-d6ed0d00701b.fa3bee,set-location-mode-success,execute-event,Sleep,DEVICE_EVENT,2023-05-23T04:26:20.793519848Z
31,eac051c1-6188-4b2f-86cd-6d3514dffe0f,eac051c1-6188-4b2f-86cd-6d3514dffe0f,5f9603d9-86da-4e2b-b7b5-aae82aece51c.b0ea52,5f9603d9-86da-4e2b-b7b5-aae82aece51c.b0ea52,set-location-mode-success,execute-event,Home,TIMER_EVENT,2023-05-22T14:45:01.919138004Z
32,eac051c1-6188-4b2f-86cd-6d3514dffe0f,eac051c1-6188-4b2f-86cd-6d3514dffe0f,a86f070f-3108-4a2a-a088-a4fe73b73da9.14655e,a86f070f-3108-4a2a-a088-a4fe73b73da9.14655e,set-location-mode-success,execute-event,One sleeping one awake,DEVICE_EVENT,2023-05-22T10:26:36.831068343Z
33,eac051c1-6188-4b2f-86cd-6d3514dffe0f,eac051c1-6188-4b2f-86cd-6d3514dffe0f,27ac150e-a6d7-4cd2-9da0-2448b73f01be_44e527e1-1794-4270-944a-96c8ea2e7ad7.0e5038,27ac150e-a6d7-4cd2-9da0-2448b73f01be_44e527e1-1794-4270-944a-96c8ea2e7ad7.0e5038,set-location-mode-success,execute-event,Sleep,DEVICE_EVENT,2023-05-22T04:24:54.862175643Z
34,eac051c1-6188-4b2f-86cd-6d3514dffe0f,eac051c1-6188-4b2f-86cd-6d3514dffe0f,67e78c87-f0e4-49be-b5a3-e378e98118aa.ac9511,67e78c87-f0e4-49be-b5a3-e378e98118aa.ac9511,set-location-mode-success,execute-event,Home,TIMER_EVENT,2023-05-21T14:45:02.247017095Z
35,eac051c1-6188-4b2f-86cd-6d3514dffe0f,eac051c1-6188-4b2f-86cd-6d3514dffe0f,b15d8226-e137-4be9-8256-7a80277baa30.acdcfe,b15d8226-e137-4be9-8256-7a80277baa30.acdcfe,set-location-mode-success,execute-event,One sleeping one awake,DEVICE_EVENT,2023-05-21T13:01:37.195503951Z
36,eac051c1-6188-4b2f-86cd-6d3514dffe0f,eac051c1-6188-4b2f-86cd-6d3514dffe0f,6422ba86-c425-4a2c-acc1-317c8c8b9191_5e68acf2-aa4e-4597-b3e8-969192744a7d.d6d16d,6422ba86-c425-4a2c-acc1-317c8c8b9191_5e68acf2-aa4e-4597-b3e8-969192744a7d.d6d16d,set-location-mode-success,execute-event,Sleep,DEVICE_EVENT,2023-05-21T06:24:38.221181247Z
37,eac051c1-6188-4b2f-86cd-6d3514dffe0f,eac051c1-6188-4b2f-86cd-6d3514dffe0f,99363766-dfa3-4a1b-99fe-525bb6c0b672.dccb6b,99363766-dfa3-4a1b-99fe-525bb6c0b672.dccb6b,set-location-mode-success,execute-event,Home,TIMER_EVENT,2023-05-20T14:45:03.109137856Z
38,eac051c1-6188-4b2f-86cd-6d3514dffe0f,eac051c1-6188-4b2f-86cd-6d3514dffe0f,3a69781d-4aab-49b8-b6ec-52df472d81cb.8fc614,3a69781d-4aab-49b8-b6ec-52df472d81cb.8fc614,set-location-mode-success,execute-event,One sleeping one awake,DEVICE_EVENT,2023-05-20T14:00:19.581659346Z
39,eac051c1-6188-4b2f-86cd-6d3514dffe0f,eac051c1-6188-4b2f-86cd-6d3514dffe0f,77e0ead1-851e-436d-9784-a3adafa927ab_e21af1ab-1484-4c06-a5d0-22729c9c98b2.f91b49,77e0ead1-851e-436d-9784-a3adafa927ab_e21af1ab-1484-4c06-a5d0-22729c9c98b2.f91b49,set-location-mode-success,execute-event,Sleep,DEVICE_EVENT,2023-05-20T04:37:28.833529436Z
40,eac051c1-6188-4b2f-86cd-6d3514dffe0f,eac051c1-6188-4b2f-86cd-6d3514dffe0f,259b9861-e35c-47c1-9a20-a646f7db1bcb.81be97,259b9861-e35c-47c1-9a20-a646f7db1bcb.81be97,set-location-mode-success,execute-event,Home,TIMER_EVENT,2023-05-19T14:45:02.166044023Z
41,eac051c1-6188-4b2f-86cd-6d3514dffe0f,eac051c1-6188-4b2f-86cd-6d3514dffe0f,de6bee4f-7ea4-4c89-85ca-f5d644367aa1.adb582,de6bee4f-7ea4-4c89-85ca-f5d644367aa1.adb582,set-location-mode-success,execute-event,One sleeping one awake,DEVICE_EVENT,2023-05-19T11:30:29.495291489Z
42,eac051c1-6188-4b2f-86cd-6d3514dffe0f,eac051c1-6188-4b2f-86cd-6d3514dffe0f,7e35d8df-ad26-48be-9e38-f1bfbdc6b5d0_06edb415-a164-4e66-8ae4-e34ce60f9e06.3f87e8,7e35d8df-ad26-48be-9e38-f1bfbdc6b5d0_06edb415-a164-4e66-8ae4-e34ce60f9e06.3f87e8,set-location-mode-success,execute-event,Sleep,DEVICE_EVENT,2023-05-19T05:21:09.835654045Z
43,eac051c1-6188-4b2f-86cd-6d3514dffe0f,eac051c1-6188-4b2f-86cd-6d3514dffe0f,7a38ca09-a9be-4c5f-abeb-f158ec8696a2.13a1f2,7a38ca09-a9be-4c5f-abeb-f158ec8696a2.13a1f2,set-location-mode-success,execute-event,Home,TIMER_EVENT,2023-05-18T14:45:02.519074528Z
44,eac051c1-6188-4b2f-86cd-6d3514dffe0f,eac051c1-6188-4b2f-86cd-6d3514dffe0f,13f54afd-e555-43db-83e3-180b7da339a5.3927dc,13f54afd-e555-43db-83e3-180b7da339a5.3927dc,set-location-mode-success,execute-event,One sleeping one awake,DEVICE_EVENT,2023-05-18T11:01:52.317512457Z
45,eac051c1-6188-4b2f-86cd-6d3514dffe0f,eac051c1-6188-4b2f-86cd-6d3514dffe0f,d983410e-aa3f-4613-a510-d89cd4ccb809_29d5b057-9dc2-42a7-9240-64052c4f5308.cbfbb1,d983410e-aa3f-4613-a510-d89cd4ccb809_29d5b057-9dc2-42a7-9240-64052c4f5308.cbfbb1,set-location-mode-success,execute-event,Sleep,DEVICE_EVENT,2023-05-18T04:40:30.285575812Z
46,eac051c1-6188-4b2f-86cd-6d3514dffe0f,eac051c1-6188-4b2f-86cd-6d3514dffe0f,4a94828c-b252-41fb-a0ab-3d49b3afe450.6fdefa,4a94828c-b252-41fb-a0ab-3d49b3afe450.6fdefa,set-location-mode-success,execute-event,Home,TIMER_EVENT,2023-05-17T14:45:02.437492515Z
47,eac051c1-6188-4b2f-86cd-6d3514dffe0f,eac051c1-6188-4b2f-86cd-6d3514dffe0f,61c3e9df-b427-4f2e-988a-d276c95b8228.1b6d59,61c3e9df-b427-4f2e-988a-d276c95b8228.1b6d59,set-location-mode-success,execute-event,One sleeping one awake,DEVICE_EVENT,2023-05-17T12:18:06.890285171Z
48,eac051c1-6188-4b2f-86cd-6d3514dffe0f,eac051c1-6188-4b2f-86cd-6d3514dffe0f,112503ce-552c-41b0-9462-9489019c1cae_3b73a7d1-bfd0-4cb8-a6fd-9057a6655436.066b8d,112503ce-552c-41b0-9462-9489019c1cae_3b73a7d1-bfd0-4cb8-a6fd-9057a6655436.066b8d,set-location-mode-success,execute-event,Sleep,DEVICE_EVENT,2023-05-16T04:19:20.678599901Z
49,eac051c1-6188-4b2f-86cd-6d3514dffe0f,eac051c1-6188-4b2f-86cd-6d3514dffe0f,1d922bfe-7599-424e-a5a5-a8075af5c3d9.3ed835,1d922bfe-7599-424e-a5a5-a8075af5c3d9.3ed835,set-location-mode-success,execute-event,Away,DEVICE_EVENT,2023-05-15T16:09:30.556669235Z
50,eac051c1-6188-4b2f-86cd-6d3514dffe0f,eac051c1-6188-4b2f-86cd-6d3514dffe0f,43e81857-9a95-47d8-a2f2-bce9578bea85.28f383,43e81857-9a95-47d8-a2f2-bce9578bea85.28f383,set-location-mode-success,execute-event,Home,TIMER_EVENT,2023-05-15T14:45:02.220378565Z
51,eac051c1-6188-4b2f-86cd-6d3514dffe0f,eac051c1-6188-4b2f-86cd-6d3514dffe0f,205a2cb0-05e6-402c-8d3b-6364a4c58319.60cec9,205a2cb0-05e6-402c-8d3b-6364a4c58319.60cec9,set-location-mode-success,execute-event,One sleeping one awake,DEVICE_EVENT,2023-05-15T11:54:30.873959672Z
52,eac051c1-6188-4b2f-86cd-6d3514dffe0f,eac051c1-6188-4b2f-86cd-6d3514dffe0f,88aa6561-8bc8-4dbd-86c6-67955a1f545c_ab6b4117-574a-4cf9-95a6-67454ae968c7.29fa4e,88aa6561-8bc8-4dbd-86c6-67955a1f545c_ab6b4117-574a-4cf9-95a6-67454ae968c7.29fa4e,set-location-mode-success,execute-event,Sleep,DEVICE_EVENT,2023-05-15T04:46:33.744079585Z
53,eac051c1-6188-4b2f-86cd-6d3514dffe0f,eac051c1-6188-4b2f-86cd-6d3514dffe0f,24bd32aa-85dd-4d10-b7e6-ed733dab4ba2.bdf656,24bd32aa-85dd-4d10-b7e6-ed733dab4ba2.bdf656,set-location-mode-success,execute-event,Home,DEVICE_EVENT,2023-05-15T00:52:58.394426859Z
54,eac051c1-6188-4b2f-86cd-6d3514dffe0f,eac051c1-6188-4b2f-86cd-6d3514dffe0f,ad0efb15-4a47-41e5-abdf-a21625383ce2.b81d08,ad0efb15-4a47-41e5-abdf-a21625383ce2.b81d08,set-location-mode-success,execute-event,Away,DEVICE_EVENT,2023-05-14T18:29:00.478365521Z
55,eac051c1-6188-4b2f-86cd-6d3514dffe0f,eac051c1-6188-4b2f-86cd-6d3514dffe0f,67917bf3-911a-4619-94fe-8cba2007c7f1.f62b51,67917bf3-911a-4619-94fe-8cba2007c7f1.f62b51,set-location-mode-success,execute-event,Home,DEVICE_EVENT,2023-05-14T18:22:32.931650657Z
56,eac051c1-6188-4b2f-86cd-6d3514dffe0f,eac051c1-6188-4b2f-86cd-6d3514dffe0f,825cd6ae-28cc-4871-8739-f055bf478795.70d033,825cd6ae-28cc-4871-8739-f055bf478795.70d033,set-location-mode-success,execute-event,Away,DEVICE_EVENT,2023-05-14T18:18:49.853165367Z
57,eac051c1-6188-4b2f-86cd-6d3514dffe0f,eac051c1-6188-4b2f-86cd-6d3514dffe0f,692b2ade-1d88-4864-842a-5c5d4fa16b36.9f1faf,692b2ade-1d88-4864-842a-5c5d4fa16b36.9f1faf,set-location-mode-success,execute-event,Home,TIMER_EVENT,2023-05-14T14:45:02.89783649Z
58,eac051c1-6188-4b2f-86cd-6d3514dffe0f,eac051c1-6188-4b2f-86cd-6d3514dffe0f,540fd386-5ffd-438d-80f4-b6b258ce62ce.b9c413,540fd386-5ffd-438d-80f4-b6b258ce62ce.b9c413,set-location-mode-success,execute-event,One sleeping one awake,DEVICE_EVENT,2023-05-14T13:09:16.069414657Z
59,eac051c1-6188-4b2f-86cd-6d3514dffe0f,eac051c1-6188-4b2f-86cd-6d3514dffe0f,a68182d7-f4f8-47bc-a875-f72efadc2a76_de071e3d-b17c-4d5a-9672-ccfb2267368d.df4cb2,a68182d7-f4f8-47bc-a875-f72efadc2a76_de071e3d-b17c-4d5a-9672-ccfb2267368d.df4cb2,set-location-mode-success,execute-event,Sleep,DEVICE_EVENT,2023-05-14T06:28:21.757522851Z
60,eac051c1-6188-4b2f-86cd-6d3514dffe0f,eac051c1-6188-4b2f-86cd-6d3514dffe0f,ee465cc9-9d3a-4401-98e7-f4afa5122c34.b5a929,ee465cc9-9d3a-4401-98e7-f4afa5122c34.b5a929,set-location-mode-success,execute-event,Home,TIMER_EVENT,2023-05-13T14:45:02.105297893Z
61,eac051c1-6188-4b2f-86cd-6d3514dffe0f,eac051c1-6188-4b2f-86cd-6d3514dffe0f,8b10c1ea-8070-4cc4-b9c2-a15587c4abbb.5b19d2,8b10c1ea-8070-4cc4-b9c2-a15587c4abbb.5b19d2,set-location-mode-success,execute-event,One sleeping one awake,DEVICE_EVENT,2023-05-13T13:29:47.142288898Z
62,eac051c1-6188-4b2f-86cd-6d3514dffe0f,eac051c1-6188-4b2f-86cd-6d3514dffe0f,b022633f-6ce0-457c-b375-547f0017ddae_d51092cc-0c95-4de1-9468-366570131b17.b1a760,b022633f-6ce0-457c-b375-547f0017ddae_d51092cc-0c95-4de1-9468-366570131b17.b1a760,set-location-mode-success,execute-event,Sleep,DEVICE_EVENT,2023-05-13T08:13:39.865783643Z
63,eac051c1-6188-4b2f-86cd-6d3514dffe0f,eac051c1-6188-4b2f-86cd-6d3514dffe0f,a9e823d9-b8a0-440c-8c36-316a1277c512_d76731e1-68b6-48db-b2f9-9741742d3165.fdfbba,a9e823d9-b8a0-440c-8c36-316a1277c512_d76731e1-68b6-48db-b2f9-9741742d3165.fdfbba,set-location-mode-success,execute-event,One sleeping one awake,DEVICE_EVENT,2023-05-13T07:59:54.780871969Z
64,eac051c1-6188-4b2f-86cd-6d3514dffe0f,eac051c1-6188-4b2f-86cd-6d3514dffe0f,e73d9632-1750-4bff-9146-042410dc6de6.da300b,e73d9632-1750-4bff-9146-042410dc6de6.da300b,set-location-mode-success,execute-event,Away,DEVICE_EVENT,2023-05-12T21:49:59.379873356Z
65,eac051c1-6188-4b2f-86cd-6d3514dffe0f,eac051c1-6188-4b2f-86cd-6d3514dffe0f,5e62a99b-cb8f-4053-8e55-0b54ad097e20.d8c9b8,5e62a99b-cb8f-4053-8e55-0b54ad097e20.d8c9b8,set-location-mode-success,execute-event,Home,TIMER_EVENT,2023-05-12T14:45:02.700173701Z
66,eac051c1-6188-4b2f-86cd-6d3514dffe0f,eac051c1-6188-4b2f-86cd-6d3514dffe0f,556a69c6-0056-45de-b1bf-0ed83d360681.a5f5f7,556a69c6-0056-45de-b1bf-0ed83d360681.a5f5f7,set-location-mode-success,execute-event,One sleeping one awake,DEVICE_EVENT,2023-05-12T12:39:37.338535582Z
67,eac051c1-6188-4b2f-86cd-6d3514dffe0f,eac051c1-6188-4b2f-86cd-6d3514dffe0f,0bf09f78-9e90-4dd4-a7a1-d0604cefbb76_4c89cf94-bcd9-4d1a-976d-46ee6c2e3b32.004d01,0bf09f78-9e90-4dd4-a7a1-d0604cefbb76_4c89cf94-bcd9-4d1a-976d-46ee6c2e3b32.004d01,set-location-mode-success,execute-event,Sleep,DEVICE_EVENT,2023-05-12T05:00:05.89518881Z
68,eac051c1-6188-4b2f-86cd-6d3514dffe0f,eac051c1-6188-4b2f-86cd-6d3514dffe0f,0bfdcd89-963e-40ae-af15-95c29647e632.4cb6c7,0bfdcd89-963e-40ae-af15-95c29647e632.4cb6c7,set-location-mode-success,execute-event,Home,DEVICE_EVENT,2023-05-11T23:08:53.288199493Z
69,eac051c1-6188-4b2f-86cd-6d3514dffe0f,eac051c1-6188-4b2f-86cd-6d3514dffe0f,9000d40d-8564-4e42-807a-80662d7b72f4.3785d0,9000d40d-8564-4e42-807a-80662d7b72f4.3785d0,set-location-mode-success,execute-event,Away,DEVICE_EVENT,2023-05-11T21:31:30.245777473Z
70,eac051c1-6188-4b2f-86cd-6d3514dffe0f,eac051c1-6188-4b2f-86cd-6d3514dffe0f,0cc4aa39-b648-42e1-b6b9-b64f2e4685a0.dfb763,0cc4aa39-b648-42e1-b6b9-b64f2e4685a0.dfb763,set-location-mode-success,execute-event,Home,DEVICE_EVENT,2023-05-11T19:02:09.079530996Z
71,02426c4e-bea7-428b-866a-42c90585e452,02426c4e-bea7-428b-866a-42c90585e452,f2b409be-dc16-40c0-91af-2a32fa28cc34.9f6617,f2b409be-dc16-40c0-91af-2a32fa28cc34.9f6617,set-location-mode-success,execute-event,Home,DEVICE_EVENT,2023-05-25T14:10:17.259364734Z
72,02426c4e-bea7-428b-866a-42c90585e452,02426c4e-bea7-428b-866a-42c90585e452,f2b409be-dc16-40c0-91af-2a32fa28cc34.7fb364,f2b409be-dc16-40c0-91af-2a32fa28cc34.7fb364,set-location-mode-success,execute-event,Home,DEVICE_EVENT,2023-05-25T14:10:17.257212832Z
73,02426c4e-bea7-428b-866a-42c90585e452,02426c4e-bea7-428b-866a-42c90585e452,9a8a71f7-3c18-49ca-9d04-4dfe54c99015.a7499e,9a8a71f7-3c18-49ca-9d04-4dfe54c99015.a7499e,set-location-mode-success,execute-event,Disarm,TIMER_EVENT,2023-05-25T12:00:00.301236867Z
74,02426c4e-bea7-428b-866a-42c90585e452,02426c4e-bea7-428b-866a-42c90585e452,dc75c9a5-d5ea-4262-8bbd-0fa52b1d88e3.f5a255,dc75c9a5-d5ea-4262-8bbd-0fa52b1d88e3.f5a255,set-location-mode-success,execute-event,Home,DEVICE_EVENT,2023-05-24T13:15:26.933377816Z
75,02426c4e-bea7-428b-866a-42c90585e452,02426c4e-bea7-428b-866a-42c90585e452,dc75c9a5-d5ea-4262-8bbd-0fa52b1d88e3.74f51d,dc75c9a5-d5ea-4262-8bbd-0fa52b1d88e3.74f51d,set-location-mode-success,execute-event,Home,DEVICE_EVENT,2023-05-24T13:15:26.928999679Z
76,02426c4e-bea7-428b-866a-42c90585e452,02426c4e-bea7-428b-866a-42c90585e452,82adf5ab-5292-4807-8229-e460c3dfa38c.01eda4,82adf5ab-5292-4807-8229-e460c3dfa38c.01eda4,set-location-mode-success,execute-event,Disarm,TIMER_EVENT,2023-05-24T12:00:00.122908409Z
77,02426c4e-bea7-428b-866a-42c90585e452,02426c4e-bea7-428b-866a-42c90585e452,4c60cf39-03a8-4e1d-aebf-55485e391e8d.18dd57,4c60cf39-03a8-4e1d-aebf-55485e391e8d.18dd57,set-location-mode-success,execute-event,Home,DEVICE_EVENT,2023-05-23T12:55:31.501377743Z
78,02426c4e-bea7-428b-866a-42c90585e452,02426c4e-bea7-428b-866a-42c90585e452,4c60cf39-03a8-4e1d-aebf-55485e391e8d.07ad54,4c60cf39-03a8-4e1d-aebf-55485e391e8d.07ad54,set-location-mode-success,execute-event,Home,DEVICE_EVENT,2023-05-23T12:55:31.49877529Z
79,02426c4e-bea7-428b-866a-42c90585e452,02426c4e-bea7-428b-866a-42c90585e452,098163e9-be9d-4bdc-823a-29f74c7cf52a.e56a96,098163e9-be9d-4bdc-823a-29f74c7cf52a.e56a96,set-location-mode-success,execute-event,Disarm,TIMER_EVENT,2023-05-23T12:00:00.463063934Z
80,02426c4e-bea7-428b-866a-42c90585e452,02426c4e-bea7-428b-866a-42c90585e452,1f99f62b-19d2-4b62-a1f2-a130016ee6ed.b19c35,1f99f62b-19d2-4b62-a1f2-a130016ee6ed.b19c35,set-location-mode-success,execute-event,Home,DEVICE_EVENT,2023-05-22T14:25:11.8135584Z
81,02426c4e-bea7-428b-866a-42c90585e452,02426c4e-bea7-428b-866a-42c90585e452,1f99f62b-19d2-4b62-a1f2-a130016ee6ed.880b16,1f99f62b-19d2-4b62-a1f2-a130016ee6ed.880b16,set-location-mode-success,execute-event,Home,DEVICE_EVENT,2023-05-22T14:25:11.807366241Z
82,02426c4e-bea7-428b-866a-42c90585e452,02426c4e-bea7-428b-866a-42c90585e452,69d7f69f-b283-4bcd-a507-172e75ed11d3.1a9610,69d7f69f-b283-4bcd-a507-172e75ed11d3.1a9610,set-location-mode-success,execute-event,Disarm,TIMER_EVENT,2023-05-22T12:00:00.140200614Z
83,02426c4e-bea7-428b-866a-42c90585e452,02426c4e-bea7-428b-866a-42c90585e452,f9404179-4dd6-45bc-b5c3-ab0ff4fd19be.4f691f,f9404179-4dd6-45bc-b5c3-ab0ff4fd19be.4f691f,set-location-mode-success,execute-event,Home,DEVICE_EVENT,2023-05-21T13:59:44.604648376Z
84,02426c4e-bea7-428b-866a-42c90585e452,02426c4e-bea7-428b-866a-42c90585e452,f9404179-4dd6-45bc-b5c3-ab0ff4fd19be.8b003d,f9404179-4dd6-45bc-b5c3-ab0ff4fd19be.8b003d,set-location-mode-success,execute-event,Home,DEVICE_EVENT,2023-05-21T13:59:44.602407039Z
85,02426c4e-bea7-428b-866a-42c90585e452,02426c4e-bea7-428b-866a-42c90585e452,57d8f528-934f-4a5f-8958-c74bc11988bb.aa72d7,57d8f528-934f-4a5f-8958-c74bc11988bb.aa72d7,set-location-mode-success,execute-event,Disarm,TIMER_EVENT,2023-05-21T12:00:00.179059914Z
86,02426c4e-bea7-428b-866a-42c90585e452,02426c4e-bea7-428b-866a-42c90585e452,c9138bf9-b090-4fe5-8a3f-8c4a976e97f0.769770,c9138bf9-b090-4fe5-8a3f-8c4a976e97f0.769770,set-location-mode-success,execute-event,Home,DEVICE_EVENT,2023-05-20T14:11:13.273695141Z
87,02426c4e-bea7-428b-866a-42c90585e452,02426c4e-bea7-428b-866a-42c90585e452,c9138bf9-b090-4fe5-8a3f-8c4a976e97f0.c9b5f4,c9138bf9-b090-4fe5-8a3f-8c4a976e97f0.c9b5f4,set-location-mode-success,execute-event,Home,DEVICE_EVENT,2023-05-20T14:11:13.272859305Z
88,02426c4e-bea7-428b-866a-42c90585e452,02426c4e-bea7-428b-866a-42c90585e452,7d34eaea-5c67-425a-bfeb-732187c587f7.6e18f4,7d34eaea-5c67-425a-bfeb-732187c587f7.6e18f4,set-location-mode-success,execute-event,Home,DEVICE_EVENT,2023-05-18T13:15:43.039825516Z
89,02426c4e-bea7-428b-866a-42c90585e452,02426c4e-bea7-428b-866a-42c90585e452,7d34eaea-5c67-425a-bfeb-732187c587f7.0af7da,7d34eaea-5c67-425a-bfeb-732187c587f7.0af7da,set-location-mode-success,execute-event,Home,DEVICE_EVENT,2023-05-18T13:15:43.038861732Z
90,02426c4e-bea7-428b-866a-42c90585e452,02426c4e-bea7-428b-866a-42c90585e452,89f0b8f7-2ad4-422c-a797-14578acc5eed.646972,89f0b8f7-2ad4-422c-a797-14578acc5eed.646972,set-location-mode-success,execute-event,Disarm,TIMER_EVENT,2023-05-18T12:00:00.53065501Z
91,02426c4e-bea7-428b-866a-42c90585e452,02426c4e-bea7-428b-866a-42c90585e452,89f0ed31-1bc4-4dc6-914f-0d4d11e49b97.04c735,89f0ed31-1bc4-4dc6-914f-0d4d11e49b97.04c735,set-location-mode-success,execute-event,Home,DEVICE_EVENT,2023-05-17T13:11:00.897120855Z
92,02426c4e-bea7-428b-866a-42c90585e452,02426c4e-bea7-428b-866a-42c90585e452,89f0ed31-1bc4-4dc6-914f-0d4d11e49b97.88df99,89f0ed31-1bc4-4dc6-914f-0d4d11e49b97.88df99,set-location-mode-success,execute-event,Home,DEVICE_EVENT,2023-05-17T13:11:00.895550441Z
93,02426c4e-bea7-428b-866a-42c90585e452,02426c4e-bea7-428b-866a-42c90585e452,d157f63c-ea12-4a58-9564-ff3fa4022bdf.ac4b78,d157f63c-ea12-4a58-9564-ff3fa4022bdf.ac4b78,set-location-mode-success,execute-event,Disarm,TIMER_EVENT,2023-05-17T12:00:00.216908381Z
94,02426c4e-bea7-428b-866a-42c90585e452,02426c4e-bea7-428b-866a-42c90585e452,256e6e4b-b65b-4d51-8113-1df00a1c3770.bc1967,256e6e4b-b65b-4d51-8113-1df00a1c3770.bc1967,set-location-mode-success,execute-event,Home,DEVICE_EVENT,2023-05-16T12:47:07.173893114Z
95,02426c4e-bea7-428b-866a-42c90585e452,02426c4e-bea7-428b-866a-42c90585e452,2b517fb3-f7d9-476e-920a-c6e1b6e2cbed.6118c9,2b517fb3-f7d9-476e-920a-c6e1b6e2cbed.6118c9,set-location-mode-success,execute-event,Disarm,TIMER_EVENT,2023-05-16T12:00:00.553018336Z
96,02426c4e-bea7-428b-866a-42c90585e452,02426c4e-bea7-428b-866a-42c90585e452,9c44e3bd-1a84-4687-aa25-52021aeb54b5.eb7246,9c44e3bd-1a84-4687-aa25-52021aeb54b5.eb7246,set-location-mode-success,execute-event,Home,DEVICE_EVENT,2023-05-15T14:07:19.346586931Z
97,02426c4e-bea7-428b-866a-42c90585e452,02426c4e-bea7-428b-866a-42c90585e452,9c44e3bd-1a84-4687-aa25-52021aeb54b5.0c88ee,9c44e3bd-1a84-4687-aa25-52021aeb54b5.0c88ee,set-location-mode-success,execute-event,Home,DEVICE_EVENT,2023-05-15T14:07:19.344834098Z
98,02426c4e-bea7-428b-866a-42c90585e452,02426c4e-bea7-428b-866a-42c90585e452,a7abb8d1-1a61-4f1e-bb16-2df6194d363e.c4c739,a7abb8d1-1a61-4f1e-bb16-2df6194d363e.c4c739,set-location-mode-success,execute-event,Disarm,TIMER_EVENT,2023-05-15T12:00:00.286733704Z
99,02426c4e-bea7-428b-866a-42c90585e452,02426c4e-bea7-428b-866a-42c90585e452,60cfe75b-1b1c-47eb-9110-409d27ea3ae7.02720f,60cfe75b-1b1c-47eb-9110-409d27ea3ae7.02720f,set-location-mode-success,execute-event,Home,DEVICE_EVENT,2023-05-14T14:00:04.631698526Z
100,02426c4e-bea7-428b-866a-42c90585e452,02426c4e-bea7-428b-866a-42c90585e452,60cfe75b-1b1c-47eb-9110-409d27ea3ae7.3e1f7e,60cfe75b-1b1c-47eb-9110-409d27ea3ae7.3e1f7e,set-location-mode-success,execute-event,Home,DEVICE_EVENT,2023-05-14T14:00:04.597590853Z
101,02426c4e-bea7-428b-866a-42c90585e452,02426c4e-bea7-428b-866a-42c90585e452,bc67d919-245e-465f-b6e8-542a96697b49.3749d2,bc67d919-245e-465f-b6e8-542a96697b49.3749d2,set-location-mode-success,execute-event,Disarm,TIMER_EVENT,2023-05-14T12:00:00.095610675Z
102,02426c4e-bea7-428b-866a-42c90585e452,02426c4e-bea7-428b-866a-42c90585e452,bfe0070d-e328-4b5c-abeb-4ba2a189c52e.4ce298,bfe0070d-e328-4b5c-abeb-4ba2a189c52e.4ce298,set-location-mode-success,execute-event,Home,DEVICE_EVENT,2023-05-13T15:02:22.423980212Z
103,02426c4e-bea7-428b-866a-42c90585e452,02426c4e-bea7-428b-866a-42c90585e452,ee994e09-3091-4bef-8520-838faec238de.cdca50,ee994e09-3091-4bef-8520-838faec238de.cdca50,set-location-mode-success,execute-event,Disarm,TIMER_EVENT,2023-05-13T12:00:00.188195538Z
104,02426c4e-bea7-428b-866a-42c90585e452,02426c4e-bea7-428b-866a-42c90585e452,5e948150-1b44-47bc-9605-fa83348b34a4.debb03,5e948150-1b44-47bc-9605-fa83348b34a4.debb03,set-location-mode-success,execute-event,Home,DEVICE_EVENT,2023-05-12T13:11:27.555795514Z
105,02426c4e-bea7-428b-866a-42c90585e452,02426c4e-bea7-428b-866a-42c90585e452,5e948150-1b44-47bc-9605-fa83348b34a4.857d6d,5e948150-1b44-47bc-9605-fa83348b34a4.857d6d,set-location-mode-success,execute-event,Home,DEVICE_EVENT,2023-05-12T13:11:27.551210003Z