device_id,minutes
07d1a053327901202e43738d7de9ab2f13f2d875d7145ac38f191be334372815,622
796560e7531d0efbe2f8e92f7886032951f5967f590e446026708059c2ffdc8a,622
8b6f46788830d8574046c5ab1c8cdb383484b3e1e47e9dccac7c19b48b3b0b31,622
2e0b7149c3e91d6f34a227bbf8ea5c6bb0a38ca3ba112a6909e4e73dc33b7773,143
4cec45ee0e42f3f04e6599384de26d9e80d08e0f71d4e6e9c0fbf08653ddb813,148
f68d4547af64fc0fa6f2e5855a967f3969f1386817a003ac2923fc4bb043ef60,148
c8033e8e72c7dd1f4235d239979208b060a49745601bb709c4389291d3eb2d92,197
035b100c469db1d761eb46dcb05790e09d48cac1c1c37bc9b960062e20dd0885,284
42776aa33b918f5859ead50952e840b49d5add39bc34f68e4855c898ac39a672,284
403162c8df43be4c2f692b465e8362f65fd3cec9483640306d997662051b75a6,6
4224d093e5f80bbe0a9697def4087fb276faed4ae4a0be45498a0ce014cc72e9,120
47ec4fe4b353dbac75d44509273b3b685f9ea6fc1a5a862c4689da26918d2d80,58
65aeea023966b293ab1567d0066a62f9c06c39533c70545f0bbdad61b69e6ffb,6
863e00c319475fa49481772e1e2f6d5a47496d9f0836bc7797ccd83cf01f65db,58
8ae141c59ceb81431e57b4d157a6d0f611b942fa9592d05ecd3e846920fafee8,240
aeaf5b1e22cdf90f945a11477f81b3791cd7e53ab18d24af042dcaa00f5f6bd8,240
fee5cb4a5be0046fceac17fc60f8b03d7e43c64b62420a94450deb5e159d1d2a,180
6fd0cbef515388ac6bb85753511106b5c0fe15dfe50e547f7f9133f5fcdf67cd,535
9b8b1cfba73414604c59484929dff06146b08cdda7d6e131bde57638ff765061,120
2097a26d917b17a19955b787679dc2e1e10a8771b0534f2d201d0166528c6322,660
cb16b13b2585b7638a768074df6a818ce90aefc8bd9d4449a8773eb2b52a8b1f,225
cda4ec48e12040cffd7b45404061c539591ab3ed5d325a547b9a71358f21c8b7,240
ce5268656499c3f6b6c9d73ad4bc77f0d9ade68bd690891980ae422047045a37,175
04c34c0758e9f4acd18e4cb620f295b2e82e4b28c7ff927b2985fb00897a11cd,588
40b360242a84a4afb46e4a5cbbd27a75a9b0872ed6fa08eac8fca2e2fb786d5d,588
91f319dccde05696c19509e00d5ea4f941cc3178f11bfc68b50868e147cf495d,588
befaf2d4471207282d611c4e3b0dbdc8d849415e164d82bb6ac07477dfe77de8,588
d04cd16243b481752831507b4e68f95dbd9644fe609fafb99bf77b4e5877f402,588
540cd7c1bdb89da79d7850bc1f7aaffb2216182b3d7d135c77a7ca596ea7c487,208
05eab89a91412d49a0c0580ced95a943c0d5aef2b880b76ba870d07b5bf32e73,461
186d850ac50c4d37929c06983b5478b7d73bb95ba1ffe462f6a15ee776b04ab0,58
2c22c1612ca2097d6f4e0f357afdd28d0ef0da62b9f8b17fd7d57beccb9ef7eb,103
5b0920830b06543e7f6c67440a5fe5a4d7cddfc03b3b466e23b1278a70496257,58
aadf1afe495d6a77a079fc1a89299ffe6d99b42e202b3fa46a22a2db8c8f23f1,58
c381ba275f4c45a83c061cefcee47de78c47e49a492020cf144fe40bc01121aa,105
f696cdd8237d14988d7b3d8039132c72a172cc4122f1292307be38f5f26d0bd5,403
26fc87816aa76bf7c47d5129a7df54700acd2667cad272df0420800ac22bc68b,5
614ce2b3fda9ef3777dc75c167a0194c1c06dc13b0c3d214843c52afa23097e4,6
27c2fce895abd997d2f4a7a805606d46d296ac4ea3dc9c543a82aa79588291c8,99
7383fc0646f57600126f63f4bb66c49d181782cf0a734fb8dd9be0823990e8de,360
e10ca14e52085b22d4331c03e9ad58f14d66b8fbbe1edde780e9babcbeb63082,123
42886ababcaabad5fc1f83fd354be24254239eb497bbe25870883e07c624c859,117
20bcb966401956fc6bf4f6bb18cb31496d51c3b3fad96c2da55aea46bc82629d,254
154c786724a11f29cf33a112c6ec1fe2fa2a2e88fd5c298caffe7a190b80b0f0,104
1bf3e1dec89247b70a13a256fbbbb7126805876a83f50f28b1743a996a7b1316,630
99eec7ef52f236c1b76126b8d384dbf941e089a07d20a869b62bb8dbc8c036b9,630
df4c7dde4bb9db6b0d544ad0bc9b96f8a9e0b4f7c95fdd60d3dc6d5af623f82a,630
92e6b83f03e350c677167710b4a50789b8b7409e27ccd474e3f4c7c26e23ac2a,16
0e28fca2fcdd82e54c2358412b7c9528eafdf2865df3c2a5f9d34db686bf94e9,43
183fc31dbe7366342b7c5cd9c6aaccbae1cf5dadb6ee0cf4891c37e29bd11b4d,7
28649f9aeed28a900c9ce5cc2571d0cd84ed4c4c62056974b5df3af508792aa6,45
2b5a1c25a6c171058945ec3bf16123004f621937b60ee5f56244edc0e4de5b8d,45
5b96911465c5a7e8440716d2e7a5061820818e750a6213dc94b00ffcc928ff0f,45
81cfd0ae6ce9ffe714b91cf65271ea9807e8b73051a7cd5ca97b249574a47132,24
9e16f04833186e1ea207bee6a0695bd64abe806316a742b0315b607e88710106,7
d29a25f8b4ebe46023c407422935c604ef60d5f7574cc18f9306b45c0b8edc0b,24
e8781f444448d1e0d6135a682ed097f1a22b202420599377a3366f5ff07b11fe,24
2819f64ee22c1b5680850beff8ef85f7ac4669d7688ae93dfa9b3c523ce362bf,441
8d345581bff8a995ab40d832af01ac2b1ccec29c47fe4304082b86674a31e1a4,441
baea10a4c2456dbf7d8406a5c1c728bc75da965fe90d79c536871386d8f4a3e2,2
8146cee2192e28cc5d248d724c44d9ad025b692ec7fd9c96afedf7c2c78abf26,163
ea6603c48204cdc928e1d016155dd4c71f89d65ae42deccb05bccd382b4ead4a,4
187637bee217c4a908a61393cc92bb030a8b47bdec5fd7a0f212e4c8531a3cd7,690
57b5d403711869aaf9efc58c8b3edc94e4f487cbe027cfc29089197a752264cc,669
d1f4cb30fe52f1a2196abac1079878318c703251d13fcc00aa4cf273428afb4e,690
f7e85a79bfd1554e63cecbed259e189e537486aaa846be98f4bd52249860c9d9,690
88891011fc682402b734416e5301e819e706aeeb59cd9241b402c09465c23a61,183
03f2ef00fb7c58a03511236aad24ad6994dda463e7a12814ebd441e9fc76ea74,302
fead3976a77acab9143c1546e9cab4193bdc9101d959184b8703fe1568476b90,302
7d8a1604678848d27a52a5d38ad56a520e9721444da300655c31724df02c226a,84
bc905323ab4493737cd624ad710200c4c34375a2d62ed11c05b9353bf19aeece,94
6a6032e93c26d224ae577f6544e793774de019a928be4bbc9ae764a6281c0b63,70
6bcf90459465a050b7e6bd28538c1b02181b1463816b28083602f09e03f3b0b2,23
71632aba5ab0dccc73eeec1458823bc588bc9b364fa983b350b505cd7c593bec,3
9429db1eadc84e6f0335a135a7b1e63520da9b45f8524d384f8b89391702831f,23
d68db120a005d3c6905ff8e421ddbb8d256eced85fb0bbb3f1442f2f85fb6bb7,3
ed90a7404d74ec0b00d615f193e001722be19c5126a879f86540530f323df7ed,109
b43238b64b6140faac22082a0a1b5631f5066cd3756698e9be0dfd006a1ea7c7,160
ba65f9473520f7d21846551ac3c84ffbf7258d9c037272bf93e321ad169b6ab9,188
4f79aefd9127c75e8e23d2a340bbd5841583f4905fcf42ee6baeaf792bec8e47,642
6389ef3ad49057c7f7e95e110dae90d0f46b58b33476cfda4d9c4d178a2cf1fe,642
8e72ae215c61ff2905391e4bddffd51e941d5ecbda79d1d76ca495606d0e0397,28
d55561c956bef19660b634384098ae21c0eed6eb2e9e5c37ab12e878588eefda,167
04494d97d628804ad9014b44b1ab3aa58edd00dee811ce0b1bacdc04c491431e,203
35fd9af36e8f188919106de4e297cfcb9e44f86f7dfd714b3acb97c7e9c55f2d,203
3dace7cccfcc54851eb61d4edc467dccdcddc5b890e4dc5092ef68dab7d64f05,203
717317273102d4477a8e79aaccad3eec44048a6bbc05f3a6d043c67886654dc4,203
73429eaffd733ead3306148d07eed75b8e6d76074caecde49475d2b2c58e217c,203
d09f8f37bb8b4201686957b4c57f9fed94221251bd02b775f382a6b6bf52f6cf,203
aebc0a0bae9657b188bddadc4f10c7d546b454eb9d7dbfd496b15dcc86346a9b,256
d014e4e258b9811af8a4147ad2391656c154c40c18a6fdda8c8c3abc3f9b9e70,43
ef4a7e478a9edcad4cb0ce58cd5f75f00e0a6fd2c57336119dfd42cb28e95507,124
3611d9b8b81f27e044d3335be2172b8cd9abbf2d1fbe9584716d04ff2b0cbcd3,159
c54788c2c3572cef6179cc88aea7bfc5b9b2977e8671f5b6c6de3ac2d595a51d,159
2a55448da7a4700b8525da4c92268f6369c72a36a5d3e6d65b1a96dd13d02cde,15
bfd06c77ba35dfff2cb92e620787420bb7d825fe84ce69e8936c2ba279c054bf,69
beb29af455427073145a4dfe6a7b2922d7a20e7884049edd53b0e5c407e6a7fc,173
8917828f1f9b2f8e6a4a18f602fb2a0851798b0e1ab16cec6a088f3b74305777,71
4714cce986d9ee32c5b52157b1eceff8bd54e2f4cf4fbec3e6e7b2000d531f75,381
7de4c4fc50a54581b346ca90763a3c9e489082aee2509aa8d7ce3d115b3847a0,274
891f6998d029247ba1ecb81a526375fa518111419c65ff778628f239eaa26b25,381
985f2f966577a863ab456f2e016194a8460e55f77a4aba314e2cb85f262e30ff,381
a105e68a06f4f1cc8f2d3443a1d560b07d39516cadeb7d682e2ea65d7ed8410e,274
02af718a4086b7875c8f445c7754c4e29f7c57204b785d39e0d5efa9e5189239,12
02bad5ce2207bf5f0420a79952dbf0723dd642e03d77290640127f8f3ac64c5b,12
0652d6a20a9d759094adbd775266a7f933fa679deafe9a9c8689256158826016,12
11a47fad2f1446b372777042cd68665c81d49372c28371fc43635a8d03e867b9,12
16a6c4816b57b8d02d49b40dc64792963051f479832db6e1f333d9c96c8c44fb,12
182c495f368a6371426359ce69cf2209e67485b67606ae16d95d0022c3848705,12
25126d934e709a5beb2b06d9e787de8085bb6942116f289d37f11fc8e2a93a49,12
27652dbf4143464f316caf7b070840c79d038bb96d0a171b8dbbdb1f87397e45,12
43e52dc06206e062301ec3669470b8f7e7b5e3d364aad7489b639d669821caf9,12
6514f2c0d498d4191140f6c19f10adc0619323ed9c8ee9cc304a03e650314a1b,12
79a66711ddac68bda1dcac2ef868d7a6c9d6d19a232f6a2106685fddb31c5d8b,12
7c34caacfbd6d85ec0bd93709add5e39bbaa823783583e8c42e2bcd4fea9c4c5,12
852ee8ba2495e4aa909cc111aa31922fb733c75dd845e84b9615480493096d37,12
856bb75c805a94fb702cfdf1e761c2e50a5b62ae71f4d0418b911d90678ae625,12
8f9ef7e644471a4065f6e0cb43eb107cee1d34c9cf19e2cf1409e2de64944b19,12
9b7bb7b9f027f6c9f2bd7387be99ca8dcf90f3a1a6fc937ebee6f822df75113a,12
a06bce018ec9c675356e7f3c1a08775b83c1fedd8e5421814a2a07abb2f5b68a,12
a39c45e2ccd1f17b79471b122c2ebcc58b8d341cf9c8b6cadd61fd56d3dc4190,12
b4b8b2bb567e27a72646eb07ff698f8cbedb5a8464fc18b69c4a8a4aa91ad6d1,10
babe7e9cf1f733e86079892dada2f7c9580b3be0e8f96eeaa389e6341b64a51d,246
bef8b7295f5bdec6cec89c016717ad5ec9e6f0ec92e3b747b881cde31802957c,12
d24be0fae6f2a0a52432e630292d82412b437eb619957f470be00199dd03918a,12
d4209f1fd144dce63889b02c5edfcb62d93d6985738020f3bd736fe10c09a9a9,12
d5b077c9eff06bc19beac34fb4f43a77431043154d10d4ec4bd80bab22d415c1,75
deadaf393e0b62ddd13ba07c3ad50dd088b1f1b05e58ecd778a68954e23d8a84,31
eafe205a32c168d1b7ba6efb8b3007f87d22991af07ca0c9ea33741ca37fb4f4,92
f3b92ce2a11e4f0f17e8d85e500fbb2d5bd9b8e3c1325c9a4526991c083c924d,12
f7b43c9a2a4884b13dd15d26cb46d711e5447066bf044fd77c39e4359451647a,12
ff9e8028c8f8f074d3e67a43fac363c58cfa265c781a49c8ebb14dd51a4cb76b,12
3a3d6575c17bac4dcf3ba54cc5f5800133e25dfd902fdfc52a6fda0b80a58563,60
98724ef5f11ebbb66579952917420c89990eb46f6c365744d93cca52d527b6d3,861
321af4894da8aaf0b9cc1a6f090d83eed2659d80c0420d1827fd9bd1a58593f4,267
