#,modeChange_locid,exeEvent_locid,modeChange_logid,exeEvent_logid,modeChange_msg,exeEvent_msg,name,eventType,exeEvent_ts
1,9a9ed66f-0528-4899-93d9-c5a5df7f57de,9a9ed66f-0528-4899-93d9-c5a5df7f57de,b89d0d75-cbeb-42c5-b85b-f22815539240.280351,b89d0d75-cbeb-42c5-b85b-f22815539240.280351,set-location-mode-success,execute-event,Home,TIMER_EVENT,2023-05-19T13:09:37.055492545Z
2,9a9ed66f-0528-4899-93d9-c5a5df7f57de,9a9ed66f-0528-4899-93d9-c5a5df7f57de,df46301e-7512-411c-a7f6-e9932dc36395.7a695c,df46301e-7512-411c-a7f6-e9932dc36395.7a695c,set-location-mode-success,execute-event,Away,TIMER_EVENT,2023-05-19T12:48:36.045877608Z
3,9a9ed66f-0528-4899-93d9-c5a5df7f57de,9a9ed66f-0528-4899-93d9-c5a5df7f57de,e6a21a5e-67bb-469a-9a8d-de08e90c9dbf.b233f5,e6a21a5e-67bb-469a-9a8d-de08e90c9dbf.b233f5,set-location-mode-success,execute-event,Home,TIMER_EVENT,2023-05-17T01:01:42.069646304Z
4,9a9ed66f-0528-4899-93d9-c5a5df7f57de,9a9ed66f-0528-4899-93d9-c5a5df7f57de,88eff684-a14a-4aba-8fc5-6f9d98138dc4.bfb698,88eff684-a14a-4aba-8fc5-6f9d98138dc4.bfb698,set-location-mode-success,execute-event,Away,TIMER_EVENT,2023-05-17T00:50:31.062746892Z
5,9a9ed66f-0528-4899-93d9-c5a5df7f57de,9a9ed66f-0528-4899-93d9-c5a5df7f57de,4184efe3-0e58-4f99-83d6-7883adc9ebe6.dd096f,4184efe3-0e58-4f99-83d6-7883adc9ebe6.dd096f,set-location-mode-success,execute-event,Home,TIMER_EVENT,2023-05-17T00:17:45.078286244Z
6,9a9ed66f-0528-4899-93d9-c5a5df7f57de,9a9ed66f-0528-4899-93d9-c5a5df7f57de,253c0a50-c162-4f05-a6ca-cdc68988015e.baf398,253c0a50-c162-4f05-a6ca-cdc68988015e.baf398,set-location-mode-success,execute-event,Away,TIMER_EVENT,2023-05-16T20:40:39.062600522Z
7,9a9ed66f-0528-4899-93d9-c5a5df7f57de,9a9ed66f-0528-4899-93d9-c5a5df7f57de,cde811ae-adfb-40d9-b54e-53efa50599ce.c6421e,cde811ae-adfb-40d9-b54e-53efa50599ce.c6421e,set-location-mode-success,execute-event,Home,TIMER_EVENT,2023-05-15T23:04:55.04978109Z
8,9a9ed66f-0528-4899-93d9-c5a5df7f57de,9a9ed66f-0528-4899-93d9-c5a5df7f57de,0bf5fe51-29e6-434a-891a-c0bcdebb2806.9db821,0bf5fe51-29e6-434a-891a-c0bcdebb2806.9db821,set-location-mode-success,execute-event,Away,TIMER_EVENT,2023-05-15T20:35:37.067680836Z
9,9a9ed66f-0528-4899-93d9-c5a5df7f57de,9a9ed66f-0528-4899-93d9-c5a5df7f57de,dfcc2aec-f0f9-4f20-9816-5d2bd10d0d6f.4ca6ca,dfcc2aec-f0f9-4f20-9816-5d2bd10d0d6f.4ca6ca,set-location-mode-success,execute-event,Home,TIMER_EVENT,2023-05-15T15:02:39.057443132Z
10,9a9ed66f-0528-4899-93d9-c5a5df7f57de,9a9ed66f-0528-4899-93d9-c5a5df7f57de,2f93bf45-c2aa-42fa-98c1-7e1a9dafb777.574b95,2f93bf45-c2aa-42fa-98c1-7e1a9dafb777.574b95,set-location-mode-success,execute-event,Away,TIMER_EVENT,2023-05-15T12:47:47.056170747Z
11,9a9ed66f-0528-4899-93d9-c5a5df7f57de,9a9ed66f-0528-4899-93d9-c5a5df7f57de,e044be17-f9ec-4d09-a88e-0b23976187a0.daf5db,e044be17-f9ec-4d09-a88e-0b23976187a0.daf5db,set-location-mode-success,execute-event,Home,TIMER_EVENT,2023-05-15T10:39:26.062095925Z
12,9a9ed66f-0528-4899-93d9-c5a5df7f57de,9a9ed66f-0528-4899-93d9-c5a5df7f57de,e6a363cd-7092-4039-9439-d46ca27d75ff.3290e5,e6a363cd-7092-4039-9439-d46ca27d75ff.3290e5,set-location-mode-success,execute-event,Away,TIMER_EVENT,2023-05-15T10:07:10.042223943Z
13,9a9ed66f-0528-4899-93d9-c5a5df7f57de,9a9ed66f-0528-4899-93d9-c5a5df7f57de,01052f63-fc82-44ad-aacb-fac94f2de7f5.2d60e3,01052f63-fc82-44ad-aacb-fac94f2de7f5.2d60e3,set-location-mode-success,execute-event,Home,TIMER_EVENT,2023-05-15T00:44:10.03999125Z
14,9a9ed66f-0528-4899-93d9-c5a5df7f57de,9a9ed66f-0528-4899-93d9-c5a5df7f57de,49ec29d9-3898-4879-b74d-800c36f3348b.33cb72,49ec29d9-3898-4879-b74d-800c36f3348b.33cb72,set-location-mode-success,execute-event,Away,TIMER_EVENT,2023-05-14T23:50:45.043633952Z
15,9a9ed66f-0528-4899-93d9-c5a5df7f57de,9a9ed66f-0528-4899-93d9-c5a5df7f57de,0d434f07-0774-4609-9133-be367f1650c7.e46a50,0d434f07-0774-4609-9133-be367f1650c7.e46a50,set-location-mode-success,execute-event,Home,TIMER_EVENT,2023-05-14T02:14:33.068495041Z
16,9a9ed66f-0528-4899-93d9-c5a5df7f57de,9a9ed66f-0528-4899-93d9-c5a5df7f57de,dfe250b0-7a60-44e2-b3f9-b56d3fb1bbb6.86db13,dfe250b0-7a60-44e2-b3f9-b56d3fb1bbb6.86db13,set-location-mode-success,execute-event,Away,TIMER_EVENT,2023-05-13T19:19:09.075887267Z
17,9a9ed66f-0528-4899-93d9-c5a5df7f57de,9a9ed66f-0528-4899-93d9-c5a5df7f57de,72120ebc-0a5e-4908-ba61-6cce4a39c029.b46f71,72120ebc-0a5e-4908-ba61-6cce4a39c029.b46f71,set-location-mode-success,execute-event,Home,TIMER_EVENT,2023-05-05T20:54:54.06813735Z
18,9a9ed66f-0528-4899-93d9-c5a5df7f57de,9a9ed66f-0528-4899-93d9-c5a5df7f57de,5dccbd83-ed8c-4929-ba62-0f5b5722fa77.4f9665,5dccbd83-ed8c-4929-ba62-0f5b5722fa77.4f9665,set-location-mode-success,execute-event,Away,TIMER_EVENT,2023-05-05T17:51:24.069608674Z
19,9a9ed66f-0528-4899-93d9-c5a5df7f57de,9a9ed66f-0528-4899-93d9-c5a5df7f57de,9f01988d-4e5a-472d-8cad-a261f567f49a.37b014,9f01988d-4e5a-472d-8cad-a261f567f49a.37b014,set-location-mode-success,execute-event,Home,TIMER_EVENT,2023-05-05T17:37:29.071749711Z
20,9a9ed66f-0528-4899-93d9-c5a5df7f57de,9a9ed66f-0528-4899-93d9-c5a5df7f57de,2e2ce1d1-1a9a-4d87-8257-c345ee88b74b.f4b37b,2e2ce1d1-1a9a-4d87-8257-c345ee88b74b.f4b37b,set-location-mode-success,execute-event,Away,TIMER_EVENT,2023-05-05T12:39:15.057957524Z
21,9a9ed66f-0528-4899-93d9-c5a5df7f57de,9a9ed66f-0528-4899-93d9-c5a5df7f57de,85c159ae-306b-4142-950f-0ba86419b4ba.17e461,85c159ae-306b-4142-950f-0ba86419b4ba.17e461,set-location-mode-success,execute-event,Home,TIMER_EVENT,2023-05-05T11:59:04.940590394Z
22,9a9ed66f-0528-4899-93d9-c5a5df7f57de,9a9ed66f-0528-4899-93d9-c5a5df7f57de,35f466ce-6cb6-472c-b2d9-5b6f4226491d.6fdaaa,35f466ce-6cb6-472c-b2d9-5b6f4226491d.6fdaaa,set-location-mode-success,execute-event,Away,TIMER_EVENT,2023-05-05T11:48:10.232528979Z
23,9a9ed66f-0528-4899-93d9-c5a5df7f57de,9a9ed66f-0528-4899-93d9-c5a5df7f57de,6f39476d-b1c4-45b1-8782-d4a735bd5b9b.c9ddd7,6f39476d-b1c4-45b1-8782-d4a735bd5b9b.c9ddd7,set-location-mode-success,execute-event,Home,TIMER_EVENT,2023-05-04T19:10:27.071810649Z
24,9a9ed66f-0528-4899-93d9-c5a5df7f57de,9a9ed66f-0528-4899-93d9-c5a5df7f57de,63e9c426-bdd9-487c-b6f9-c498ab66cc35.448697,63e9c426-bdd9-487c-b6f9-c498ab66cc35.448697,set-location-mode-success,execute-event,Away,TIMER_EVENT,2023-05-04T17:06:14.059691099Z
25,9a9ed66f-0528-4899-93d9-c5a5df7f57de,9a9ed66f-0528-4899-93d9-c5a5df7f57de,2da229d1-e97a-4bd4-9b56-83d04a1bcb54.8e0579,2da229d1-e97a-4bd4-9b56-83d04a1bcb54.8e0579,set-location-mode-success,execute-event,Home,TIMER_EVENT,2023-05-04T13:01:17.058117641Z
26,9a9ed66f-0528-4899-93d9-c5a5df7f57de,9a9ed66f-0528-4899-93d9-c5a5df7f57de,507da6e5-cf97-4c4c-8f34-c15affba21de.937ba4,507da6e5-cf97-4c4c-8f34-c15affba21de.937ba4,set-location-mode-success,execute-event,Away,TIMER_EVENT,2023-05-04T12:39:43.064566383Z
27,9a9ed66f-0528-4899-93d9-c5a5df7f57de,9a9ed66f-0528-4899-93d9-c5a5df7f57de,dd90f3ed-a8c8-4c5b-b68e-b18414f11077.ffe47e,dd90f3ed-a8c8-4c5b-b68e-b18414f11077.ffe47e,set-location-mode-success,execute-event,Home,TIMER_EVENT,2023-05-04T11:59:52.059393471Z
28,9a9ed66f-0528-4899-93d9-c5a5df7f57de,9a9ed66f-0528-4899-93d9-c5a5df7f57de,0a192519-b5ac-4352-9433-700b3e91baa2.18317d,0a192519-b5ac-4352-9433-700b3e91baa2.18317d,set-location-mode-success,execute-event,Away,TIMER_EVENT,2023-05-04T02:57:07.784725385Z
29,9a9ed66f-0528-4899-93d9-c5a5df7f57de,9a9ed66f-0528-4899-93d9-c5a5df7f57de,69568c64-c649-48ae-8bce-8657730d1808.9fc825,69568c64-c649-48ae-8bce-8657730d1808.9fc825,set-location-mode-success,execute-event,Home,TIMER_EVENT,2023-05-04T01:28:18.054833363Z
30,9a9ed66f-0528-4899-93d9-c5a5df7f57de,9a9ed66f-0528-4899-93d9-c5a5df7f57de,9dc052b0-513c-4cb0-8d9a-5042395af1db.a45845,9dc052b0-513c-4cb0-8d9a-5042395af1db.a45845,set-location-mode-success,execute-event,Away,TIMER_EVENT,2023-05-04T00:16:45.053600929Z
31,9a9ed66f-0528-4899-93d9-c5a5df7f57de,9a9ed66f-0528-4899-93d9-c5a5df7f57de,36e037d9-798d-4b22-97eb-ec9a73a88355.af0582,36e037d9-798d-4b22-97eb-ec9a73a88355.af0582,set-location-mode-success,execute-event,Home,TIMER_EVENT,2023-05-04T00:11:25.049777427Z
32,9a9ed66f-0528-4899-93d9-c5a5df7f57de,9a9ed66f-0528-4899-93d9-c5a5df7f57de,00be1ecb-06a3-474b-b5f1-123cf7e306fa.8c00c2,00be1ecb-06a3-474b-b5f1-123cf7e306fa.8c00c2,set-location-mode-success,execute-event,Away,TIMER_EVENT,2023-05-04T00:00:19.072334929Z
33,9a9ed66f-0528-4899-93d9-c5a5df7f57de,9a9ed66f-0528-4899-93d9-c5a5df7f57de,1b200dec-072f-4f6b-bb18-1b0e04567ca9.41ea46,1b200dec-072f-4f6b-bb18-1b0e04567ca9.41ea46,set-location-mode-success,execute-event,Home,TIMER_EVENT,2023-05-02T20:21:13.047850657Z
34,9a9ed66f-0528-4899-93d9-c5a5df7f57de,9a9ed66f-0528-4899-93d9-c5a5df7f57de,3ff69867-4641-4dd2-80ae-aa02c2ebd371.ebbb81,3ff69867-4641-4dd2-80ae-aa02c2ebd371.ebbb81,set-location-mode-success,execute-event,Away,TIMER_EVENT,2023-05-02T15:50:29.785143702Z
35,78319975-5783-4ea4-be8e-0e8ec5cc5d53,78319975-5783-4ea4-be8e-0e8ec5cc5d53,72190966-e6da-496b-a73b-6de447580dd7.a55f4b,72190966-e6da-496b-a73b-6de447580dd7.a55f4b,set-location-mode-success,execute-event,Away,TIMER_EVENT,2023-05-30T12:49:48.081870594Z
36,78319975-5783-4ea4-be8e-0e8ec5cc5d53,78319975-5783-4ea4-be8e-0e8ec5cc5d53,4369dab7-1a0a-4fc2-8b66-6dafbe70b6b4.fa8a69,4369dab7-1a0a-4fc2-8b66-6dafbe70b6b4.fa8a69,set-location-mode-success,execute-event,Evening,DEVICE_EVENT,2023-05-28T03:36:36.751938788Z
37,78319975-5783-4ea4-be8e-0e8ec5cc5d53,78319975-5783-4ea4-be8e-0e8ec5cc5d53,385a564a-c4e6-4329-9bf4-5547b370e1f2.705f25,385a564a-c4e6-4329-9bf4-5547b370e1f2.705f25,set-location-mode-success,execute-event,Away,TIMER_EVENT,2023-05-27T12:51:45.075865366Z
38,78319975-5783-4ea4-be8e-0e8ec5cc5d53,78319975-5783-4ea4-be8e-0e8ec5cc5d53,4b05be84-9df7-4fd5-82df-62a459af0d65.12925f,4b05be84-9df7-4fd5-82df-62a459af0d65.12925f,set-location-mode-success,execute-event,Home,DEVICE_EVENT,2023-05-26T22:17:45.004712752Z
39,78319975-5783-4ea4-be8e-0e8ec5cc5d53,78319975-5783-4ea4-be8e-0e8ec5cc5d53,b3437b5c-e6b4-434d-8132-fcc7f91df165.efa0d0,b3437b5c-e6b4-434d-8132-fcc7f91df165.efa0d0,set-location-mode-success,execute-event,Away,TIMER_EVENT,2023-05-26T12:34:06.078183708Z
40,78319975-5783-4ea4-be8e-0e8ec5cc5d53,78319975-5783-4ea4-be8e-0e8ec5cc5d53,4bf67469-42f8-41d3-bccb-eba9997a5ba5.1b0d2b,4bf67469-42f8-41d3-bccb-eba9997a5ba5.1b0d2b,set-location-mode-success,execute-event,Evening,DEVICE_EVENT,2023-05-26T01:28:36.175514429Z
41,78319975-5783-4ea4-be8e-0e8ec5cc5d53,78319975-5783-4ea4-be8e-0e8ec5cc5d53,458fdd58-6ffa-4a8b-a894-3756b658f43f.1843da,458fdd58-6ffa-4a8b-a894-3756b658f43f.1843da,set-location-mode-success,execute-event,Away,TIMER_EVENT,2023-05-25T12:46:25.076257624Z
42,78319975-5783-4ea4-be8e-0e8ec5cc5d53,78319975-5783-4ea4-be8e-0e8ec5cc5d53,ed8a0d4c-4cec-4bfa-956d-d9bb8414f11d.1d9d2e,ed8a0d4c-4cec-4bfa-956d-d9bb8414f11d.1d9d2e,set-location-mode-success,execute-event,Home,DEVICE_EVENT,2023-05-25T12:21:17.161165826Z
43,78319975-5783-4ea4-be8e-0e8ec5cc5d53,78319975-5783-4ea4-be8e-0e8ec5cc5d53,61209836-b998-4e5a-acbc-4986d8c4d08b.9e1ab1,61209836-b998-4e5a-acbc-4986d8c4d08b.9e1ab1,set-location-mode-success,execute-event,Away,TIMER_EVENT,2023-05-25T11:41:15.071582556Z
44,78319975-5783-4ea4-be8e-0e8ec5cc5d53,78319975-5783-4ea4-be8e-0e8ec5cc5d53,81c7c92a-d339-4481-9a01-1f71d45ef09c.1a2cc4,81c7c92a-d339-4481-9a01-1f71d45ef09c.1a2cc4,set-location-mode-success,execute-event,Evening,DEVICE_EVENT,2023-05-24T23:57:09.568446588Z
45,78319975-5783-4ea4-be8e-0e8ec5cc5d53,78319975-5783-4ea4-be8e-0e8ec5cc5d53,20d8aeb1-1751-4182-bb62-a79ee19fb2c7.9c3147,20d8aeb1-1751-4182-bb62-a79ee19fb2c7.9c3147,set-location-mode-success,execute-event,Away,TIMER_EVENT,2023-05-24T14:03:03.091984405Z
46,78319975-5783-4ea4-be8e-0e8ec5cc5d53,78319975-5783-4ea4-be8e-0e8ec5cc5d53,241683de-c233-44a3-8145-5d2ec1be93b3.94536b,241683de-c233-44a3-8145-5d2ec1be93b3.94536b,set-location-mode-success,execute-event,Evening,DEVICE_EVENT,2023-05-24T01:39:05.021088928Z
47,78319975-5783-4ea4-be8e-0e8ec5cc5d53,78319975-5783-4ea4-be8e-0e8ec5cc5d53,30bad4c5-a6a8-4155-a6d1-d612d3a317a8.fd490c,30bad4c5-a6a8-4155-a6d1-d612d3a317a8.fd490c,set-location-mode-success,execute-event,Away,TIMER_EVENT,2023-05-23T22:34:47.062497287Z
48,78319975-5783-4ea4-be8e-0e8ec5cc5d53,78319975-5783-4ea4-be8e-0e8ec5cc5d53,db995151-b17b-4e7c-920f-54fa3f1e46a3.a696ac,db995151-b17b-4e7c-920f-54fa3f1e46a3.a696ac,set-location-mode-success,execute-event,Home,DEVICE_EVENT,2023-05-23T22:07:47.885888188Z
49,78319975-5783-4ea4-be8e-0e8ec5cc5d53,78319975-5783-4ea4-be8e-0e8ec5cc5d53,fccc09dc-6239-4982-853b-8d5457151516.c21345,fccc09dc-6239-4982-853b-8d5457151516.c21345,set-location-mode-success,execute-event,Away,TIMER_EVENT,2023-05-23T12:44:03.099599879Z
50,78319975-5783-4ea4-be8e-0e8ec5cc5d53,78319975-5783-4ea4-be8e-0e8ec5cc5d53,4b6328ef-1902-4b7f-bd22-d56720a2c5ab.14642b,4b6328ef-1902-4b7f-bd22-d56720a2c5ab.14642b,set-location-mode-success,execute-event,Evening,DEVICE_EVENT,2023-05-23T01:13:33.805317938Z
51,78319975-5783-4ea4-be8e-0e8ec5cc5d53,78319975-5783-4ea4-be8e-0e8ec5cc5d53,1f02fb7c-4fb2-4920-b46b-a75069020472.6df344,1f02fb7c-4fb2-4920-b46b-a75069020472.6df344,set-location-mode-success,execute-event,Away,TIMER_EVENT,2023-05-22T12:31:21.07873371Z
52,78319975-5783-4ea4-be8e-0e8ec5cc5d53,78319975-5783-4ea4-be8e-0e8ec5cc5d53,21c18d17-a9b4-4545-a268-a1249bc9ed8d.862597,21c18d17-a9b4-4545-a268-a1249bc9ed8d.862597,set-location-mode-success,execute-event,Evening,DEVICE_EVENT,2023-05-22T01:48:56.241453457Z
53,78319975-5783-4ea4-be8e-0e8ec5cc5d53,78319975-5783-4ea4-be8e-0e8ec5cc5d53,28c0db19-957a-4811-8e41-7cf22a49408f.22292f,28c0db19-957a-4811-8e41-7cf22a49408f.22292f,set-location-mode-success,execute-event,Away,TIMER_EVENT,2023-05-21T23:10:24.074010785Z
54,78319975-5783-4ea4-be8e-0e8ec5cc5d53,78319975-5783-4ea4-be8e-0e8ec5cc5d53,50638f0e-a6df-404c-a4f9-65fda42d040f.84da0f,50638f0e-a6df-404c-a4f9-65fda42d040f.84da0f,set-location-mode-success,execute-event,Home,DEVICE_EVENT,2023-05-21T22:36:17.249270969Z
55,78319975-5783-4ea4-be8e-0e8ec5cc5d53,78319975-5783-4ea4-be8e-0e8ec5cc5d53,5db3b657-9352-46e0-bf32-42eb3ad34aeb.530600,5db3b657-9352-46e0-bf32-42eb3ad34aeb.530600,set-location-mode-success,execute-event,Away,TIMER_EVENT,2023-05-21T21:54:04.090185023Z
56,78319975-5783-4ea4-be8e-0e8ec5cc5d53,78319975-5783-4ea4-be8e-0e8ec5cc5d53,8d77ff80-1f62-4a75-bfbc-3df54b25b597.092f29,8d77ff80-1f62-4a75-bfbc-3df54b25b597.092f29,set-location-mode-success,execute-event,Evening,DEVICE_EVENT,2023-05-21T02:57:08.660323492Z
57,78319975-5783-4ea4-be8e-0e8ec5cc5d53,78319975-5783-4ea4-be8e-0e8ec5cc5d53,e5bd4672-4d44-4eeb-b580-ab99f2e8368f.017c65,e5bd4672-4d44-4eeb-b580-ab99f2e8368f.017c65,set-location-mode-success,execute-event,Away,TIMER_EVENT,2023-05-21T02:54:02.086366657Z
58,78319975-5783-4ea4-be8e-0e8ec5cc5d53,78319975-5783-4ea4-be8e-0e8ec5cc5d53,acf08895-20d2-4a6d-b6b2-9d2a9fcaba50.5b83c4,acf08895-20d2-4a6d-b6b2-9d2a9fcaba50.5b83c4,set-location-mode-success,execute-event,Evening,DEVICE_EVENT,2023-05-21T02:51:50.193251333Z
59,78319975-5783-4ea4-be8e-0e8ec5cc5d53,78319975-5783-4ea4-be8e-0e8ec5cc5d53,b0fdb2c6-204a-4cbd-a035-e12d506ca96e.939207,b0fdb2c6-204a-4cbd-a035-e12d506ca96e.939207,set-location-mode-success,execute-event,Away,TIMER_EVENT,2023-05-21T02:48:38.074727709Z
60,78319975-5783-4ea4-be8e-0e8ec5cc5d53,78319975-5783-4ea4-be8e-0e8ec5cc5d53,d3047fd5-7f20-4a4c-8b61-59cd4768ecb3.34ff58,d3047fd5-7f20-4a4c-8b61-59cd4768ecb3.34ff58,set-location-mode-success,execute-event,Evening,DEVICE_EVENT,2023-05-21T02:40:55.204437801Z
61,78319975-5783-4ea4-be8e-0e8ec5cc5d53,78319975-5783-4ea4-be8e-0e8ec5cc5d53,14139884-365b-406b-bc6c-07c269d29e1b.e4c127,14139884-365b-406b-bc6c-07c269d29e1b.e4c127,set-location-mode-success,execute-event,Away,TIMER_EVENT,2023-05-20T19:40:44.086107329Z
62,78319975-5783-4ea4-be8e-0e8ec5cc5d53,78319975-5783-4ea4-be8e-0e8ec5cc5d53,65cef142-6c90-4bc5-9327-b986c15a97d0.39fe36,65cef142-6c90-4bc5-9327-b986c15a97d0.39fe36,set-location-mode-success,execute-event,Evening,DEVICE_EVENT,2023-05-20T01:29:10.956963171Z
63,78319975-5783-4ea4-be8e-0e8ec5cc5d53,78319975-5783-4ea4-be8e-0e8ec5cc5d53,b7223396-0968-4538-98b9-42ae15fa82ef.14ad2f,b7223396-0968-4538-98b9-42ae15fa82ef.14ad2f,set-location-mode-success,execute-event,Away,TIMER_EVENT,2023-05-19T12:50:14.062403196Z
64,78319975-5783-4ea4-be8e-0e8ec5cc5d53,78319975-5783-4ea4-be8e-0e8ec5cc5d53,fb5089a7-cab3-4c2e-98e1-4bdabb170fb2.951748,fb5089a7-cab3-4c2e-98e1-4bdabb170fb2.951748,set-location-mode-success,execute-event,Home,DEVICE_EVENT,2023-05-16T19:49:33.070885285Z
65,78319975-5783-4ea4-be8e-0e8ec5cc5d53,78319975-5783-4ea4-be8e-0e8ec5cc5d53,a7e3c6f0-e2b9-4216-b17d-450cbe1e7508.be78f1,a7e3c6f0-e2b9-4216-b17d-450cbe1e7508.be78f1,set-location-mode-success,execute-event,Away,TIMER_EVENT,2023-05-16T10:59:14.084755634Z
66,78319975-5783-4ea4-be8e-0e8ec5cc5d53,78319975-5783-4ea4-be8e-0e8ec5cc5d53,b52fb89d-450a-4005-b73d-d14b474b2644.e40bea,b52fb89d-450a-4005-b73d-d14b474b2644.e40bea,set-location-mode-success,execute-event,Home,DEVICE_EVENT,2023-05-15T21:47:42.696300081Z
67,78319975-5783-4ea4-be8e-0e8ec5cc5d53,78319975-5783-4ea4-be8e-0e8ec5cc5d53,c1e01d73-8ff9-4509-92a7-b1d0d4dc5f51.61c973,c1e01d73-8ff9-4509-92a7-b1d0d4dc5f51.61c973,set-location-mode-success,execute-event,Away,TIMER_EVENT,2023-05-15T11:00:49.066073911Z
68,78319975-5783-4ea4-be8e-0e8ec5cc5d53,78319975-5783-4ea4-be8e-0e8ec5cc5d53,dc80e65b-3988-496d-9a86-d2a046d42ea5.f8f338,dc80e65b-3988-496d-9a86-d2a046d42ea5.f8f338,set-location-mode-success,execute-event,Home,DEVICE_EVENT,2023-05-12T21:59:36.350889228Z
69,78319975-5783-4ea4-be8e-0e8ec5cc5d53,78319975-5783-4ea4-be8e-0e8ec5cc5d53,2fecb454-c0b5-4d39-9d91-6219f375ed47.3152cc,2fecb454-c0b5-4d39-9d91-6219f375ed47.3152cc,set-location-mode-success,execute-event,Away,TIMER_EVENT,2023-05-12T12:55:44.075330901Z
70,78319975-5783-4ea4-be8e-0e8ec5cc5d53,78319975-5783-4ea4-be8e-0e8ec5cc5d53,41756157-d2ba-4109-99fa-580beb2cd6c8.13b46e,41756157-d2ba-4109-99fa-580beb2cd6c8.13b46e,set-location-mode-success,execute-event,Home,DEVICE_EVENT,2023-05-11T22:45:08.937546361Z
71,78319975-5783-4ea4-be8e-0e8ec5cc5d53,78319975-5783-4ea4-be8e-0e8ec5cc5d53,fcdac30f-ad83-4c6b-82ca-23e0a1e75440.eb7710,fcdac30f-ad83-4c6b-82ca-23e0a1e75440.eb7710,set-location-mode-success,execute-event,Away,TIMER_EVENT,2023-05-11T12:50:38.08315006Z
72,78319975-5783-4ea4-be8e-0e8ec5cc5d53,78319975-5783-4ea4-be8e-0e8ec5cc5d53,735c5b0d-bc9c-447f-8c6e-7cbe513929ba.af5f6e,735c5b0d-bc9c-447f-8c6e-7cbe513929ba.af5f6e,set-location-mode-success,execute-event,Home,DEVICE_EVENT,2023-05-10T22:17:58.759163144Z
73,78319975-5783-4ea4-be8e-0e8ec5cc5d53,78319975-5783-4ea4-be8e-0e8ec5cc5d53,d2b807b1-64be-4950-9cf1-a466ac81ea79.d0d6d6,d2b807b1-64be-4950-9cf1-a466ac81ea79.d0d6d6,set-location-mode-success,execute-event,Away,TIMER_EVENT,2023-05-10T21:58:26.088213323Z
74,78319975-5783-4ea4-be8e-0e8ec5cc5d53,78319975-5783-4ea4-be8e-0e8ec5cc5d53,ec83d7d7-5412-473e-a34e-bc9842818e7d.3c363a,ec83d7d7-5412-473e-a34e-bc9842818e7d.3c363a,set-location-mode-success,execute-event,Home,DEVICE_EVENT,2023-05-10T21:31:57.672683323Z
75,78319975-5783-4ea4-be8e-0e8ec5cc5d53,78319975-5783-4ea4-be8e-0e8ec5cc5d53,562bb75f-5905-42e4-9b7a-76ca6bdb1a2e.297099,562bb75f-5905-42e4-9b7a-76ca6bdb1a2e.297099,set-location-mode-success,execute-event,Away,TIMER_EVENT,2023-05-10T12:51:23.072644116Z
76,78319975-5783-4ea4-be8e-0e8ec5cc5d53,78319975-5783-4ea4-be8e-0e8ec5cc5d53,f04d3e11-b36e-406e-8f48-9ccdf34ed6cb.52a26f,f04d3e11-b36e-406e-8f48-9ccdf34ed6cb.52a26f,set-location-mode-success,execute-event,Home,DEVICE_EVENT,2023-05-09T22:40:56.830446527Z
77,78319975-5783-4ea4-be8e-0e8ec5cc5d53,78319975-5783-4ea4-be8e-0e8ec5cc5d53,79d92b28-2fa2-411a-9008-3365c7fb7c0b.80db9a,79d92b28-2fa2-411a-9008-3365c7fb7c0b.80db9a,set-location-mode-success,execute-event,Away,TIMER_EVENT,2023-05-09T12:36:52.079079306Z
78,78319975-5783-4ea4-be8e-0e8ec5cc5d53,78319975-5783-4ea4-be8e-0e8ec5cc5d53,fdb1ba13-70f5-4604-b165-9eae0ecedb8a.9910d2,fdb1ba13-70f5-4604-b165-9eae0ecedb8a.9910d2,set-location-mode-success,execute-event,Evening,DEVICE_EVENT,2023-05-09T01:36:26.953534172Z
79,78319975-5783-4ea4-be8e-0e8ec5cc5d53,78319975-5783-4ea4-be8e-0e8ec5cc5d53,807b9c37-719e-4fae-b151-4376576637aa.f103f1,807b9c37-719e-4fae-b151-4376576637aa.f103f1,set-location-mode-success,execute-event,Away,TIMER_EVENT,2023-05-08T12:20:30.154235244Z
80,78319975-5783-4ea4-be8e-0e8ec5cc5d53,78319975-5783-4ea4-be8e-0e8ec5cc5d53,cbd459bc-5e37-43b3-a3d2-04a62ff26202.36c22c,cbd459bc-5e37-43b3-a3d2-04a62ff26202.36c22c,set-location-mode-success,execute-event,Home,DEVICE_EVENT,2023-05-07T18:38:04.894975875Z
81,78319975-5783-4ea4-be8e-0e8ec5cc5d53,78319975-5783-4ea4-be8e-0e8ec5cc5d53,a5ecf772-b8fa-4a89-a40d-4fa1bc47f658.3f45e3,a5ecf772-b8fa-4a89-a40d-4fa1bc47f658.3f45e3,set-location-mode-success,execute-event,Away,TIMER_EVENT,2023-05-07T13:17:17.067337666Z
82,78319975-5783-4ea4-be8e-0e8ec5cc5d53,78319975-5783-4ea4-be8e-0e8ec5cc5d53,3df8b843-06bf-461e-8537-256a599a41e1.25e049,3df8b843-06bf-461e-8537-256a599a41e1.25e049,set-location-mode-success,execute-event,Home,DEVICE_EVENT,2023-05-05T21:23:51.907600499Z
83,78319975-5783-4ea4-be8e-0e8ec5cc5d53,78319975-5783-4ea4-be8e-0e8ec5cc5d53,3e0820d5-2d5d-4118-9cd9-522a15403162.29fe49,3e0820d5-2d5d-4118-9cd9-522a15403162.29fe49,set-location-mode-success,execute-event,Away,TIMER_EVENT,2023-05-05T13:02:37.06024037Z
84,78319975-5783-4ea4-be8e-0e8ec5cc5d53,78319975-5783-4ea4-be8e-0e8ec5cc5d53,77299206-2096-4e61-9eaf-0ae21c6699b6.bf7da8,77299206-2096-4e61-9eaf-0ae21c6699b6.bf7da8,set-location-mode-success,execute-event,Home,DEVICE_EVENT,2023-05-04T22:25:24.775851876Z
85,78319975-5783-4ea4-be8e-0e8ec5cc5d53,78319975-5783-4ea4-be8e-0e8ec5cc5d53,b91d2354-2557-4aee-994d-0f90df6e79e9.039ecd,b91d2354-2557-4aee-994d-0f90df6e79e9.039ecd,set-location-mode-success,execute-event,Away,TIMER_EVENT,2023-05-04T13:41:14.072570248Z
86,78319975-5783-4ea4-be8e-0e8ec5cc5d53,78319975-5783-4ea4-be8e-0e8ec5cc5d53,ea4ad0ba-c771-456c-8a92-ed6ed8e01554.d7888a,ea4ad0ba-c771-456c-8a92-ed6ed8e01554.d7888a,set-location-mode-success,execute-event,Home,DEVICE_EVENT,2023-05-03T21:48:35.747399536Z
87,78319975-5783-4ea4-be8e-0e8ec5cc5d53,78319975-5783-4ea4-be8e-0e8ec5cc5d53,821780b3-0020-4e7a-b0a8-5f077ae0151e.0f9608,821780b3-0020-4e7a-b0a8-5f077ae0151e.0f9608,set-location-mode-success,execute-event,Away,TIMER_EVENT,2023-05-03T11:58:58.065369917Z
88,78319975-5783-4ea4-be8e-0e8ec5cc5d53,78319975-5783-4ea4-be8e-0e8ec5cc5d53,fa76b307-7ef3-4d15-97cb-81cbb308e6b9.ad485f,fa76b307-7ef3-4d15-97cb-81cbb308e6b9.ad485f,set-location-mode-success,execute-event,Home,DEVICE_EVENT,2023-05-01T23:43:38.013740697Z
89,78319975-5783-4ea4-be8e-0e8ec5cc5d53,78319975-5783-4ea4-be8e-0e8ec5cc5d53,0f9388f4-85e6-4e64-94ac-6d87173a807c.a116bd,0f9388f4-85e6-4e64-94ac-6d87173a807c.a116bd,set-location-mode-success,execute-event,Away,TIMER_EVENT,2023-05-01T12:18:30.067634893Z
90,5276b5bb-f766-4acd-b362-05f227124519,5276b5bb-f766-4acd-b362-05f227124519,C420DDBA-0FC8-4155-99A3-934A6441CFF3.9c1532,C420DDBA-0FC8-4155-99A3-934A6441CFF3.9c1532,set-location-mode-success,execute-event,Home,DEVICE_EVENT,2023-05-29T21:13:54.869617624Z
91,5276b5bb-f766-4acd-b362-05f227124519,5276b5bb-f766-4acd-b362-05f227124519,4FFF9A40-42BC-49A6-8C23-4D6C70575794.c426b4,4FFF9A40-42BC-49A6-8C23-4D6C70575794.c426b4,set-location-mode-success,execute-event,Away,DEVICE_EVENT,2023-05-28T05:01:22.474424536Z
92,5276b5bb-f766-4acd-b362-05f227124519,5276b5bb-f766-4acd-b362-05f227124519,D91B8D40-9CA7-4043-B74F-911CD0253406.606a41,D91B8D40-9CA7-4043-B74F-911CD0253406.606a41,set-location-mode-success,execute-event,Home,DEVICE_EVENT,2023-05-24T23:37:29.187413014Z
93,5276b5bb-f766-4acd-b362-05f227124519,5276b5bb-f766-4acd-b362-05f227124519,A3D4AE25-FEFF-4907-AFA4-B5BEB6095935.2d05fd,A3D4AE25-FEFF-4907-AFA4-B5BEB6095935.2d05fd,set-location-mode-success,execute-event,Away,DEVICE_EVENT,2023-05-24T20:02:20.326348477Z
94,5276b5bb-f766-4acd-b362-05f227124519,5276b5bb-f766-4acd-b362-05f227124519,69084AF3-C478-489F-9A16-25E528D2E443.f12d62,69084AF3-C478-489F-9A16-25E528D2E443.f12d62,set-location-mode-success,execute-event,Home,DEVICE_EVENT,2023-05-24T19:28:36.825594915Z
95,5276b5bb-f766-4acd-b362-05f227124519,5276b5bb-f766-4acd-b362-05f227124519,8EF28AB6-1A9A-4037-A58F-E10AF342D18D.02429f,8EF28AB6-1A9A-4037-A58F-E10AF342D18D.02429f,set-location-mode-success,execute-event,Away,DEVICE_EVENT,2023-05-24T17:29:30.592080599Z
96,5276b5bb-f766-4acd-b362-05f227124519,5276b5bb-f766-4acd-b362-05f227124519,9270DC0F-2383-424B-B265-C1FAA919EB5A.89b932,9270DC0F-2383-424B-B265-C1FAA919EB5A.89b932,set-location-mode-success,execute-event,Home,DEVICE_EVENT,2023-05-24T02:15:43.08709937Z
97,5276b5bb-f766-4acd-b362-05f227124519,5276b5bb-f766-4acd-b362-05f227124519,1EE152C2-7CFC-467F-A8CB-28553050F465.0ac512,1EE152C2-7CFC-467F-A8CB-28553050F465.0ac512,set-location-mode-success,execute-event,Away,DEVICE_EVENT,2023-05-24T00:28:37.492742842Z
98,5276b5bb-f766-4acd-b362-05f227124519,5276b5bb-f766-4acd-b362-05f227124519,89E7A93A-060E-4ECB-88AA-A0279B5468CA.f15577,89E7A93A-060E-4ECB-88AA-A0279B5468CA.f15577,set-location-mode-success,execute-event,Home,DEVICE_EVENT,2023-05-22T16:23:26.021789841Z
99,5276b5bb-f766-4acd-b362-05f227124519,5276b5bb-f766-4acd-b362-05f227124519,2DCE2245-B39F-48C5-B7CD-0CB8983C580C.02a086,2DCE2245-B39F-48C5-B7CD-0CB8983C580C.02a086,set-location-mode-success,execute-event,Away,DEVICE_EVENT,2023-05-22T15:21:14.5626194Z
100,5276b5bb-f766-4acd-b362-05f227124519,5276b5bb-f766-4acd-b362-05f227124519,DA16D3B7-1CFE-4D73-83E6-8DBA5AAE0B08.8f8996,DA16D3B7-1CFE-4D73-83E6-8DBA5AAE0B08.8f8996,set-location-mode-success,execute-event,Home,DEVICE_EVENT,2023-05-18T03:59:42.957077848Z
101,5276b5bb-f766-4acd-b362-05f227124519,5276b5bb-f766-4acd-b362-05f227124519,B70368EE-B2C1-4549-8F66-8E2C5218A65A.1b9c7a,B70368EE-B2C1-4549-8F66-8E2C5218A65A.1b9c7a,set-location-mode-success,execute-event,Away,DEVICE_EVENT,2023-05-17T20:36:51.857667431Z
102,5276b5bb-f766-4acd-b362-05f227124519,5276b5bb-f766-4acd-b362-05f227124519,40E1061A-10A0-4865-B369-D30F090D7E6F.e75f98,40E1061A-10A0-4865-B369-D30F090D7E6F.e75f98,set-location-mode-success,execute-event,Home,DEVICE_EVENT,2023-05-17T17:00:02.304832184Z
103,5276b5bb-f766-4acd-b362-05f227124519,5276b5bb-f766-4acd-b362-05f227124519,B8E24F13-0C09-44A3-84AC-77C9161A7ED3.0950c0,B8E24F13-0C09-44A3-84AC-77C9161A7ED3.0950c0,set-location-mode-success,execute-event,Away,DEVICE_EVENT,2023-05-17T14:24:37.559011348Z
104,5276b5bb-f766-4acd-b362-05f227124519,5276b5bb-f766-4acd-b362-05f227124519,0430B549-9CDC-43FD-A9EA-04F270D5CB89.b16017,0430B549-9CDC-43FD-A9EA-04F270D5CB89.b16017,set-location-mode-success,execute-event,Home,DEVICE_EVENT,2023-05-16T23:02:03.535088068Z
105,5276b5bb-f766-4acd-b362-05f227124519,5276b5bb-f766-4acd-b362-05f227124519,626DB9E9-7C42-4F5E-9BFC-10D98B476E5A.235bcb,626DB9E9-7C42-4F5E-9BFC-10D98B476E5A.235bcb,set-location-mode-success,execute-event,Away,DEVICE_EVENT,2023-05-16T21:33:11.566486818Z
106,5276b5bb-f766-4acd-b362-05f227124519,5276b5bb-f766-4acd-b362-05f227124519,34030E5B-472E-457C-89C5-B13B19752F60.cbadae,34030E5B-472E-457C-89C5-B13B19752F60.cbadae,set-location-mode-success,execute-event,Home,DEVICE_EVENT,2023-05-16T14:38:29.997978985Z
107,5276b5bb-f766-4acd-b362-05f227124519,5276b5bb-f766-4acd-b362-05f227124519,65F57123-90A0-428C-B71B-672875554A00.612fe1,65F57123-90A0-428C-B71B-672875554A00.612fe1,set-location-mode-success,execute-event,Away,DEVICE_EVENT,2023-05-16T14:19:38.662668708Z
108,5276b5bb-f766-4acd-b362-05f227124519,5276b5bb-f766-4acd-b362-05f227124519,676F802E-1661-425D-9526-8F8513E6FC24.bac3d5,676F802E-1661-425D-9526-8F8513E6FC24.bac3d5,set-location-mode-success,execute-event,Home,DEVICE_EVENT,2023-05-16T01:14:21.063335229Z
109,5276b5bb-f766-4acd-b362-05f227124519,5276b5bb-f766-4acd-b362-05f227124519,5C5FF5AC-7F0F-47E8-9094-7DC1FFA45477.1a32e8,5C5FF5AC-7F0F-47E8-9094-7DC1FFA45477.1a32e8,set-location-mode-success,execute-event,Away,DEVICE_EVENT,2023-05-16T01:07:34.686548197Z
110,5276b5bb-f766-4acd-b362-05f227124519,5276b5bb-f766-4acd-b362-05f227124519,F025A850-269F-4FD6-9A65-34962B13E035.2519fc,F025A850-269F-4FD6-9A65-34962B13E035.2519fc,set-location-mode-success,execute-event,Home,DEVICE_EVENT,2023-05-15T04:17:41.5502044Z
111,5276b5bb-f766-4acd-b362-05f227124519,5276b5bb-f766-4acd-b362-05f227124519,1FD691CA-EFB5-4477-BC97-A520D0782554.444c23,1FD691CA-EFB5-4477-BC97-A520D0782554.444c23,set-location-mode-success,execute-event,Home,DEVICE_EVENT,2023-05-13T18:43:19.434158528Z
112,5276b5bb-f766-4acd-b362-05f227124519,5276b5bb-f766-4acd-b362-05f227124519,40474DAB-53AE-40A2-98FB-1E7FB4BBB8F8.7b21ef,40474DAB-53AE-40A2-98FB-1E7FB4BBB8F8.7b21ef,set-location-mode-success,execute-event,Away,DEVICE_EVENT,2023-05-12T23:33:54.415586438Z
113,5276b5bb-f766-4acd-b362-05f227124519,5276b5bb-f766-4acd-b362-05f227124519,D4ABF612-F828-4017-8861-22A417B8B05B.68f44d,D4ABF612-F828-4017-8861-22A417B8B05B.68f44d,set-location-mode-success,execute-event,Home,DEVICE_EVENT,2023-05-11T23:54:57.755867649Z
114,5276b5bb-f766-4acd-b362-05f227124519,5276b5bb-f766-4acd-b362-05f227124519,7BCD5F71-44E9-4A93-84C3-480783D63E22.6e77e1,7BCD5F71-44E9-4A93-84C3-480783D63E22.6e77e1,set-location-mode-success,execute-event,Away,DEVICE_EVENT,2023-05-11T21:21:43.891702873Z
115,5276b5bb-f766-4acd-b362-05f227124519,5276b5bb-f766-4acd-b362-05f227124519,36388D83-7998-4209-9BCD-559F3D18BED6.b007eb,36388D83-7998-4209-9BCD-559F3D18BED6.b007eb,set-location-mode-success,execute-event,Home,DEVICE_EVENT,2023-05-11T19:35:19.72627918Z
116,5276b5bb-f766-4acd-b362-05f227124519,5276b5bb-f766-4acd-b362-05f227124519,28B3349A-135A-4938-B96E-232CF1317CD1.80838e,28B3349A-135A-4938-B96E-232CF1317CD1.80838e,set-location-mode-success,execute-event,Away,DEVICE_EVENT,2023-05-11T17:38:31.174533606Z
117,5276b5bb-f766-4acd-b362-05f227124519,5276b5bb-f766-4acd-b362-05f227124519,68775A69-4740-4BCE-AC70-C48BB8A0D431.64d47c,68775A69-4740-4BCE-AC70-C48BB8A0D431.64d47c,set-location-mode-success,execute-event,Home,DEVICE_EVENT,2023-05-10T01:06:26.231503202Z
118,5276b5bb-f766-4acd-b362-05f227124519,5276b5bb-f766-4acd-b362-05f227124519,CD4AF1AF-0DE4-4C81-A97A-5F577E6AC3CF.0baa49,CD4AF1AF-0DE4-4C81-A97A-5F577E6AC3CF.0baa49,set-location-mode-success,execute-event,Away,DEVICE_EVENT,2023-05-09T23:35:45.916283693Z
119,5276b5bb-f766-4acd-b362-05f227124519,5276b5bb-f766-4acd-b362-05f227124519,EE92BE90-28B5-4037-A818-55A45F13F914.5b5415,EE92BE90-28B5-4037-A818-55A45F13F914.5b5415,set-location-mode-success,execute-event,Home,DEVICE_EVENT,2023-05-09T17:23:02.686471507Z
120,5276b5bb-f766-4acd-b362-05f227124519,5276b5bb-f766-4acd-b362-05f227124519,EAD53F63-9595-4DBD-A494-45ACF34BC419.142ecb,EAD53F63-9595-4DBD-A494-45ACF34BC419.142ecb,set-location-mode-success,execute-event,Away,DEVICE_EVENT,2023-05-09T15:30:48.410964059Z
121,5276b5bb-f766-4acd-b362-05f227124519,5276b5bb-f766-4acd-b362-05f227124519,071FCE07-C770-4187-9D86-58EA3F15A75D.a29151,071FCE07-C770-4187-9D86-58EA3F15A75D.a29151,set-location-mode-success,execute-event,Home,DEVICE_EVENT,2023-05-09T01:11:01.182776418Z
122,5276b5bb-f766-4acd-b362-05f227124519,5276b5bb-f766-4acd-b362-05f227124519,6276114E-BF49-4002-B6E3-BFE54541D8CB.f0eea5,6276114E-BF49-4002-B6E3-BFE54541D8CB.f0eea5,set-location-mode-success,execute-event,Away,DEVICE_EVENT,2023-05-08T23:56:45.842776723Z
123,5276b5bb-f766-4acd-b362-05f227124519,5276b5bb-f766-4acd-b362-05f227124519,918BA2BD-7641-4AB6-80F7-D427B44132DA.d2549d,918BA2BD-7641-4AB6-80F7-D427B44132DA.d2549d,set-location-mode-success,execute-event,Home,DEVICE_EVENT,2023-05-08T22:34:18.987625997Z
124,5276b5bb-f766-4acd-b362-05f227124519,5276b5bb-f766-4acd-b362-05f227124519,AD752F48-51E7-4E1B-A476-6E351FA9A6CE.a920f6,AD752F48-51E7-4E1B-A476-6E351FA9A6CE.a920f6,set-location-mode-success,execute-event,Away,DEVICE_EVENT,2023-05-08T21:26:58.403936823Z
125,5276b5bb-f766-4acd-b362-05f227124519,5276b5bb-f766-4acd-b362-05f227124519,B9358265-B6B0-4FCE-ADA5-1590037C71E3.fa9738,B9358265-B6B0-4FCE-ADA5-1590037C71E3.fa9738,set-location-mode-success,execute-event,Home,DEVICE_EVENT,2023-05-07T07:02:14.045422487Z
126,5276b5bb-f766-4acd-b362-05f227124519,5276b5bb-f766-4acd-b362-05f227124519,96A843E3-2B9A-442B-A651-3E5CC133F8B9.e4b532,96A843E3-2B9A-442B-A651-3E5CC133F8B9.e4b532,set-location-mode-success,execute-event,Away,DEVICE_EVENT,2023-05-07T02:10:29.898777683Z
127,445a40d4-ea2f-4011-ac58-55610cf186a4,445a40d4-ea2f-4011-ac58-55610cf186a4,5C4917E2-1139-4312-B149-92C4A448BE45.e9442e,5C4917E2-1139-4312-B149-92C4A448BE45.e9442e,set-location-mode-success,execute-event,Home,DEVICE_EVENT,2023-05-30T15:54:09.784821221Z
128,445a40d4-ea2f-4011-ac58-55610cf186a4,445a40d4-ea2f-4011-ac58-55610cf186a4,bf27c12c-7f0c-4a2a-94a7-17a73d9f4003.2658bd,bf27c12c-7f0c-4a2a-94a7-17a73d9f4003.2658bd,set-location-mode-success,execute-event,Away,TIMER_EVENT,2023-05-30T15:48:57.109323486Z
129,445a40d4-ea2f-4011-ac58-55610cf186a4,445a40d4-ea2f-4011-ac58-55610cf186a4,54fec896-168e-464b-b5b0-41d27b864d22_2adbe4ee-969d-4a0f-bd9c-c25c733c5439.7c8f60,54fec896-168e-464b-b5b0-41d27b864d22_2adbe4ee-969d-4a0f-bd9c-c25c733c5439.7c8f60,set-location-mode-success,execute-event,Night,DEVICE_EVENT,2023-05-30T04:03:24.903996323Z
130,445a40d4-ea2f-4011-ac58-55610cf186a4,445a40d4-ea2f-4011-ac58-55610cf186a4,283A73DA-07C6-41D7-A7C3-10D875F3421C.19fc46,283A73DA-07C6-41D7-A7C3-10D875F3421C.19fc46,set-location-mode-success,execute-event,Home,DEVICE_EVENT,2023-05-29T20:57:34.919025139Z
131,445a40d4-ea2f-4011-ac58-55610cf186a4,445a40d4-ea2f-4011-ac58-55610cf186a4,e28dc63d-c02c-4630-aeec-36d5f9174e47.eab994,e28dc63d-c02c-4630-aeec-36d5f9174e47.eab994,set-location-mode-success,execute-event,Away,TIMER_EVENT,2023-05-29T17:46:46.075944897Z
132,445a40d4-ea2f-4011-ac58-55610cf186a4,445a40d4-ea2f-4011-ac58-55610cf186a4,C429E0D4-0E15-4B9C-B241-B5055AEAD84E.8f684a,C429E0D4-0E15-4B9C-B241-B5055AEAD84E.8f684a,set-location-mode-success,execute-event,Home,DEVICE_EVENT,2023-05-29T16:32:33.840654641Z
133,445a40d4-ea2f-4011-ac58-55610cf186a4,445a40d4-ea2f-4011-ac58-55610cf186a4,107bcf45-779d-4e9b-9cd0-5cdd02efae3c.9d8790,107bcf45-779d-4e9b-9cd0-5cdd02efae3c.9d8790,set-location-mode-success,execute-event,Away,TIMER_EVENT,2023-05-29T15:47:55.075635502Z
134,445a40d4-ea2f-4011-ac58-55610cf186a4,445a40d4-ea2f-4011-ac58-55610cf186a4,A790503B-A3EA-40B6-AC6C-A4F0C2CCA33D.ba399f,A790503B-A3EA-40B6-AC6C-A4F0C2CCA33D.ba399f,set-location-mode-success,execute-event,Home,DEVICE_EVENT,2023-05-29T15:33:08.635330372Z
135,445a40d4-ea2f-4011-ac58-55610cf186a4,445a40d4-ea2f-4011-ac58-55610cf186a4,df840cdf-990e-4c5f-9fa6-42938f50536e.d101db,df840cdf-990e-4c5f-9fa6-42938f50536e.d101db,set-location-mode-success,execute-event,Away,TIMER_EVENT,2023-05-26T16:52:16.091209079Z
136,445a40d4-ea2f-4011-ac58-55610cf186a4,445a40d4-ea2f-4011-ac58-55610cf186a4,88cf455a-670e-4d65-af02-3669e72fedd6_e6a64846-6d70-4890-915c-09cc62d4e1c8.c0ba0f,88cf455a-670e-4d65-af02-3669e72fedd6_e6a64846-6d70-4890-915c-09cc62d4e1c8.c0ba0f,set-location-mode-success,execute-event,Guests,DEVICE_EVENT,2023-05-26T16:15:46.767887072Z
137,445a40d4-ea2f-4011-ac58-55610cf186a4,445a40d4-ea2f-4011-ac58-55610cf186a4,cbcc408b-a33f-4035-bb46-fbfb0a9ad9ac_2b76ac31-9328-456a-a5d7-e68adb37b853.359c83,cbcc408b-a33f-4035-bb46-fbfb0a9ad9ac_2b76ac31-9328-456a-a5d7-e68adb37b853.359c83,set-location-mode-success,execute-event,Night,DEVICE_EVENT,2023-05-26T03:40:42.30463883Z
138,445a40d4-ea2f-4011-ac58-55610cf186a4,445a40d4-ea2f-4011-ac58-55610cf186a4,C21B2089-968E-4F44-8B9E-7DDC7FA37253.ffa286,C21B2089-968E-4F44-8B9E-7DDC7FA37253.ffa286,set-location-mode-success,execute-event,Home,DEVICE_EVENT,2023-05-25T23:25:20.820498731Z
139,445a40d4-ea2f-4011-ac58-55610cf186a4,445a40d4-ea2f-4011-ac58-55610cf186a4,9db13568-f76e-490c-a602-e12289b39039.95b058,9db13568-f76e-490c-a602-e12289b39039.95b058,set-location-mode-success,execute-event,Away,TIMER_EVENT,2023-05-25T22:45:26.093430616Z
140,445a40d4-ea2f-4011-ac58-55610cf186a4,445a40d4-ea2f-4011-ac58-55610cf186a4,97FA0F3D-67EC-48CE-BA65-6E001CE528E9.56b7e6,97FA0F3D-67EC-48CE-BA65-6E001CE528E9.56b7e6,set-location-mode-success,execute-event,Home,DEVICE_EVENT,2023-05-25T19:54:52.855947825Z
141,445a40d4-ea2f-4011-ac58-55610cf186a4,445a40d4-ea2f-4011-ac58-55610cf186a4,bd3ab7f1-4879-4866-a587-334fb5e349da.457960,bd3ab7f1-4879-4866-a587-334fb5e349da.457960,set-location-mode-success,execute-event,Away,TIMER_EVENT,2023-05-25T17:39:01.126884956Z
142,445a40d4-ea2f-4011-ac58-55610cf186a4,445a40d4-ea2f-4011-ac58-55610cf186a4,7cd5edba-215c-4490-a49e-04f364316544.a81ab3,7cd5edba-215c-4490-a49e-04f364316544.a81ab3,set-location-mode-success,execute-event,Away,TIMER_EVENT,2023-05-25T17:39:01.108308547Z
143,445a40d4-ea2f-4011-ac58-55610cf186a4,445a40d4-ea2f-4011-ac58-55610cf186a4,04054044-6D13-4EF9-AFF7-9FD0DD76C011.b2bdbe,04054044-6D13-4EF9-AFF7-9FD0DD76C011.b2bdbe,set-location-mode-success,execute-event,Home,DEVICE_EVENT,2023-05-25T17:13:59.167539639Z
144,445a40d4-ea2f-4011-ac58-55610cf186a4,445a40d4-ea2f-4011-ac58-55610cf186a4,b6054174-0a17-4012-879e-d8f7dee2244c.627d96,b6054174-0a17-4012-879e-d8f7dee2244c.627d96,set-location-mode-success,execute-event,Away,TIMER_EVENT,2023-05-25T16:42:21.078320328Z
145,445a40d4-ea2f-4011-ac58-55610cf186a4,445a40d4-ea2f-4011-ac58-55610cf186a4,cfc0b997-383f-4fc9-8716-c97ae3b377ac_a3ad850e-fb92-4fce-bd85-1746fe5842e0.c93551,cfc0b997-383f-4fc9-8716-c97ae3b377ac_a3ad850e-fb92-4fce-bd85-1746fe5842e0.c93551,set-location-mode-success,execute-event,Night,DEVICE_EVENT,2023-05-25T04:50:05.499687278Z
146,445a40d4-ea2f-4011-ac58-55610cf186a4,445a40d4-ea2f-4011-ac58-55610cf186a4,242E619A-5116-4BE0-9F77-CE6AE6F45A8F.f3efc5,242E619A-5116-4BE0-9F77-CE6AE6F45A8F.f3efc5,set-location-mode-success,execute-event,Home,DEVICE_EVENT,2023-05-25T04:36:49.891753254Z
147,445a40d4-ea2f-4011-ac58-55610cf186a4,445a40d4-ea2f-4011-ac58-55610cf186a4,9f3e657d-2f8f-4611-af03-6c0c69fd2809.468d9e,9f3e657d-2f8f-4611-af03-6c0c69fd2809.468d9e,set-location-mode-success,execute-event,Away,TIMER_EVENT,2023-05-25T01:14:13.083591472Z
148,445a40d4-ea2f-4011-ac58-55610cf186a4,445a40d4-ea2f-4011-ac58-55610cf186a4,34beb568-5262-486f-8bdd-127b3d23065d_08926259-1071-4961-9648-828c1bd2da29.036404,34beb568-5262-486f-8bdd-127b3d23065d_08926259-1071-4961-9648-828c1bd2da29.036404,set-location-mode-success,execute-event,Night,DEVICE_EVENT,2023-05-24T05:04:30.926853073Z
149,445a40d4-ea2f-4011-ac58-55610cf186a4,445a40d4-ea2f-4011-ac58-55610cf186a4,f8fa777b-3243-4631-a666-af87ed136137_a606bd2b-7c16-4dce-a6ab-21a574a965a4.73def5,f8fa777b-3243-4631-a666-af87ed136137_a606bd2b-7c16-4dce-a6ab-21a574a965a4.73def5,set-location-mode-success,execute-event,Home,DEVICE_EVENT,2023-05-24T03:35:42.985338603Z
150,445a40d4-ea2f-4011-ac58-55610cf186a4,445a40d4-ea2f-4011-ac58-55610cf186a4,5a2d6264-113d-4aea-b09d-d34da5532f52_b5f69c66-0656-4e11-ab7b-7623aaf4d27a.f2f5b7,5a2d6264-113d-4aea-b09d-d34da5532f52_b5f69c66-0656-4e11-ab7b-7623aaf4d27a.f2f5b7,set-location-mode-success,execute-event,Guests,DEVICE_EVENT,2023-05-24T00:35:28.182373094Z
151,445a40d4-ea2f-4011-ac58-55610cf186a4,445a40d4-ea2f-4011-ac58-55610cf186a4,7BC7A468-2A13-4031-82DA-446F42A77000.919455,7BC7A468-2A13-4031-82DA-446F42A77000.919455,set-location-mode-success,execute-event,Home,DEVICE_EVENT,2023-05-23T22:57:09.567827528Z
152,445a40d4-ea2f-4011-ac58-55610cf186a4,445a40d4-ea2f-4011-ac58-55610cf186a4,2c084a5b-3ceb-4389-a419-65a741745133.9ce4e0,2c084a5b-3ceb-4389-a419-65a741745133.9ce4e0,set-location-mode-success,execute-event,Away,TIMER_EVENT,2023-05-23T22:44:36.080537613Z
153,445a40d4-ea2f-4011-ac58-55610cf186a4,445a40d4-ea2f-4011-ac58-55610cf186a4,2473FC9C-D01D-4469-BA0D-3056A058BBE3.0d4e85,2473FC9C-D01D-4469-BA0D-3056A058BBE3.0d4e85,set-location-mode-success,execute-event,Home,DEVICE_EVENT,2023-05-23T15:18:30.772694538Z
154,445a40d4-ea2f-4011-ac58-55610cf186a4,445a40d4-ea2f-4011-ac58-55610cf186a4,16e7bf66-20b0-44e8-bdae-8a8c345c56c5.d53d25,16e7bf66-20b0-44e8-bdae-8a8c345c56c5.d53d25,set-location-mode-success,execute-event,Away,TIMER_EVENT,2023-05-23T15:02:57.07659287Z
155,445a40d4-ea2f-4011-ac58-55610cf186a4,445a40d4-ea2f-4011-ac58-55610cf186a4,59ec042d-e0fc-429b-acf1-50446dae6ea5_1227769f-d87c-439c-bcc9-85856ba298cc.cf696d,59ec042d-e0fc-429b-acf1-50446dae6ea5_1227769f-d87c-439c-bcc9-85856ba298cc.cf696d,set-location-mode-success,execute-event,Night,DEVICE_EVENT,2023-05-23T04:46:37.423627232Z
156,445a40d4-ea2f-4011-ac58-55610cf186a4,445a40d4-ea2f-4011-ac58-55610cf186a4,AA1B5C21-3AF1-4BC3-B26E-EE0FF89FE8B6.e62bcb,AA1B5C21-3AF1-4BC3-B26E-EE0FF89FE8B6.e62bcb,set-location-mode-success,execute-event,Home,DEVICE_EVENT,2023-05-23T03:26:39.021164399Z
157,445a40d4-ea2f-4011-ac58-55610cf186a4,445a40d4-ea2f-4011-ac58-55610cf186a4,02be0ebb-526d-4fe3-bf17-9c096e87c85f.f418e7,02be0ebb-526d-4fe3-bf17-9c096e87c85f.f418e7,set-location-mode-success,execute-event,Away,TIMER_EVENT,2023-05-23T01:26:46.069039964Z
158,445a40d4-ea2f-4011-ac58-55610cf186a4,445a40d4-ea2f-4011-ac58-55610cf186a4,F8038281-BCE6-4666-922A-430AF6978368.96bb48,F8038281-BCE6-4666-922A-430AF6978368.96bb48,set-location-mode-success,execute-event,Home,DEVICE_EVENT,2023-05-22T15:24:02.389691421Z
159,445a40d4-ea2f-4011-ac58-55610cf186a4,445a40d4-ea2f-4011-ac58-55610cf186a4,2d5f87a6-09f1-4900-9f7b-061b3828154e.44e635,2d5f87a6-09f1-4900-9f7b-061b3828154e.44e635,set-location-mode-success,execute-event,Away,TIMER_EVENT,2023-05-22T15:00:19.080094514Z
160,445a40d4-ea2f-4011-ac58-55610cf186a4,445a40d4-ea2f-4011-ac58-55610cf186a4,e19a5b07-f30d-4cfd-86c4-b1b265374c37_89474adb-3001-4a34-82b0-e4adf7ec05b7.c6922f,e19a5b07-f30d-4cfd-86c4-b1b265374c37_89474adb-3001-4a34-82b0-e4adf7ec05b7.c6922f,set-location-mode-success,execute-event,Night,DEVICE_EVENT,2023-05-22T05:25:44.93326698Z
161,445a40d4-ea2f-4011-ac58-55610cf186a4,445a40d4-ea2f-4011-ac58-55610cf186a4,37DA6089-CF8E-4A23-9795-3F434A8FDE81.426305,37DA6089-CF8E-4A23-9795-3F434A8FDE81.426305,set-location-mode-success,execute-event,Home,DEVICE_EVENT,2023-05-21T22:32:31.904775988Z
162,445a40d4-ea2f-4011-ac58-55610cf186a4,445a40d4-ea2f-4011-ac58-55610cf186a4,475cb1e7-fdef-4e6e-bd6e-03e628dd2c4f.42b235,475cb1e7-fdef-4e6e-bd6e-03e628dd2c4f.42b235,set-location-mode-success,execute-event,Away,TIMER_EVENT,2023-05-21T20:46:16.095403811Z
163,445a40d4-ea2f-4011-ac58-55610cf186a4,445a40d4-ea2f-4011-ac58-55610cf186a4,73F11686-02F9-4235-8756-E47C75C7AC00.cace1c,73F11686-02F9-4235-8756-E47C75C7AC00.cace1c,set-location-mode-success,execute-event,Home,DEVICE_EVENT,2023-05-21T18:24:54.978672289Z
164,445a40d4-ea2f-4011-ac58-55610cf186a4,445a40d4-ea2f-4011-ac58-55610cf186a4,1a8cee8a-35e7-4013-a142-178ecac09b48.8f4aae,1a8cee8a-35e7-4013-a142-178ecac09b48.8f4aae,set-location-mode-success,execute-event,Away,TIMER_EVENT,2023-05-21T16:11:15.085738797Z
165,445a40d4-ea2f-4011-ac58-55610cf186a4,445a40d4-ea2f-4011-ac58-55610cf186a4,7E83C7CA-B405-4187-90C5-85A5B4DFAA63.05f3f7,7E83C7CA-B405-4187-90C5-85A5B4DFAA63.05f3f7,set-location-mode-success,execute-event,Home,DEVICE_EVENT,2023-05-21T15:12:44.507762156Z
166,445a40d4-ea2f-4011-ac58-55610cf186a4,445a40d4-ea2f-4011-ac58-55610cf186a4,7745e588-ebf4-4951-a0c9-80031368198d.b7abf6,7745e588-ebf4-4951-a0c9-80031368198d.b7abf6,set-location-mode-success,execute-event,Away,TIMER_EVENT,2023-05-21T14:59:50.093848696Z
167,445a40d4-ea2f-4011-ac58-55610cf186a4,445a40d4-ea2f-4011-ac58-55610cf186a4,a73912de-1012-40e3-b117-85572955e121_fcf3bfc7-c024-4195-a1a5-85440863d6a8.307540,a73912de-1012-40e3-b117-85572955e121_fcf3bfc7-c024-4195-a1a5-85440863d6a8.307540,set-location-mode-success,execute-event,Night,DEVICE_EVENT,2023-05-21T05:18:43.723511271Z
168,445a40d4-ea2f-4011-ac58-55610cf186a4,445a40d4-ea2f-4011-ac58-55610cf186a4,8d60fd98-de51-4897-b0b8-4e4c46896949_f3f55282-1f27-40cc-bbde-246dff2db964.7c1147,8d60fd98-de51-4897-b0b8-4e4c46896949_f3f55282-1f27-40cc-bbde-246dff2db964.7c1147,set-location-mode-success,execute-event,Night,DEVICE_EVENT,2023-05-20T05:09:52.912851398Z
169,445a40d4-ea2f-4011-ac58-55610cf186a4,445a40d4-ea2f-4011-ac58-55610cf186a4,a20c17f5-4265-43fa-ad5e-d53b36683aae_9fdcb06b-7a92-488f-bd18-b33337f83cc3.7e5e36,a20c17f5-4265-43fa-ad5e-d53b36683aae_9fdcb06b-7a92-488f-bd18-b33337f83cc3.7e5e36,set-location-mode-success,execute-event,Night,DEVICE_EVENT,2023-05-19T03:17:41.200912002Z
170,445a40d4-ea2f-4011-ac58-55610cf186a4,445a40d4-ea2f-4011-ac58-55610cf186a4,eed423f5-abac-495d-8f97-574c1c0fa3e8_07151eb8-969b-4800-a8d0-5e220e66171f.716f3d,eed423f5-abac-495d-8f97-574c1c0fa3e8_07151eb8-969b-4800-a8d0-5e220e66171f.716f3d,set-location-mode-success,execute-event,Night,DEVICE_EVENT,2023-05-17T04:07:13.845299001Z
171,445a40d4-ea2f-4011-ac58-55610cf186a4,445a40d4-ea2f-4011-ac58-55610cf186a4,66c7d2d1-54f8-438f-bc71-23c847e1fb53_2f44c804-0f60-475b-8d3c-4904fdc495f3.b25e9f,66c7d2d1-54f8-438f-bc71-23c847e1fb53_2f44c804-0f60-475b-8d3c-4904fdc495f3.b25e9f,set-location-mode-success,execute-event,Night,DEVICE_EVENT,2023-05-16T04:35:47.914450748Z
172,445a40d4-ea2f-4011-ac58-55610cf186a4,445a40d4-ea2f-4011-ac58-55610cf186a4,7c801c87-471e-4a1d-aae9-2807211df84c_255faf41-9f99-4a1b-b3e2-2e7de407e430.e6186f,7c801c87-471e-4a1d-aae9-2807211df84c_255faf41-9f99-4a1b-b3e2-2e7de407e430.e6186f,set-location-mode-success,execute-event,Night,DEVICE_EVENT,2023-05-15T05:43:55.166056009Z
173,445a40d4-ea2f-4011-ac58-55610cf186a4,445a40d4-ea2f-4011-ac58-55610cf186a4,7e614e8e-091b-4cdb-a515-e9e367fd42bd_098d728a-3e21-4298-9c97-ea95320a51c9.f0aad2,7e614e8e-091b-4cdb-a515-e9e367fd42bd_098d728a-3e21-4298-9c97-ea95320a51c9.f0aad2,set-location-mode-success,execute-event,Night,DEVICE_EVENT,2023-05-14T03:29:31.879313743Z
174,445a40d4-ea2f-4011-ac58-55610cf186a4,445a40d4-ea2f-4011-ac58-55610cf186a4,ba4fcd65-d7af-40a6-8deb-e72a2d0c62ec_6293cc50-a4e2-424b-b8a3-07360c056f07.ec1c0e,ba4fcd65-d7af-40a6-8deb-e72a2d0c62ec_6293cc50-a4e2-424b-b8a3-07360c056f07.ec1c0e,set-location-mode-success,execute-event,Night,DEVICE_EVENT,2023-05-13T03:27:33.597905428Z
175,445a40d4-ea2f-4011-ac58-55610cf186a4,445a40d4-ea2f-4011-ac58-55610cf186a4,255e3438-3487-41d2-8931-b9dac0237de5_38895b2a-e25e-4812-9c31-2941bdeafd74.07ae63,255e3438-3487-41d2-8931-b9dac0237de5_38895b2a-e25e-4812-9c31-2941bdeafd74.07ae63,set-location-mode-success,execute-event,Night,DEVICE_EVENT,2023-05-12T04:21:50.500828284Z
176,445a40d4-ea2f-4011-ac58-55610cf186a4,445a40d4-ea2f-4011-ac58-55610cf186a4,6f277597-e9f7-4f85-b27b-d5ec49fc972e_22aeef39-2697-4c97-b272-ac8c3eed3346.26b9c0,6f277597-e9f7-4f85-b27b-d5ec49fc972e_22aeef39-2697-4c97-b272-ac8c3eed3346.26b9c0,set-location-mode-success,execute-event,Night,DEVICE_EVENT,2023-05-11T04:31:59.82682224Z
177,445a40d4-ea2f-4011-ac58-55610cf186a4,445a40d4-ea2f-4011-ac58-55610cf186a4,90fd548d-41d3-4b4a-a301-987464a663c8_5af4af45-fe2b-4ed7-8f5b-0822bb4d590c.af5e1d,90fd548d-41d3-4b4a-a301-987464a663c8_5af4af45-fe2b-4ed7-8f5b-0822bb4d590c.af5e1d,set-location-mode-success,execute-event,Night,DEVICE_EVENT,2023-05-10T03:18:59.089627393Z
178,445a40d4-ea2f-4011-ac58-55610cf186a4,445a40d4-ea2f-4011-ac58-55610cf186a4,33272ac6-c9f5-40ec-a455-2cf6812f4179_e810f63a-567f-46fc-937c-2f3c3f481579.16ce2e,33272ac6-c9f5-40ec-a455-2cf6812f4179_e810f63a-567f-46fc-937c-2f3c3f481579.16ce2e,set-location-mode-success,execute-event,Night,DEVICE_EVENT,2023-05-09T03:45:01.055637393Z
179,445a40d4-ea2f-4011-ac58-55610cf186a4,445a40d4-ea2f-4011-ac58-55610cf186a4,f0d83b1e-af2a-4706-8fdb-6a945e7e7a1b_ac12b5bb-0257-42c8-8ea8-a17b25987a3c.462b54,f0d83b1e-af2a-4706-8fdb-6a945e7e7a1b_ac12b5bb-0257-42c8-8ea8-a17b25987a3c.462b54,set-location-mode-success,execute-event,Home,DEVICE_EVENT,2023-05-08T23:51:12.46282859Z
180,445a40d4-ea2f-4011-ac58-55610cf186a4,445a40d4-ea2f-4011-ac58-55610cf186a4,e44333e7-0a84-46d2-a9bf-154618d0b4f8_c3523799-279a-4592-9a92-064210649ed0.5d9091,e44333e7-0a84-46d2-a9bf-154618d0b4f8_c3523799-279a-4592-9a92-064210649ed0.5d9091,set-location-mode-success,execute-event,Guests,DEVICE_EVENT,2023-05-08T21:39:16.290569475Z
181,445a40d4-ea2f-4011-ac58-55610cf186a4,445a40d4-ea2f-4011-ac58-55610cf186a4,4aab1ee7-cb45-4470-b5fd-4a799724f404_12d4e743-6166-406b-8d7b-9e2a1d9bd00e.b05e43,4aab1ee7-cb45-4470-b5fd-4a799724f404_12d4e743-6166-406b-8d7b-9e2a1d9bd00e.b05e43,set-location-mode-success,execute-event,Night,DEVICE_EVENT,2023-05-08T04:08:42.726000082Z
182,445a40d4-ea2f-4011-ac58-55610cf186a4,445a40d4-ea2f-4011-ac58-55610cf186a4,7556def1-03d2-40e5-8ff5-1a9c3ed72a12_31ce98e3-9458-43e8-8bb3-7bc5a1285e82.e40972,7556def1-03d2-40e5-8ff5-1a9c3ed72a12_31ce98e3-9458-43e8-8bb3-7bc5a1285e82.e40972,set-location-mode-success,execute-event,Night,DEVICE_EVENT,2023-05-07T04:58:53.138483656Z
183,445a40d4-ea2f-4011-ac58-55610cf186a4,445a40d4-ea2f-4011-ac58-55610cf186a4,1d28e195-f5eb-4ff2-949e-7711ecf6bd24_f6fe5f44-799b-46b7-9d8d-322f04b0b424.66bd29,1d28e195-f5eb-4ff2-949e-7711ecf6bd24_f6fe5f44-799b-46b7-9d8d-322f04b0b424.66bd29,set-location-mode-success,execute-event,Night,DEVICE_EVENT,2023-05-06T04:19:14.646850374Z
184,445a40d4-ea2f-4011-ac58-55610cf186a4,445a40d4-ea2f-4011-ac58-55610cf186a4,0622ceba-2e3b-4f2c-93f4-aec35c2fb320_91ee23c3-a60b-4cd3-949e-1f53c09443b6.d4e031,0622ceba-2e3b-4f2c-93f4-aec35c2fb320_91ee23c3-a60b-4cd3-949e-1f53c09443b6.d4e031,set-location-mode-success,execute-event,Night,DEVICE_EVENT,2023-05-05T03:52:40.688900263Z
185,445a40d4-ea2f-4011-ac58-55610cf186a4,445a40d4-ea2f-4011-ac58-55610cf186a4,33961065-6841-4de8-9599-7e3ab54b97cb_0d049733-8db6-4c7c-9a67-35f56b51a7db.df8733,33961065-6841-4de8-9599-7e3ab54b97cb_0d049733-8db6-4c7c-9a67-35f56b51a7db.df8733,set-location-mode-success,execute-event,Night,DEVICE_EVENT,2023-05-04T04:22:41.480028444Z
186,445a40d4-ea2f-4011-ac58-55610cf186a4,445a40d4-ea2f-4011-ac58-55610cf186a4,3772bbfe-c2a1-4888-b4c8-192766c0190e_4b361977-3f26-4f59-886a-9a4c02863c32.1714fd,3772bbfe-c2a1-4888-b4c8-192766c0190e_4b361977-3f26-4f59-886a-9a4c02863c32.1714fd,set-location-mode-success,execute-event,Home,DEVICE_EVENT,2023-05-03T13:00:09.076124597Z
187,445a40d4-ea2f-4011-ac58-55610cf186a4,445a40d4-ea2f-4011-ac58-55610cf186a4,a21d3799-92ab-4699-92c2-1b8cc903d7ac_e33ffa2a-b57a-4ff1-bae4-5817b3b3dbd5.f17a36,a21d3799-92ab-4699-92c2-1b8cc903d7ac_e33ffa2a-b57a-4ff1-bae4-5817b3b3dbd5.f17a36,set-location-mode-success,execute-event,Guests (Night),DEVICE_EVENT,2023-05-03T03:55:01.732348597Z
188,445a40d4-ea2f-4011-ac58-55610cf186a4,445a40d4-ea2f-4011-ac58-55610cf186a4,cd480e31-740c-47af-9e93-acded8b0fbec_948e665d-78f3-4212-a852-f0c79ce5d4d8.d96c8b,cd480e31-740c-47af-9e93-acded8b0fbec_948e665d-78f3-4212-a852-f0c79ce5d4d8.d96c8b,set-location-mode-success,execute-event,Guests (Night),DEVICE_EVENT,2023-05-02T08:34:34.517305858Z
189,3c9d3d4d-af17-45e4-b65e-b3e65c58dd83,3c9d3d4d-af17-45e4-b65e-b3e65c58dd83,3760C50F-3E40-4E5D-9BA4-E8F110FAAB3D.5fbaba,3760C50F-3E40-4E5D-9BA4-E8F110FAAB3D.5fbaba,set-location-mode-success,execute-event,Home,DEVICE_EVENT,2023-05-26T12:52:49.868287707Z
190,3c9d3d4d-af17-45e4-b65e-b3e65c58dd83,3c9d3d4d-af17-45e4-b65e-b3e65c58dd83,5C65E1C4-C063-42E7-9EDC-72E24BB38D48.9a68ac,5C65E1C4-C063-42E7-9EDC-72E24BB38D48.9a68ac,set-location-mode-success,execute-event,Away,DEVICE_EVENT,2023-05-26T11:08:52.852700377Z
191,3c9d3d4d-af17-45e4-b65e-b3e65c58dd83,3c9d3d4d-af17-45e4-b65e-b3e65c58dd83,D4A3C3DE-29CD-4422-BDE3-0A70B9DCECBB.1f70c6,D4A3C3DE-29CD-4422-BDE3-0A70B9DCECBB.1f70c6,set-location-mode-success,execute-event,Home,DEVICE_EVENT,2023-05-25T21:37:48.123633342Z
192,3c9d3d4d-af17-45e4-b65e-b3e65c58dd83,3c9d3d4d-af17-45e4-b65e-b3e65c58dd83,63195304-030D-4E42-A894-C864AD43567A.397e58,63195304-030D-4E42-A894-C864AD43567A.397e58,set-location-mode-success,execute-event,Away,DEVICE_EVENT,2023-05-25T11:09:56.34978062Z
193,3c9d3d4d-af17-45e4-b65e-b3e65c58dd83,3c9d3d4d-af17-45e4-b65e-b3e65c58dd83,F580D6F4-CC30-4E26-B132-B40956F91AE3.a1e80f,F580D6F4-CC30-4E26-B132-B40956F91AE3.a1e80f,set-location-mode-success,execute-event,Home,DEVICE_EVENT,2023-05-25T01:13:29.871256519Z
194,3c9d3d4d-af17-45e4-b65e-b3e65c58dd83,3c9d3d4d-af17-45e4-b65e-b3e65c58dd83,A9A5EC5D-1978-4262-AECF-7B9D81204D0A.8f1e47,A9A5EC5D-1978-4262-AECF-7B9D81204D0A.8f1e47,set-location-mode-success,execute-event,Away,DEVICE_EVENT,2023-05-25T00:57:29.257820802Z
195,3c9d3d4d-af17-45e4-b65e-b3e65c58dd83,3c9d3d4d-af17-45e4-b65e-b3e65c58dd83,6C9DF8F9-D1CA-4322-BE12-938EB33E1084.1ca9ba,6C9DF8F9-D1CA-4322-BE12-938EB33E1084.1ca9ba,set-location-mode-success,execute-event,Home,DEVICE_EVENT,2023-05-24T21:09:27.984921319Z
196,3c9d3d4d-af17-45e4-b65e-b3e65c58dd83,3c9d3d4d-af17-45e4-b65e-b3e65c58dd83,D73B0DE1-4BCE-47D9-8A93-1D054D76F631.f976ec,D73B0DE1-4BCE-47D9-8A93-1D054D76F631.f976ec,set-location-mode-success,execute-event,Away,DEVICE_EVENT,2023-05-24T11:15:27.509754664Z
197,3c9d3d4d-af17-45e4-b65e-b3e65c58dd83,3c9d3d4d-af17-45e4-b65e-b3e65c58dd83,3DE62093-CA9B-41B5-AA63-7A333818ED85.c642e1,3DE62093-CA9B-41B5-AA63-7A333818ED85.c642e1,set-location-mode-success,execute-event,Home,DEVICE_EVENT,2023-05-23T21:57:24.194382046Z
198,3c9d3d4d-af17-45e4-b65e-b3e65c58dd83,3c9d3d4d-af17-45e4-b65e-b3e65c58dd83,61E833E0-2115-4746-BFBD-A35EED3082CA.221874,61E833E0-2115-4746-BFBD-A35EED3082CA.221874,set-location-mode-success,execute-event,Away,DEVICE_EVENT,2023-05-23T14:58:24.006457471Z
199,3c9d3d4d-af17-45e4-b65e-b3e65c58dd83,3c9d3d4d-af17-45e4-b65e-b3e65c58dd83,E3AD7862-C450-4544-B7F2-A78172F7B076.ab363b,E3AD7862-C450-4544-B7F2-A78172F7B076.ab363b,set-location-mode-success,execute-event,Home,DEVICE_EVENT,2023-05-23T14:57:08.660472908Z
200,3c9d3d4d-af17-45e4-b65e-b3e65c58dd83,3c9d3d4d-af17-45e4-b65e-b3e65c58dd83,2C35E752-8C4E-4954-8E3E-AE87CC9430E2.6fcd7a,2C35E752-8C4E-4954-8E3E-AE87CC9430E2.6fcd7a,set-location-mode-success,execute-event,Away,DEVICE_EVENT,2023-05-23T14:52:08.090786566Z
201,3c9d3d4d-af17-45e4-b65e-b3e65c58dd83,3c9d3d4d-af17-45e4-b65e-b3e65c58dd83,24A6A6B8-7541-4DAB-8BF1-B6F364B2B505.6fa454,24A6A6B8-7541-4DAB-8BF1-B6F364B2B505.6fa454,set-location-mode-success,execute-event,Home,DEVICE_EVENT,2023-05-23T14:41:17.960923923Z
202,3c9d3d4d-af17-45e4-b65e-b3e65c58dd83,3c9d3d4d-af17-45e4-b65e-b3e65c58dd83,B4880030-D887-4DA9-A809-0A0570C48C8C.f522af,B4880030-D887-4DA9-A809-0A0570C48C8C.f522af,set-location-mode-success,execute-event,Away,DEVICE_EVENT,2023-05-23T11:13:13.533496398Z
203,3c9d3d4d-af17-45e4-b65e-b3e65c58dd83,3c9d3d4d-af17-45e4-b65e-b3e65c58dd83,4C925736-D949-4A37-8D02-5C38EDC60705.5d3243,4C925736-D949-4A37-8D02-5C38EDC60705.5d3243,set-location-mode-success,execute-event,Home,DEVICE_EVENT,2023-05-22T21:28:42.721098648Z
204,3c9d3d4d-af17-45e4-b65e-b3e65c58dd83,3c9d3d4d-af17-45e4-b65e-b3e65c58dd83,00646561-14FA-4A6F-83D9-3BB18A78833A.07fe30,00646561-14FA-4A6F-83D9-3BB18A78833A.07fe30,set-location-mode-success,execute-event,Away,DEVICE_EVENT,2023-05-22T11:18:32.119927571Z
205,3c9d3d4d-af17-45e4-b65e-b3e65c58dd83,3c9d3d4d-af17-45e4-b65e-b3e65c58dd83,FD01E17E-8306-49BE-AB91-5BCDF03BE94D.d3ab13,FD01E17E-8306-49BE-AB91-5BCDF03BE94D.d3ab13,set-location-mode-success,execute-event,Home,DEVICE_EVENT,2023-05-21T18:03:05.781128136Z
206,3c9d3d4d-af17-45e4-b65e-b3e65c58dd83,3c9d3d4d-af17-45e4-b65e-b3e65c58dd83,E63534DC-9ED1-4219-95D7-C7ACF223F976.b849df,E63534DC-9ED1-4219-95D7-C7ACF223F976.b849df,set-location-mode-success,execute-event,Away,DEVICE_EVENT,2023-05-21T17:58:29.901972766Z
207,3c9d3d4d-af17-45e4-b65e-b3e65c58dd83,3c9d3d4d-af17-45e4-b65e-b3e65c58dd83,3C3DDE6C-AB18-4F4F-99AB-349E481B560E.db51ab,3C3DDE6C-AB18-4F4F-99AB-349E481B560E.db51ab,set-location-mode-success,execute-event,Home,DEVICE_EVENT,2023-05-21T17:57:47.545163479Z
208,3c9d3d4d-af17-45e4-b65e-b3e65c58dd83,3c9d3d4d-af17-45e4-b65e-b3e65c58dd83,603CEE33-9E33-4E6F-8403-BFA41713EFF1.69b7bb,603CEE33-9E33-4E6F-8403-BFA41713EFF1.69b7bb,set-location-mode-success,execute-event,Away,DEVICE_EVENT,2023-05-21T14:56:26.281826145Z
209,3c9d3d4d-af17-45e4-b65e-b3e65c58dd83,3c9d3d4d-af17-45e4-b65e-b3e65c58dd83,C91E8140-E197-4DC5-BF27-12CDFA914388.ed2b9e,C91E8140-E197-4DC5-BF27-12CDFA914388.ed2b9e,set-location-mode-success,execute-event,Home,DEVICE_EVENT,2023-05-21T00:27:16.057799443Z
210,3c9d3d4d-af17-45e4-b65e-b3e65c58dd83,3c9d3d4d-af17-45e4-b65e-b3e65c58dd83,D89D1296-1CD8-41AC-B613-5A2201ADE1DE.8db6ff,D89D1296-1CD8-41AC-B613-5A2201ADE1DE.8db6ff,set-location-mode-success,execute-event,Away,DEVICE_EVENT,2023-05-20T23:15:37.772834686Z
211,230aab06-5e4b-493b-9403-eea0f13beabc,230aab06-5e4b-493b-9403-eea0f13beabc,d8634270-de5d-4890-8e85-3a6b6c6d50d3.5e7bec,d8634270-de5d-4890-8e85-3a6b6c6d50d3.5e7bec,set-location-mode-success,execute-event,Night,TIMER_EVENT,2023-05-30T04:30:03.582555916Z
212,230aab06-5e4b-493b-9403-eea0f13beabc,230aab06-5e4b-493b-9403-eea0f13beabc,55289754-ef46-4d28-a5b1-73ef0c76417c.0f045c,55289754-ef46-4d28-a5b1-73ef0c76417c.0f045c,set-location-mode-success,execute-event,Night,TIMER_EVENT,2023-05-29T04:30:03.708145189Z
213,230aab06-5e4b-493b-9403-eea0f13beabc,230aab06-5e4b-493b-9403-eea0f13beabc,fa1b2fdd-4578-4ac5-8aef-26cc84b01a3c.5925b7,fa1b2fdd-4578-4ac5-8aef-26cc84b01a3c.5925b7,set-location-mode-success,execute-event,Night,TIMER_EVENT,2023-05-28T04:30:03.639680276Z
214,230aab06-5e4b-493b-9403-eea0f13beabc,230aab06-5e4b-493b-9403-eea0f13beabc,5a7c427c-bbfc-4bc4-9b7a-eb4f9c37de3c.7ee7f8,5a7c427c-bbfc-4bc4-9b7a-eb4f9c37de3c.7ee7f8,set-location-mode-success,execute-event,Night,TIMER_EVENT,2023-05-27T04:30:04.303560755Z
215,230aab06-5e4b-493b-9403-eea0f13beabc,230aab06-5e4b-493b-9403-eea0f13beabc,30e34686-b583-46ac-acc3-a8092b4d6d53.2c59ed,30e34686-b583-46ac-acc3-a8092b4d6d53.2c59ed,set-location-mode-success,execute-event,Night,TIMER_EVENT,2023-05-26T04:30:03.899806589Z
216,230aab06-5e4b-493b-9403-eea0f13beabc,230aab06-5e4b-493b-9403-eea0f13beabc,1b767623-5009-4779-9747-954db986adbe.1b20ba,1b767623-5009-4779-9747-954db986adbe.1b20ba,set-location-mode-success,execute-event,Night,TIMER_EVENT,2023-05-25T04:30:03.67865768Z
217,230aab06-5e4b-493b-9403-eea0f13beabc,230aab06-5e4b-493b-9403-eea0f13beabc,60f1ef14-19ea-48a8-bb9e-5ddd1efdf47b.a8e6d8,60f1ef14-19ea-48a8-bb9e-5ddd1efdf47b.a8e6d8,set-location-mode-success,execute-event,Sun Up,WEATHER_EVENT,2023-05-24T11:16:58.026705071Z
218,230aab06-5e4b-493b-9403-eea0f13beabc,230aab06-5e4b-493b-9403-eea0f13beabc,4d365c32-b802-4687-a4e2-bb4245a22ba4.4bf58b,4d365c32-b802-4687-a4e2-bb4245a22ba4.4bf58b,set-location-mode-success,execute-event,Night,TIMER_EVENT,2023-05-24T04:30:04.353984441Z
219,230aab06-5e4b-493b-9403-eea0f13beabc,230aab06-5e4b-493b-9403-eea0f13beabc,da7f1610-c61a-4f04-a6e5-4d956e3fd241.912652,da7f1610-c61a-4f04-a6e5-4d956e3fd241.912652,set-location-mode-success,execute-event,Night,TIMER_EVENT,2023-05-23T04:30:05.061738014Z
220,230aab06-5e4b-493b-9403-eea0f13beabc,230aab06-5e4b-493b-9403-eea0f13beabc,225616a5-77c8-480a-a239-8b5b7d3a9095.efc059,225616a5-77c8-480a-a239-8b5b7d3a9095.efc059,set-location-mode-success,execute-event,Night,TIMER_EVENT,2023-05-22T04:30:04.745588661Z
221,230aab06-5e4b-493b-9403-eea0f13beabc,230aab06-5e4b-493b-9403-eea0f13beabc,71c8af64-eb7f-4994-8287-50ad58fbf6c3.d57663,71c8af64-eb7f-4994-8287-50ad58fbf6c3.d57663,set-location-mode-success,execute-event,Night,TIMER_EVENT,2023-05-21T04:30:03.470859974Z
222,230aab06-5e4b-493b-9403-eea0f13beabc,230aab06-5e4b-493b-9403-eea0f13beabc,4ba80716-c1e0-40f8-aa0f-d4aa7785f4e5.eecd8d,4ba80716-c1e0-40f8-aa0f-d4aa7785f4e5.eecd8d,set-location-mode-success,execute-event,Night,TIMER_EVENT,2023-05-20T04:30:03.259096585Z
223,230aab06-5e4b-493b-9403-eea0f13beabc,230aab06-5e4b-493b-9403-eea0f13beabc,00bcbd4a-3bb7-4d85-942c-f63efbd368bf.063410,00bcbd4a-3bb7-4d85-942c-f63efbd368bf.063410,set-location-mode-success,execute-event,Sun Up,WEATHER_EVENT,2023-05-19T10:56:50.816442982Z
224,230aab06-5e4b-493b-9403-eea0f13beabc,230aab06-5e4b-493b-9403-eea0f13beabc,c2f60b6b-9274-4d19-877e-fa6ba4a77a61.ef3f0f,c2f60b6b-9274-4d19-877e-fa6ba4a77a61.ef3f0f,set-location-mode-success,execute-event,Night,TIMER_EVENT,2023-05-19T04:30:03.89614411Z
225,230aab06-5e4b-493b-9403-eea0f13beabc,230aab06-5e4b-493b-9403-eea0f13beabc,d5eab523-dba0-4c0a-8ea9-e5f3a2450f07.2e64b9,d5eab523-dba0-4c0a-8ea9-e5f3a2450f07.2e64b9,set-location-mode-success,execute-event,Night,TIMER_EVENT,2023-05-18T04:30:04.013383479Z
226,230aab06-5e4b-493b-9403-eea0f13beabc,230aab06-5e4b-493b-9403-eea0f13beabc,14fa723e-f829-439c-a95d-e8163fcf7fa8.0460d1,14fa723e-f829-439c-a95d-e8163fcf7fa8.0460d1,set-location-mode-success,execute-event,Night,TIMER_EVENT,2023-05-17T04:30:03.617862161Z
227,230aab06-5e4b-493b-9403-eea0f13beabc,230aab06-5e4b-493b-9403-eea0f13beabc,dd3570e3-29a2-411a-b1a5-4dc9e9b07cc6.07a9f9,dd3570e3-29a2-411a-b1a5-4dc9e9b07cc6.07a9f9,set-location-mode-success,execute-event,Night,TIMER_EVENT,2023-05-16T04:30:02.862478151Z
228,230aab06-5e4b-493b-9403-eea0f13beabc,230aab06-5e4b-493b-9403-eea0f13beabc,d22161e0-55b5-4c2a-91fb-de2ed6009ba1.ab2094,d22161e0-55b5-4c2a-91fb-de2ed6009ba1.ab2094,set-location-mode-success,execute-event,Night,TIMER_EVENT,2023-05-15T04:30:03.434953975Z
229,230aab06-5e4b-493b-9403-eea0f13beabc,230aab06-5e4b-493b-9403-eea0f13beabc,9ae23154-d78f-4fc4-b24d-dd2f22e6efaa.3dcbdb,9ae23154-d78f-4fc4-b24d-dd2f22e6efaa.3dcbdb,set-location-mode-success,execute-event,Night,TIMER_EVENT,2023-05-14T04:30:03.41844194Z
230,230aab06-5e4b-493b-9403-eea0f13beabc,230aab06-5e4b-493b-9403-eea0f13beabc,eb9820f9-81e7-4871-bb62-ae3aa81a13f3.7d08d6,eb9820f9-81e7-4871-bb62-ae3aa81a13f3.7d08d6,set-location-mode-success,execute-event,Night,TIMER_EVENT,2023-05-13T04:30:03.20835Z
231,230aab06-5e4b-493b-9403-eea0f13beabc,230aab06-5e4b-493b-9403-eea0f13beabc,281dca4f-cb02-49bc-9378-e6ed2035d612.55f8e7,281dca4f-cb02-49bc-9378-e6ed2035d612.55f8e7,set-location-mode-success,execute-event,Night,TIMER_EVENT,2023-05-12T04:30:03.370250927Z
232,230aab06-5e4b-493b-9403-eea0f13beabc,230aab06-5e4b-493b-9403-eea0f13beabc,e9d5620b-aef5-45ef-ba1e-dd6b120bad9f.e55db5,e9d5620b-aef5-45ef-ba1e-dd6b120bad9f.e55db5,set-location-mode-success,execute-event,Night,TIMER_EVENT,2023-05-11T04:30:04.680376884Z
233,230aab06-5e4b-493b-9403-eea0f13beabc,230aab06-5e4b-493b-9403-eea0f13beabc,d374a1c6-f4e2-423c-822e-ade144308e08.e4decf,d374a1c6-f4e2-423c-822e-ade144308e08.e4decf,set-location-mode-success,execute-event,Night,TIMER_EVENT,2023-05-10T04:30:03.756526841Z
234,230aab06-5e4b-493b-9403-eea0f13beabc,230aab06-5e4b-493b-9403-eea0f13beabc,90beb577-7e37-4390-939d-4d8480ecff10.0387f9,90beb577-7e37-4390-939d-4d8480ecff10.0387f9,set-location-mode-success,execute-event,Night,TIMER_EVENT,2023-05-09T04:30:05.331520181Z
235,230aab06-5e4b-493b-9403-eea0f13beabc,230aab06-5e4b-493b-9403-eea0f13beabc,4744ce48-4ea4-49fd-b318-5e6ca4db3de4.b19a9a,4744ce48-4ea4-49fd-b318-5e6ca4db3de4.b19a9a,set-location-mode-success,execute-event,Night,TIMER_EVENT,2023-05-08T04:30:04.018046882Z
236,230aab06-5e4b-493b-9403-eea0f13beabc,230aab06-5e4b-493b-9403-eea0f13beabc,2950fcf2-2283-4934-80f9-4c7ac233f035.3dab9c,2950fcf2-2283-4934-80f9-4c7ac233f035.3dab9c,set-location-mode-success,execute-event,Night,TIMER_EVENT,2023-05-07T04:30:05.233719738Z
237,230aab06-5e4b-493b-9403-eea0f13beabc,230aab06-5e4b-493b-9403-eea0f13beabc,901898d5-1599-4b5f-86a3-5e7c74c7f9c0.400475,901898d5-1599-4b5f-86a3-5e7c74c7f9c0.400475,set-location-mode-success,execute-event,Night,TIMER_EVENT,2023-05-06T04:30:04.113002139Z
238,230aab06-5e4b-493b-9403-eea0f13beabc,230aab06-5e4b-493b-9403-eea0f13beabc,b5be2c50-8d66-4482-8dc5-3f5f06346add.8cee31,b5be2c50-8d66-4482-8dc5-3f5f06346add.8cee31,set-location-mode-success,execute-event,Night,TIMER_EVENT,2023-05-05T04:30:03.728772514Z
239,230aab06-5e4b-493b-9403-eea0f13beabc,230aab06-5e4b-493b-9403-eea0f13beabc,8c74d93f-1b50-47b1-b20b-6dacccc38927.bac9bf,8c74d93f-1b50-47b1-b20b-6dacccc38927.bac9bf,set-location-mode-success,execute-event,Night,TIMER_EVENT,2023-05-04T04:30:04.948499466Z
240,230aab06-5e4b-493b-9403-eea0f13beabc,230aab06-5e4b-493b-9403-eea0f13beabc,bda8c913-25e0-47f1-a413-1dc107ec7fbc.25956a,bda8c913-25e0-47f1-a413-1dc107ec7fbc.25956a,set-location-mode-success,execute-event,Night,TIMER_EVENT,2023-05-03T04:30:04.486894355Z
241,230aab06-5e4b-493b-9403-eea0f13beabc,230aab06-5e4b-493b-9403-eea0f13beabc,bc76e512-b7f7-4715-adb7-ba505eeb78b7.9a3f56,bc76e512-b7f7-4715-adb7-ba505eeb78b7.9a3f56,set-location-mode-success,execute-event,Night,TIMER_EVENT,2023-05-02T04:30:03.204613179Z
242,1e7ccdde-b1ee-4372-9b02-477cab87f15a,1e7ccdde-b1ee-4372-9b02-477cab87f15a,c7937d9d-1c33-425f-94b5-62d9ad3d9ca3.d37d6a,c7937d9d-1c33-425f-94b5-62d9ad3d9ca3.d37d6a,set-location-mode-success,execute-event,Home,DEVICE_EVENT,2023-05-30T10:39:05.237499756Z
243,1e7ccdde-b1ee-4372-9b02-477cab87f15a,1e7ccdde-b1ee-4372-9b02-477cab87f15a,1d293f86-cab0-4a01-8e70-5dff5a66d22b.e19a44,1d293f86-cab0-4a01-8e70-5dff5a66d22b.e19a44,set-location-mode-success,execute-event,Home,DEVICE_EVENT,2023-05-29T11:38:04.565181312Z
244,1e7ccdde-b1ee-4372-9b02-477cab87f15a,1e7ccdde-b1ee-4372-9b02-477cab87f15a,fc96ff1c-7ac6-4b9a-bb3c-8ac087500fe4.24f9f9,fc96ff1c-7ac6-4b9a-bb3c-8ac087500fe4.24f9f9,set-location-mode-success,execute-event,Home,DEVICE_EVENT,2023-05-28T12:07:44.92124252Z
245,1e7ccdde-b1ee-4372-9b02-477cab87f15a,1e7ccdde-b1ee-4372-9b02-477cab87f15a,72419d1e-72a6-4420-b66c-5eb5ef3b5305.0b2992,72419d1e-72a6-4420-b66c-5eb5ef3b5305.0b2992,set-location-mode-success,execute-event,Home,DEVICE_EVENT,2023-05-26T09:33:19.549820505Z
246,1e7ccdde-b1ee-4372-9b02-477cab87f15a,1e7ccdde-b1ee-4372-9b02-477cab87f15a,e43acac4-2eab-4867-8609-226122e7da68.6fdeff,e43acac4-2eab-4867-8609-226122e7da68.6fdeff,set-location-mode-success,execute-event,Home,DEVICE_EVENT,2023-05-25T09:31:35.191250297Z
247,1e7ccdde-b1ee-4372-9b02-477cab87f15a,1e7ccdde-b1ee-4372-9b02-477cab87f15a,e89b5423-8bd4-437e-8dfe-5ec2ede79a73.135798,e89b5423-8bd4-437e-8dfe-5ec2ede79a73.135798,set-location-mode-success,execute-event,Home,DEVICE_EVENT,2023-05-24T09:24:00.94115087Z
248,1e7ccdde-b1ee-4372-9b02-477cab87f15a,1e7ccdde-b1ee-4372-9b02-477cab87f15a,6b3f00e0-cbfd-4334-85d4-07f925eb58b8.ee207e,6b3f00e0-cbfd-4334-85d4-07f925eb58b8.ee207e,set-location-mode-success,execute-event,Home,DEVICE_EVENT,2023-05-23T10:32:48.784968017Z
249,1e7ccdde-b1ee-4372-9b02-477cab87f15a,1e7ccdde-b1ee-4372-9b02-477cab87f15a,ff64b05f-97f6-4fde-8188-ba295a23a7e1.e9848c,ff64b05f-97f6-4fde-8188-ba295a23a7e1.e9848c,set-location-mode-success,execute-event,Home,DEVICE_EVENT,2023-05-22T09:07:27.735169791Z
250,1e7ccdde-b1ee-4372-9b02-477cab87f15a,1e7ccdde-b1ee-4372-9b02-477cab87f15a,b42b9585-8489-4d2b-931b-8bb3350de687.364eef,b42b9585-8489-4d2b-931b-8bb3350de687.364eef,set-location-mode-success,execute-event,Home,DEVICE_EVENT,2023-05-21T11:24:47.774370806Z
251,1e7ccdde-b1ee-4372-9b02-477cab87f15a,1e7ccdde-b1ee-4372-9b02-477cab87f15a,147754da-2726-4847-aa13-7a3134766d28.1d8ab0,147754da-2726-4847-aa13-7a3134766d28.1d8ab0,set-location-mode-success,execute-event,Home,DEVICE_EVENT,2023-05-19T09:47:20.120997211Z
252,1e7ccdde-b1ee-4372-9b02-477cab87f15a,1e7ccdde-b1ee-4372-9b02-477cab87f15a,73b4d2e3-21ad-4c1c-9bde-303d65afe66d.46f3ca,73b4d2e3-21ad-4c1c-9bde-303d65afe66d.46f3ca,set-location-mode-success,execute-event,Home,DEVICE_EVENT,2023-05-18T09:46:14.912792668Z
253,1e7ccdde-b1ee-4372-9b02-477cab87f15a,1e7ccdde-b1ee-4372-9b02-477cab87f15a,6045f2e1-4d1d-4622-b103-3abac0e2a723.3f4d8a,6045f2e1-4d1d-4622-b103-3abac0e2a723.3f4d8a,set-location-mode-success,execute-event,Home,DEVICE_EVENT,2023-05-17T09:40:26.702765835Z
254,1e7ccdde-b1ee-4372-9b02-477cab87f15a,1e7ccdde-b1ee-4372-9b02-477cab87f15a,535fcdb6-93c6-4361-a2ba-a1a37a025e68.62c8fa,535fcdb6-93c6-4361-a2ba-a1a37a025e68.62c8fa,set-location-mode-success,execute-event,Home,DEVICE_EVENT,2023-05-16T09:41:37.047059807Z
255,1e7ccdde-b1ee-4372-9b02-477cab87f15a,1e7ccdde-b1ee-4372-9b02-477cab87f15a,b71957cd-67e6-4da3-8697-05f2d7afc47e.c5ef8a,b71957cd-67e6-4da3-8697-05f2d7afc47e.c5ef8a,set-location-mode-success,execute-event,Home,DEVICE_EVENT,2023-05-15T09:51:44.452683257Z
256,1e7ccdde-b1ee-4372-9b02-477cab87f15a,1e7ccdde-b1ee-4372-9b02-477cab87f15a,c7f8a826-0de6-4756-b003-b161efac2600.70f580,c7f8a826-0de6-4756-b003-b161efac2600.70f580,set-location-mode-success,execute-event,Home,DEVICE_EVENT,2023-05-14T11:13:57.379687998Z
257,1e7ccdde-b1ee-4372-9b02-477cab87f15a,1e7ccdde-b1ee-4372-9b02-477cab87f15a,fa81654d-6488-428e-b29c-3776a01771d3.9b2442,fa81654d-6488-428e-b29c-3776a01771d3.9b2442,set-location-mode-success,execute-event,Home,DEVICE_EVENT,2023-05-12T10:05:34.523769881Z
258,1e7ccdde-b1ee-4372-9b02-477cab87f15a,1e7ccdde-b1ee-4372-9b02-477cab87f15a,0f41c21e-d6b3-4040-bc02-b4bae71555c5.6df7d2,0f41c21e-d6b3-4040-bc02-b4bae71555c5.6df7d2,set-location-mode-success,execute-event,Home,DEVICE_EVENT,2023-05-11T09:38:23.00007033Z
259,1e7ccdde-b1ee-4372-9b02-477cab87f15a,1e7ccdde-b1ee-4372-9b02-477cab87f15a,8d3efabc-48a2-41da-b863-1cf25a36f94b.19a45f,8d3efabc-48a2-41da-b863-1cf25a36f94b.19a45f,set-location-mode-success,execute-event,Home,DEVICE_EVENT,2023-05-10T09:32:48.31887322Z
260,1e7ccdde-b1ee-4372-9b02-477cab87f15a,1e7ccdde-b1ee-4372-9b02-477cab87f15a,2c96c850-c79d-45d2-9d36-2f5db2fb4160.373919,2c96c850-c79d-45d2-9d36-2f5db2fb4160.373919,set-location-mode-success,execute-event,Home,DEVICE_EVENT,2023-05-09T09:22:24.80401721Z
261,1e7ccdde-b1ee-4372-9b02-477cab87f15a,1e7ccdde-b1ee-4372-9b02-477cab87f15a,729a3be4-b68f-4ff9-950f-c98e25733fd6.56d28f,729a3be4-b68f-4ff9-950f-c98e25733fd6.56d28f,set-location-mode-success,execute-event,Home,DEVICE_EVENT,2023-05-08T09:35:44.585736885Z
262,1e7ccdde-b1ee-4372-9b02-477cab87f15a,1e7ccdde-b1ee-4372-9b02-477cab87f15a,e86e54c5-29e1-48c6-8e5d-37c2232efade.a463ed,e86e54c5-29e1-48c6-8e5d-37c2232efade.a463ed,set-location-mode-success,execute-event,Home,DEVICE_EVENT,2023-05-07T12:04:31.060677861Z
263,1e7ccdde-b1ee-4372-9b02-477cab87f15a,1e7ccdde-b1ee-4372-9b02-477cab87f15a,334c01ac-50bd-49ea-b8b1-06979fdeb313.d742b4,334c01ac-50bd-49ea-b8b1-06979fdeb313.d742b4,set-location-mode-success,execute-event,Home,DEVICE_EVENT,2023-05-06T12:01:08.287312926Z
264,1e7ccdde-b1ee-4372-9b02-477cab87f15a,1e7ccdde-b1ee-4372-9b02-477cab87f15a,d4f58a34-4e85-4606-a068-4b80db966897.09c4dc,d4f58a34-4e85-4606-a068-4b80db966897.09c4dc,set-location-mode-success,execute-event,Home,DEVICE_EVENT,2023-05-05T10:00:19.12433227Z
265,1e7ccdde-b1ee-4372-9b02-477cab87f15a,1e7ccdde-b1ee-4372-9b02-477cab87f15a,73cdea6d-ffb0-46e6-a35a-c176215a576e.d8a7fb,73cdea6d-ffb0-46e6-a35a-c176215a576e.d8a7fb,set-location-mode-success,execute-event,Home,DEVICE_EVENT,2023-05-04T09:31:34.137776513Z
266,1e7ccdde-b1ee-4372-9b02-477cab87f15a,1e7ccdde-b1ee-4372-9b02-477cab87f15a,089a6496-7a7b-4c9b-9f13-17c84b050a36.58e806,089a6496-7a7b-4c9b-9f13-17c84b050a36.58e806,set-location-mode-success,execute-event,Home,DEVICE_EVENT,2023-05-03T09:33:19.983464715Z
267,1e7ccdde-b1ee-4372-9b02-477cab87f15a,1e7ccdde-b1ee-4372-9b02-477cab87f15a,46877491-dad9-4dc5-8e45-5339b2a1348c.eac9f0,46877491-dad9-4dc5-8e45-5339b2a1348c.eac9f0,set-location-mode-success,execute-event,Home,DEVICE_EVENT,2023-05-02T09:28:39.883108358Z