device_id,minutes
047e9a42843cf04e8631c5e735ae956984f7619387e76f7b65928c1fdbc6e362,1877
07d1a053327901202e43738d7de9ab2f13f2d875d7145ac38f191be334372815,1877
2d88aee695f4a0ad0f05dd7781ca0e7cc3b36d556474475cd4f1264e281c4b4f,9
796560e7531d0efbe2f8e92f7886032951f5967f590e446026708059c2ffdc8a,1877
877978399e99c128bb2587d63c38333c4f019d09b4c6cea9abefab5c98cc705d,1877
8b6f46788830d8574046c5ab1c8cdb383484b3e1e47e9dccac7c19b48b3b0b31,1877
90c50c78e7dbb703d915dd6f8dcda64a3cc9c793400a0dde286a617c3f612c85,1877
bf48834f3ce051c3009613ccd6edc0098688ba4717d99b40a6c454402a936939,10
e09c1e909bc059d4681880bc317dbf912223e94a2dd8067c8de10901746a2877,1
d9d2fa206346cdf34fedea2d718bd6c8ffc5ce049c512f4d28d990508b473748,1800
0df14fc61306d5682f6f78eee15caa792d9bd6aa12e54c68310bafbce3328532,0
10dd1cee8b4ad03fce3eec9cbeb867d4f486d1a639979565673df6e39e2ac5ee,0
20ddc08f95b0715e057936e81dbd3b960dd1ccc1fa6723cd3f5975cbb07f10b7,1269
264912d88b4ee9dadf8cb682da32c5c7efa77c6e5e469ab8bb1415274690c11e,229
3a16a42b0af649e0b58aa25e46dfc0b550bdfd689c6a8cd780dfcd99c77ba1a8,209
5dbebfdddcefbc74a7c119e9fb72571be4f979ae4f37dad5ebddab5a6d5cdbe9,0
71d904c8a2c91fcf08214ba67b87683809bac5f541ef3e04290b6fb73820460a,0
73464e56c9b689f371081fac104347db014f3ef30c4e0b6b9ab1b91e87463b03,1478
85de2352051eab9c2050b3f016689115ace50bf9aaf78e3075fb0d701d493891,212
883dd07f5241c85282ce119a0745cf8711abe6e0613d6917c6c69bb710a123dc,462
a807b16a984470989401ca123dbcec9eb7c3c7cf9412f1f2cf07a735e95408d0,249
a8261710727f935b6ae7fad2bda7b512975c2e0e78859203bf34e741b97bf3bc,286
c6779cfb5c6a2c9f46cb9750e840a94e7cf635b99fa5550154bcf6b07f207d58,0
d3de29891e379aedebf89125d4c671ad2758e1a6c763f103aa3f027657b86cb0,50
d6ddb4c8f4245cb5552e6c4aae2d5bf63f2c3c6704e433b834e85ab8fd64fac2,50
7d844ef4edb369fd1cfa91572dd49dc2bb31ca5b6b2729d25b93505f0ea39c1a,833
d1db5562ade49ddea72a89dd97f4b27030fa349fdb0f59768446303fbcf7f40f,833
67d2f8d278ffd0640419e87aff1fe4ade71ccad9890fe42c37541a84bd18577b,344
951c9438a8cec9f2995c9e06e18b16d4a4c5953bf5b7f29e8d592e7b4bd6adaf,344
e32ed863394aac33f5b6a00c81d20f44c316d6afe4a6b77017bc205be1f00295,344
eb2ea4d6521ffb5b53ecb4f5794f3844b984b8185772291bdc664cb0d1b15298,344
4094a84e30ad2c75fa0fe490946ad5c7dd6fab9d9adb350940a9ba7aa2b6ee06,11
5605cec581054844b66d004fe09877ff05f6c7b2037ed158db4a125bace98055,10
7db5ab7c9b8aeb3e1fc82e23e43fa65735a7df88313f3c2853866fe63864cc74,28
3e5a51799c0a34e626e0bf39d60e816209555b5cd7945e4aaa289b02f0c7ff98,371
5b60234cbede71e8aebe0818ec8ca64ab613d0368d50ff6a34db986b5e9e068a,220
86be8069ae1a38e2363075bc107f8fe657cd95587aff99505aa7cdb00d2d80d0,241
90828185c4b71bfad32b75c4f0b3a6a2420bbc59c5e98fbf5f5920a08f3cefe3,371
97b86afa94efb3cf4f00951a227bb084bab2d039198e055a4de766033c2b74eb,371
d880ee9f41272edc0eb62201784fb8c131719776c9c2424287936a5dfcb7d1b0,371
0c5f97202ee6cd6578be47ad521d50146073b936065d9d70624e35d746e8aa15,459
2487b05cebe895a79000fe34d0f76f53a80b931283daa0082176f4b13f8f03c4,0
33d883ba815fc23f3edad69437f371fde79773ea6fc3f26f63c2d434d9c1d031,459
8d13e636de48fe979ec9b55a30ca6dcdf3a0cc6d35ac01457fbc3c1a93f6de31,459
9d53923cab60cc3ba0cb2ff3bc654bda39394b670d02f749f2e5d38b3ea094f1,1716
a783bb96d09ef55fcd11ae0826e546aa2880297e0e7c418f48b90a3090566f0a,456
adbdd5b97f8e3bf30a223b0ab850b43902d0092151c62e2b2b696d86a39af855,1716
dc1263c7be636448fb1a789150c84aace6d58103d66978d90c70af3ca9cbefa4,2347
065f8545d27a7a7e2b17c1479d90206c8cece2d06f96240f21d7ec2c1408dab4,233
0d78f4a76f091afe867a0e748b4f5f7dd7dd37c8784dde637f3681e8233bea9b,138
17c04c26eac7cdab79188dcdeb75834070330c011a8d204da06251dfdee608c1,297
3a292780202d9e2a915948e56ad5834ddead37fd5d5284f77bc27e2cbefa7f59,402
4763db8a7711c482d85576cc1275d357ebc90263b6454cf123afbc561f574847,138
5ba91dbdae7c3e27133d70cf65a301ed621d613dd5131b56a9bb59109e4ec37f,14
69378e50b6cecb57a01ced53de8f50b116ccb644ffda7e9084f91eda3326cac0,874
94b5a2e7912739b5e48e9c7b2b5e1ca6145bfe5b8bf7abbc60226b28bc3f661b,138
aadbd17f4bdf511d6d7cf40fa4703e0ac9cc3ecd171ed64af0cae48c050e696e,27
b74e7eed3b0f7857a39867635d5bbaba380a3dcf2d55b0b830672f276fadc985,1126
c05d3a109a4d4f4fbe45ddec9c7373b7a0f309dc229da5c30a9eb352d56307f2,84
c675630b1b8cdd6dadd99368c5130518634b6332fddf03b335418c6b86b92c7a,233
d68f29e4802fe97e84d0df2f74a3a0a722adbfeb1204d96bf5e6763e22a5f381,946
e1f63ebcb84171ed548f8e1ef5eb8209e6cb36afdf39413aca86a370fffab2b2,138
e76ef9a76b95a7f04db89b89cb5a912ce3e499a642a1facee919c9cfa89b37b4,3
e84643be6ab9504700f1f5297cc19d2a39ff001b01a147c098025d48ceeca9df,3
0b8780ac581355e431274febee40962bfc82d0e9240d6b4a85e2b469f14b192e,16
562a40297ccf12e0f7ce63d0b60f7bf494aa94cb020bd6081cb5e6ae03327403,16
85c9d3c4e0b82e66091a81ee168bd9c499823946956c11941e03102975c6df1a,180
8734ef478bfebbaa98aaa1238a5d8e454d5777561a8f4ea0cd84f9646a42a56f,16
b366d4ea1deaab6d59bca6e89ab728404860617c513aa1edfde441b3c4049fbb,16
bcdb727a930d70e687940f02466ac429143d8d85df60dae84d9451c9132a1c85,285
f89739d7ae9720802988bb8109048b84f32ef0cf9379cbb80e3bdef854121b17,16
1fd0b1bdfcc5bdbcef6568b0c20d81a132caa39b8914308d7b3229d35900ee39,97
39f50a6a9c4fb3875da673024532c838d19a85f8270b3a8c5aefa8b27f363f7f,106
7eb1789c09a36b4b5f72bd220bd4c38a40aaaf3c293051d12918238b3550e12f,106
9c0f635177a61865150caef37c9930e3a41371763f69c6fd740700a63eebcfae,4
a7e262faeff4f84f12eb8ee0eb76dd4d33061394688a251d33f4e8563af1bf94,106
0c76034d4d63990be52c8598774357b6932a3dd75a436eb55f54e7dd74970d74,284
5341891bbe7514a02a4158366bf136ddef07e4ab7a5708b525c5a7bc726579f3,640
dfd33585a056ba468ca091c1ccd0187af50bff7fac1062d6b714f1013233175f,640
187637bee217c4a908a61393cc92bb030a8b47bdec5fd7a0f212e4c8531a3cd7,2070
192bfa7f9ed8fa3e9796aa7f654008f60b7fcc0abcd9ee009901cf5e8ee5e894,0
371be633da4f87033cfd7243d2072e8125dd5a2e5ac6ccf8dc092466bc4afef6,535
43f10d9ad3dc4dfe1b44feea9364eadb9609c6a0e365b4dfcd5a1e0b5e93d298,97
4fbefcb9d3ba0c8d0cc6b70c63e9d33d3b838b098ea197225fe6104b6ca3916d,93
57b5d403711869aaf9efc58c8b3edc94e4f487cbe027cfc29089197a752264cc,535
d1f4cb30fe52f1a2196abac1079878318c703251d13fcc00aa4cf273428afb4e,2070
ef5fb491289142eb70588960dca4403c78b6d3dae9b2903f4decba8459458ebf,535
f7e85a79bfd1554e63cecbed259e189e537486aaa846be98f4bd52249860c9d9,2070
2de78f617464e066c014c0ddbe4c5fd48b97ec6579c5669fc6df4377524246cc,645
55a2f978deed1615ea07c14a110da3be592dfb29f226944e6b72cc213bf6b6db,645
683d1d6f8fe08e7faf6669ed843763e5b031cfbafa8b243c55df8a0488eb94fc,105
7d8a1604678848d27a52a5d38ad56a520e9721444da300655c31724df02c226a,240
98012f51d5b76d8270b3ef73cd01b6aa5f60d9543c2f58ae146757cf4a5867e3,645
9d2f5234ff5e792bb7c777a5733d40cfd3ed8998444765724e2e5d0f19bd421d,645
bc905323ab4493737cd624ad710200c4c34375a2d62ed11c05b9353bf19aeece,258
daa82b71089509c37f7a8cfad0f8ef38de620aa70d79937cb79c82c306bdce7e,402
de65b67517d3bfacb7d409f50685afc44188e33d3b64bf2db6199ae77db6ee34,33
fab84b897ecebded4dc97f7eefc9582132e580a052b96eb3085ef2dc37ba8d52,645
035b28ad7664bee61390d7c2eee9b39534b7b9555982ec4d535f1cc48e48956e,10
7f46971a1a8d4f528371b8a048cc1cb1b321c8d9d595ec822efa9891eda964df,10
3f6310b518d731f845794021c939ebe4a169d8fe614cc05db1cfbb62f00a3913,6
4f79aefd9127c75e8e23d2a340bbd5841583f4905fcf42ee6baeaf792bec8e47,1938
54de974923b2740b3c2bec346907f60e86dae555fb196d3188423b08af1061a5,392
6389ef3ad49057c7f7e95e110dae90d0f46b58b33476cfda4d9c4d178a2cf1fe,1938
729aef74e62740bb911dd9e5892a94d81614ddaac49a7f2abd1f5757f0e4782d,6
8e72ae215c61ff2905391e4bddffd51e941d5ecbda79d1d76ca495606d0e0397,60
924c1c2ec71ddffb51b8ad372ab100a940e7265b2e9fecb6c1e1b101ee620795,2
c76e158fd4fbd366194519c0aa26be81a3ad167a392b7375a45fc5ecab95a6dd,2
1f5ce34e88cce7bf8bf29eee8c4d0fe1f348564c1650f77cf99c5fc83a6dda01,493
546e6f345eb243104f7301df8415282e389673ca3f288be6fa2d853234c629f4,461
5e5072069eb9ad9eddabcb54f48322a54508688463148e38fe87ffae239f91e8,493
8a8ffd666f417712849dde2bb961ad2f1ed296bf97ab093bcb6d79eb0e8de62c,267
af58f1d6f021675aac4b4260924dcab2f41bae2b597c938c65fa216674fdbfaa,493
f29a2e6d8d18b09e75c2016995df1e707ffa859a653046d88b31e7cff811a252,493
4c163238188bf786175a0453a6df71780dad57d5fcc92760edca1dd25fe3c8b9,144
82bd17dbeddc68c06ba45026d5a10a79ca09d270a1cf6734e2282066eec36ed8,264
b56159e4cbfffdbefc99fa01da03e46e76fae22c99b1557f1da74eb691f8fbf1,0
d7a3e6604bf5fc47a904aeb215987c186f24e20e6c92cdfcee01a012c265e388,2080
82e11de4434449736e29e79c79fe0d868d587824266ebbaf82647d5ad05db6b3,39
f9fd2c1c8b10c909659c61b13a0d14852c854784ad1bbf37627317adf9af4937,39
4714cce986d9ee32c5b52157b1eceff8bd54e2f4cf4fbec3e6e7b2000d531f75,500
7de4c4fc50a54581b346ca90763a3c9e489082aee2509aa8d7ce3d115b3847a0,500
a105e68a06f4f1cc8f2d3443a1d560b07d39516cadeb7d682e2ea65d7ed8410e,500
02af718a4086b7875c8f445c7754c4e29f7c57204b785d39e0d5efa9e5189239,660
02bad5ce2207bf5f0420a79952dbf0723dd642e03d77290640127f8f3ac64c5b,625
0652d6a20a9d759094adbd775266a7f933fa679deafe9a9c8689256158826016,1020
0aab657c75d1299a85a4992f7f89bb78fb750abe10bdab33017ac5c4499883b8,1020
11a47fad2f1446b372777042cd68665c81d49372c28371fc43635a8d03e867b9,660
16a6c4816b57b8d02d49b40dc64792963051f479832db6e1f333d9c96c8c44fb,660
182c495f368a6371426359ce69cf2209e67485b67606ae16d95d0022c3848705,798
1a0392c8bfd72e3352ebc1d24ec6d5d17402bd96d20cc9c73617b7cb1804dad8,625
1a4622831fefe3396e9382d46e4d45362930295bcd380098b186f232e25a5b72,0
1d0cf7b295bd895df0d027c0d0981a18ca7b75f7ada8885a6d1491112fc75630,509
25126d934e709a5beb2b06d9e787de8085bb6942116f289d37f11fc8e2a93a49,625
27652dbf4143464f316caf7b070840c79d038bb96d0a171b8dbbdb1f87397e45,660
412be2303c79a767b58b7f24baeb9787162eb5cc53488ec9185290d679adbe18,509
43e52dc06206e062301ec3669470b8f7e7b5e3d364aad7489b639d669821caf9,798
4ab29e4bbc4181a2e1bfecda16ee098114942b93fbee820f8cbecb23139cb576,660
6514f2c0d498d4191140f6c19f10adc0619323ed9c8ee9cc304a03e650314a1b,660
6d38b127386fe62d287a6ce42ed92a5a2d7074e4ea6c316ebc859f47b8089942,70
79a66711ddac68bda1dcac2ef868d7a6c9d6d19a232f6a2106685fddb31c5d8b,660
7c34caacfbd6d85ec0bd93709add5e39bbaa823783583e8c42e2bcd4fea9c4c5,660
852ee8ba2495e4aa909cc111aa31922fb733c75dd845e84b9615480493096d37,660
856bb75c805a94fb702cfdf1e761c2e50a5b62ae71f4d0418b911d90678ae625,798
8f9ef7e644471a4065f6e0cb43eb107cee1d34c9cf19e2cf1409e2de64944b19,1020
9b7bb7b9f027f6c9f2bd7387be99ca8dcf90f3a1a6fc937ebee6f822df75113a,660
a06bce018ec9c675356e7f3c1a08775b83c1fedd8e5421814a2a07abb2f5b68a,660
a39c45e2ccd1f17b79471b122c2ebcc58b8d341cf9c8b6cadd61fd56d3dc4190,798
acb22d3fcd21e83c9348552dd51e35da68ff7cee2c05825d9b4ca300ecdd4606,0
b4b8b2bb567e27a72646eb07ff698f8cbedb5a8464fc18b69c4a8a4aa91ad6d1,40
bef8b7295f5bdec6cec89c016717ad5ec9e6f0ec92e3b747b881cde31802957c,798
cf20293d542963a1a480db69bd40e40c8e73fd628ed773e84ab191805335b2b4,70
d24be0fae6f2a0a52432e630292d82412b437eb619957f470be00199dd03918a,660
d4209f1fd144dce63889b02c5edfcb62d93d6985738020f3bd736fe10c09a9a9,660
d5b077c9eff06bc19beac34fb4f43a77431043154d10d4ec4bd80bab22d415c1,242
d633ea9fb572e6ff3c6264e0a4e41ae72217250a41174b30d296da7f18d6ec3f,70
eafe205a32c168d1b7ba6efb8b3007f87d22991af07ca0c9ea33741ca37fb4f4,242
ec0cf2067efcb67fccf741e1ef957b0b5e392ae7abf2b04821a101dec64c122c,70
f3b92ce2a11e4f0f17e8d85e500fbb2d5bd9b8e3c1325c9a4526991c083c924d,1020
f7b43c9a2a4884b13dd15d26cb46d711e5447066bf044fd77c39e4359451647a,660
fad9abbfa75d5f6ecc2d5bec1525ac744dc7b9afd7c91df17f19b186301e92f1,660
fcfce5f6d0910e5ccff069ffbca25089660da7a901e937a0faad2568f7d15e85,660
ff9e8028c8f8f074d3e67a43fac363c58cfa265c781a49c8ebb14dd51a4cb76b,660
004f83a3e1aa061e28c7150cf36921c03078c1129aad8d135ff802a2f5307d9c,252
37c356ffa2c13dd56304e1cf88c37ab7f63cab7d00de94450fbdd3e90aab1b2e,76
3a1acf1e4c500f3754a77761f56979effc71b45e7a9e189f81aab03f7d9a9c21,76
3d41be2e9064b700bf39b1d46c1131d92f9316ca991076f6805fb5af19e666ae,1308
4a5200f6fd1f030e2965d38e672a6db50de9ddc757f9195a19114606f27f9b82,252
59627b4f8a549f06a80718d99ba7077722cb6b2430da6d6984e2d66b7397b713,256
c4c3efebfd64b822c4dfa75de5fc62bb7af49564670bfa78b4bdd0d09957a1b1,253
d7b82c66d11f19b9520c54fd79dd39ec1b11ba1b8919555b9217e2aa4dda9b43,76
1e7ec13c43a0eb38df9353efb1326b44c7228bac62f242fc4de0b21fec8e7e5a,720
1ff17530e7fdfad6b8c9e271e02bb4878f69d10787f0721483519e9bbde6af44,635
24d330302a9dd45e7c4fb57bfeb7aa2392dcaf60f46715ef0b09b80bb0699957,45
49b4c76a8ff75e1599dc3c4b2dfb81c4f0ec86c14db424832ee2e40369861445,45
6b51642109a90383da7bc410e862ea16777e416f2ca0fa8a5fa34f2136aa697c,720
7ebdcb804cf01b77d02771538dbf69715cbd727a1fa6e01f00c0e4c1994547e9,720
80155cac5b213ddf4fcf7dc8150e9102dd0e203f5614a00a9169265442092fd4,45
a066266af040ce9bbd4b57b899b20217155d9af43adafdaa79020c098bb0ca36,90
a77f250d1f0084532c2c9e080df7f0625da7fee4e59acb14dc9d5911e544be77,720
c27f4f888eec113f07326df077d5da1a6ca40c3d3f1399e1c2c2ff0d7523381a,45
f1c3debb00c8a5c735f3525ea5a6e6791ae53030c5e74556bbc99eb38806249c,90
f2924acd11fd16f7278a5714f3e163df29b6eb41d3f84294f957d2484f53b494,10
