"modeChange_locid","exeEvent_locid","modeChange_logid","exeEvent_logid","modeChange_msg","exeEvent_msg","name","eventType","exeEvent_ts"
"f17b6b01-fe68-4167-8e52-ee79ee223e68","f17b6b01-fe68-4167-8e52-ee79ee223e68","af8fa1e8-10eb-4429-8a01-0fd3014fd97e.d0cb99","af8fa1e8-10eb-4429-8a01-0fd3014fd97e.d0cb99","set-location-mode-success","execute-event","Home","TIMER_EVENT","2023-05-23T10:00:07.533863704Z"
"f17b6b01-fe68-4167-8e52-ee79ee223e68","f17b6b01-fe68-4167-8e52-ee79ee223e68","231644eb-24fb-4b6a-8ce1-bf48e3f910aa.b142ac","231644eb-24fb-4b6a-8ce1-bf48e3f910aa.b142ac","set-location-mode-success","execute-event","Night","TIMER_EVENT","2023-05-23T05:00:05.299393605Z"
"f17b6b01-fe68-4167-8e52-ee79ee223e68","f17b6b01-fe68-4167-8e52-ee79ee223e68","b88b6ddc-4492-46d1-b645-f5c22f72638a.678c41","b88b6ddc-4492-46d1-b645-f5c22f72638a.678c41","set-location-mode-success","execute-event","Home","TIMER_EVENT","2023-05-22T10:00:06.396485603Z"
"f17b6b01-fe68-4167-8e52-ee79ee223e68","f17b6b01-fe68-4167-8e52-ee79ee223e68","35c06a37-9759-4bd1-95f0-429387107e73.39325a","35c06a37-9759-4bd1-95f0-429387107e73.39325a","set-location-mode-success","execute-event","Night","TIMER_EVENT","2023-05-22T05:00:04.667044513Z"
"f17b6b01-fe68-4167-8e52-ee79ee223e68","f17b6b01-fe68-4167-8e52-ee79ee223e68","ea66a9d6-c82d-4bb3-ad3f-50ea99fd30c9.daf858","ea66a9d6-c82d-4bb3-ad3f-50ea99fd30c9.daf858","set-location-mode-success","execute-event","Home","TIMER_EVENT","2023-05-21T10:00:07.181278316Z"
"f17b6b01-fe68-4167-8e52-ee79ee223e68","f17b6b01-fe68-4167-8e52-ee79ee223e68","d62c6cc7-8731-4d50-858f-162769e8af75.030ee3","d62c6cc7-8731-4d50-858f-162769e8af75.030ee3","set-location-mode-success","execute-event","Night","TIMER_EVENT","2023-05-21T05:00:04.959957813Z"
"f17b6b01-fe68-4167-8e52-ee79ee223e68","f17b6b01-fe68-4167-8e52-ee79ee223e68","9d6d35a6-4b7b-4c78-86ac-1720a43c5f72.f43e57","9d6d35a6-4b7b-4c78-86ac-1720a43c5f72.f43e57","set-location-mode-success","execute-event","Home","TIMER_EVENT","2023-05-20T10:00:07.112798945Z"
"f17b6b01-fe68-4167-8e52-ee79ee223e68","f17b6b01-fe68-4167-8e52-ee79ee223e68","175a79b4-bf8f-4d72-9813-d085b23c95bc.33cef9","175a79b4-bf8f-4d72-9813-d085b23c95bc.33cef9","set-location-mode-success","execute-event","Night","TIMER_EVENT","2023-05-20T05:00:06.181477091Z"
"f17b6b01-fe68-4167-8e52-ee79ee223e68","f17b6b01-fe68-4167-8e52-ee79ee223e68","b16f5084-b141-4ba3-b20f-050ebc4ba923.97483e","b16f5084-b141-4ba3-b20f-050ebc4ba923.97483e","set-location-mode-success","execute-event","Home","TIMER_EVENT","2023-05-19T10:00:06.064274331Z"
"f17b6b01-fe68-4167-8e52-ee79ee223e68","f17b6b01-fe68-4167-8e52-ee79ee223e68","4d97cd73-5ecb-49b0-b6f0-5a6f3348bb72.3600e7","4d97cd73-5ecb-49b0-b6f0-5a6f3348bb72.3600e7","set-location-mode-success","execute-event","Night","TIMER_EVENT","2023-05-19T05:00:06.570653953Z"
"f17b6b01-fe68-4167-8e52-ee79ee223e68","f17b6b01-fe68-4167-8e52-ee79ee223e68","62e38bca-3373-40c9-9770-25caa013abe1.dde873","62e38bca-3373-40c9-9770-25caa013abe1.dde873","set-location-mode-success","execute-event","Home","TIMER_EVENT","2023-05-18T10:00:06.341059071Z"
"f17b6b01-fe68-4167-8e52-ee79ee223e68","f17b6b01-fe68-4167-8e52-ee79ee223e68","3b3576b7-1ca1-4f78-8a09-cd77a4767f23.c318a7","3b3576b7-1ca1-4f78-8a09-cd77a4767f23.c318a7","set-location-mode-success","execute-event","Night","TIMER_EVENT","2023-05-18T05:00:06.026160548Z"
"f17b6b01-fe68-4167-8e52-ee79ee223e68","f17b6b01-fe68-4167-8e52-ee79ee223e68","c385fbdb-7786-47d1-95b9-00a4cabf64f2.250b57","c385fbdb-7786-47d1-95b9-00a4cabf64f2.250b57","set-location-mode-success","execute-event","Home","TIMER_EVENT","2023-05-17T10:00:07.194669178Z"
"f17b6b01-fe68-4167-8e52-ee79ee223e68","f17b6b01-fe68-4167-8e52-ee79ee223e68","285f2f19-b9e0-474d-b7da-3d490f753147.749e4b","285f2f19-b9e0-474d-b7da-3d490f753147.749e4b","set-location-mode-success","execute-event","Night","TIMER_EVENT","2023-05-17T05:00:05.451623801Z"
"f17b6b01-fe68-4167-8e52-ee79ee223e68","f17b6b01-fe68-4167-8e52-ee79ee223e68","3526a686-bf60-43d1-85e5-c4b523252777.ced5e8","3526a686-bf60-43d1-85e5-c4b523252777.ced5e8","set-location-mode-success","execute-event","Home","TIMER_EVENT","2023-05-16T10:00:06.554748211Z"
"f17b6b01-fe68-4167-8e52-ee79ee223e68","f17b6b01-fe68-4167-8e52-ee79ee223e68","a5c245bb-4629-49b2-ace1-1a5976cdd939.c44595","a5c245bb-4629-49b2-ace1-1a5976cdd939.c44595","set-location-mode-success","execute-event","Night","TIMER_EVENT","2023-05-16T05:00:05.556605734Z"
"f17b6b01-fe68-4167-8e52-ee79ee223e68","f17b6b01-fe68-4167-8e52-ee79ee223e68","8f7d157c-0efc-4b08-acf2-2ed2aedeffa7.8582d7","8f7d157c-0efc-4b08-acf2-2ed2aedeffa7.8582d7","set-location-mode-success","execute-event","Home","TIMER_EVENT","2023-05-15T10:00:07.812505753Z"
"f17b6b01-fe68-4167-8e52-ee79ee223e68","f17b6b01-fe68-4167-8e52-ee79ee223e68","635d168c-0607-4ca7-95fe-51bc35c5f3df.a49545","635d168c-0607-4ca7-95fe-51bc35c5f3df.a49545","set-location-mode-success","execute-event","Night","TIMER_EVENT","2023-05-15T05:00:05.486973681Z"
"f17b6b01-fe68-4167-8e52-ee79ee223e68","f17b6b01-fe68-4167-8e52-ee79ee223e68","7df7d4d1-d4a4-4397-9279-84d374946a0b.3ce497","7df7d4d1-d4a4-4397-9279-84d374946a0b.3ce497","set-location-mode-success","execute-event","Home","TIMER_EVENT","2023-05-14T10:00:07.535056306Z"
"f17b6b01-fe68-4167-8e52-ee79ee223e68","f17b6b01-fe68-4167-8e52-ee79ee223e68","7edcabb1-9aea-4751-804e-01118df4a8ae.396403","7edcabb1-9aea-4751-804e-01118df4a8ae.396403","set-location-mode-success","execute-event","Night","TIMER_EVENT","2023-05-14T05:00:05.657885807Z"
"f17b6b01-fe68-4167-8e52-ee79ee223e68","f17b6b01-fe68-4167-8e52-ee79ee223e68","2416a937-b092-487e-b8a7-b7d5ec7c11c5.ada5f5","2416a937-b092-487e-b8a7-b7d5ec7c11c5.ada5f5","set-location-mode-success","execute-event","Home","TIMER_EVENT","2023-05-13T10:00:06.276340349Z"
"f17b6b01-fe68-4167-8e52-ee79ee223e68","f17b6b01-fe68-4167-8e52-ee79ee223e68","78a3f92d-742f-4398-b2ac-98ae7ac82f1c.947a69","78a3f92d-742f-4398-b2ac-98ae7ac82f1c.947a69","set-location-mode-success","execute-event","Night","TIMER_EVENT","2023-05-13T05:00:05.548819085Z"
"f17b6b01-fe68-4167-8e52-ee79ee223e68","f17b6b01-fe68-4167-8e52-ee79ee223e68","26ece004-241b-4fa8-9e64-8d3375509b91.467bd4","26ece004-241b-4fa8-9e64-8d3375509b91.467bd4","set-location-mode-success","execute-event","Home","TIMER_EVENT","2023-05-12T10:00:07.416911735Z"
"f17b6b01-fe68-4167-8e52-ee79ee223e68","f17b6b01-fe68-4167-8e52-ee79ee223e68","89ccbd77-0ce7-4f51-86e4-5dacfc253cb8.5779cd","89ccbd77-0ce7-4f51-86e4-5dacfc253cb8.5779cd","set-location-mode-success","execute-event","Home","TIMER_EVENT","2023-05-11T10:00:06.816970187Z"
"f17b6b01-fe68-4167-8e52-ee79ee223e68","f17b6b01-fe68-4167-8e52-ee79ee223e68","22be86f4-2801-411d-9820-8660a4137eef.24c086","22be86f4-2801-411d-9820-8660a4137eef.24c086","set-location-mode-success","execute-event","Night","TIMER_EVENT","2023-05-11T05:00:05.234508819Z"
"f17b6b01-fe68-4167-8e52-ee79ee223e68","f17b6b01-fe68-4167-8e52-ee79ee223e68","d6bf61be-5b99-42e5-b651-73fe9a289ba9.b07e37","d6bf61be-5b99-42e5-b651-73fe9a289ba9.b07e37","set-location-mode-success","execute-event","Home","TIMER_EVENT","2023-05-10T10:00:08.17049959Z"
"f17b6b01-fe68-4167-8e52-ee79ee223e68","f17b6b01-fe68-4167-8e52-ee79ee223e68","2e182ab9-8b0f-4c2c-8a3a-38fd300975c2.0b01db","2e182ab9-8b0f-4c2c-8a3a-38fd300975c2.0b01db","set-location-mode-success","execute-event","Night","TIMER_EVENT","2023-05-10T05:00:05.273785878Z"
"eac051c1-6188-4b2f-86cd-6d3514dffe0f","eac051c1-6188-4b2f-86cd-6d3514dffe0f","4d0bbd89-8a3f-44f6-85e4-fe87a05cfa13.1cf78f","4d0bbd89-8a3f-44f6-85e4-fe87a05cfa13.1cf78f","set-location-mode-success","execute-event","Home","TIMER_EVENT","2023-05-23T14:45:03.095475784Z"
"eac051c1-6188-4b2f-86cd-6d3514dffe0f","eac051c1-6188-4b2f-86cd-6d3514dffe0f","af63ff51-5bc3-4642-9234-4702a0a04a9b.a399eb","af63ff51-5bc3-4642-9234-4702a0a04a9b.a399eb","set-location-mode-success","execute-event","One sleeping one awake","DEVICE_EVENT","2023-05-23T12:52:24.625385694Z"
"eac051c1-6188-4b2f-86cd-6d3514dffe0f","eac051c1-6188-4b2f-86cd-6d3514dffe0f","6048f3b0-83ad-46f7-9865-46db6fc3a90a_caab5e3f-b037-4a38-98a3-d6ed0d00701b.fa3bee","6048f3b0-83ad-46f7-9865-46db6fc3a90a_caab5e3f-b037-4a38-98a3-d6ed0d00701b.fa3bee","set-location-mode-success","execute-event","Sleep","DEVICE_EVENT","2023-05-23T04:26:20.793519848Z"
"eac051c1-6188-4b2f-86cd-6d3514dffe0f","eac051c1-6188-4b2f-86cd-6d3514dffe0f","5f9603d9-86da-4e2b-b7b5-aae82aece51c.b0ea52","5f9603d9-86da-4e2b-b7b5-aae82aece51c.b0ea52","set-location-mode-success","execute-event","Home","TIMER_EVENT","2023-05-22T14:45:01.919138004Z"
"eac051c1-6188-4b2f-86cd-6d3514dffe0f","eac051c1-6188-4b2f-86cd-6d3514dffe0f","a86f070f-3108-4a2a-a088-a4fe73b73da9.14655e","a86f070f-3108-4a2a-a088-a4fe73b73da9.14655e","set-location-mode-success","execute-event","One sleeping one awake","DEVICE_EVENT","2023-05-22T10:26:36.831068343Z"
"eac051c1-6188-4b2f-86cd-6d3514dffe0f","eac051c1-6188-4b2f-86cd-6d3514dffe0f","27ac150e-a6d7-4cd2-9da0-2448b73f01be_44e527e1-1794-4270-944a-96c8ea2e7ad7.0e5038","27ac150e-a6d7-4cd2-9da0-2448b73f01be_44e527e1-1794-4270-944a-96c8ea2e7ad7.0e5038","set-location-mode-success","execute-event","Sleep","DEVICE_EVENT","2023-05-22T04:24:54.862175643Z"
"eac051c1-6188-4b2f-86cd-6d3514dffe0f","eac051c1-6188-4b2f-86cd-6d3514dffe0f","67e78c87-f0e4-49be-b5a3-e378e98118aa.ac9511","67e78c87-f0e4-49be-b5a3-e378e98118aa.ac9511","set-location-mode-success","execute-event","Home","TIMER_EVENT","2023-05-21T14:45:02.247017095Z"
"eac051c1-6188-4b2f-86cd-6d3514dffe0f","eac051c1-6188-4b2f-86cd-6d3514dffe0f","b15d8226-e137-4be9-8256-7a80277baa30.acdcfe","b15d8226-e137-4be9-8256-7a80277baa30.acdcfe","set-location-mode-success","execute-event","One sleeping one awake","DEVICE_EVENT","2023-05-21T13:01:37.195503951Z"
"eac051c1-6188-4b2f-86cd-6d3514dffe0f","eac051c1-6188-4b2f-86cd-6d3514dffe0f","6422ba86-c425-4a2c-acc1-317c8c8b9191_5e68acf2-aa4e-4597-b3e8-969192744a7d.d6d16d","6422ba86-c425-4a2c-acc1-317c8c8b9191_5e68acf2-aa4e-4597-b3e8-969192744a7d.d6d16d","set-location-mode-success","execute-event","Sleep","DEVICE_EVENT","2023-05-21T06:24:38.221181247Z"
"eac051c1-6188-4b2f-86cd-6d3514dffe0f","eac051c1-6188-4b2f-86cd-6d3514dffe0f","99363766-dfa3-4a1b-99fe-525bb6c0b672.dccb6b","99363766-dfa3-4a1b-99fe-525bb6c0b672.dccb6b","set-location-mode-success","execute-event","Home","TIMER_EVENT","2023-05-20T14:45:03.109137856Z"
"eac051c1-6188-4b2f-86cd-6d3514dffe0f","eac051c1-6188-4b2f-86cd-6d3514dffe0f","3a69781d-4aab-49b8-b6ec-52df472d81cb.8fc614","3a69781d-4aab-49b8-b6ec-52df472d81cb.8fc614","set-location-mode-success","execute-event","One sleeping one awake","DEVICE_EVENT","2023-05-20T14:00:19.581659346Z"
"eac051c1-6188-4b2f-86cd-6d3514dffe0f","eac051c1-6188-4b2f-86cd-6d3514dffe0f","77e0ead1-851e-436d-9784-a3adafa927ab_e21af1ab-1484-4c06-a5d0-22729c9c98b2.f91b49","77e0ead1-851e-436d-9784-a3adafa927ab_e21af1ab-1484-4c06-a5d0-22729c9c98b2.f91b49","set-location-mode-success","execute-event","Sleep","DEVICE_EVENT","2023-05-20T04:37:28.833529436Z"
"eac051c1-6188-4b2f-86cd-6d3514dffe0f","eac051c1-6188-4b2f-86cd-6d3514dffe0f","259b9861-e35c-47c1-9a20-a646f7db1bcb.81be97","259b9861-e35c-47c1-9a20-a646f7db1bcb.81be97","set-location-mode-success","execute-event","Home","TIMER_EVENT","2023-05-19T14:45:02.166044023Z"
"eac051c1-6188-4b2f-86cd-6d3514dffe0f","eac051c1-6188-4b2f-86cd-6d3514dffe0f","de6bee4f-7ea4-4c89-85ca-f5d644367aa1.adb582","de6bee4f-7ea4-4c89-85ca-f5d644367aa1.adb582","set-location-mode-success","execute-event","One sleeping one awake","DEVICE_EVENT","2023-05-19T11:30:29.495291489Z"
"eac051c1-6188-4b2f-86cd-6d3514dffe0f","eac051c1-6188-4b2f-86cd-6d3514dffe0f","7e35d8df-ad26-48be-9e38-f1bfbdc6b5d0_06edb415-a164-4e66-8ae4-e34ce60f9e06.3f87e8","7e35d8df-ad26-48be-9e38-f1bfbdc6b5d0_06edb415-a164-4e66-8ae4-e34ce60f9e06.3f87e8","set-location-mode-success","execute-event","Sleep","DEVICE_EVENT","2023-05-19T05:21:09.835654045Z"
"eac051c1-6188-4b2f-86cd-6d3514dffe0f","eac051c1-6188-4b2f-86cd-6d3514dffe0f","7a38ca09-a9be-4c5f-abeb-f158ec8696a2.13a1f2","7a38ca09-a9be-4c5f-abeb-f158ec8696a2.13a1f2","set-location-mode-success","execute-event","Home","TIMER_EVENT","2023-05-18T14:45:02.519074528Z"
"eac051c1-6188-4b2f-86cd-6d3514dffe0f","eac051c1-6188-4b2f-86cd-6d3514dffe0f","13f54afd-e555-43db-83e3-180b7da339a5.3927dc","13f54afd-e555-43db-83e3-180b7da339a5.3927dc","set-location-mode-success","execute-event","One sleeping one awake","DEVICE_EVENT","2023-05-18T11:01:52.317512457Z"
"eac051c1-6188-4b2f-86cd-6d3514dffe0f","eac051c1-6188-4b2f-86cd-6d3514dffe0f","d983410e-aa3f-4613-a510-d89cd4ccb809_29d5b057-9dc2-42a7-9240-64052c4f5308.cbfbb1","d983410e-aa3f-4613-a510-d89cd4ccb809_29d5b057-9dc2-42a7-9240-64052c4f5308.cbfbb1","set-location-mode-success","execute-event","Sleep","DEVICE_EVENT","2023-05-18T04:40:30.285575812Z"
"eac051c1-6188-4b2f-86cd-6d3514dffe0f","eac051c1-6188-4b2f-86cd-6d3514dffe0f","4a94828c-b252-41fb-a0ab-3d49b3afe450.6fdefa","4a94828c-b252-41fb-a0ab-3d49b3afe450.6fdefa","set-location-mode-success","execute-event","Home","TIMER_EVENT","2023-05-17T14:45:02.437492515Z"
"eac051c1-6188-4b2f-86cd-6d3514dffe0f","eac051c1-6188-4b2f-86cd-6d3514dffe0f","61c3e9df-b427-4f2e-988a-d276c95b8228.1b6d59","61c3e9df-b427-4f2e-988a-d276c95b8228.1b6d59","set-location-mode-success","execute-event","One sleeping one awake","DEVICE_EVENT","2023-05-17T12:18:06.890285171Z"
"eac051c1-6188-4b2f-86cd-6d3514dffe0f","eac051c1-6188-4b2f-86cd-6d3514dffe0f","112503ce-552c-41b0-9462-9489019c1cae_3b73a7d1-bfd0-4cb8-a6fd-9057a6655436.066b8d","112503ce-552c-41b0-9462-9489019c1cae_3b73a7d1-bfd0-4cb8-a6fd-9057a6655436.066b8d","set-location-mode-success","execute-event","Sleep","DEVICE_EVENT","2023-05-16T04:19:20.678599901Z"
"eac051c1-6188-4b2f-86cd-6d3514dffe0f","eac051c1-6188-4b2f-86cd-6d3514dffe0f","1d922bfe-7599-424e-a5a5-a8075af5c3d9.3ed835","1d922bfe-7599-424e-a5a5-a8075af5c3d9.3ed835","set-location-mode-success","execute-event","Away","DEVICE_EVENT","2023-05-15T16:09:30.556669235Z"
"eac051c1-6188-4b2f-86cd-6d3514dffe0f","eac051c1-6188-4b2f-86cd-6d3514dffe0f","43e81857-9a95-47d8-a2f2-bce9578bea85.28f383","43e81857-9a95-47d8-a2f2-bce9578bea85.28f383","set-location-mode-success","execute-event","Home","TIMER_EVENT","2023-05-15T14:45:02.220378565Z"
"eac051c1-6188-4b2f-86cd-6d3514dffe0f","eac051c1-6188-4b2f-86cd-6d3514dffe0f","205a2cb0-05e6-402c-8d3b-6364a4c58319.60cec9","205a2cb0-05e6-402c-8d3b-6364a4c58319.60cec9","set-location-mode-success","execute-event","One sleeping one awake","DEVICE_EVENT","2023-05-15T11:54:30.873959672Z"
"eac051c1-6188-4b2f-86cd-6d3514dffe0f","eac051c1-6188-4b2f-86cd-6d3514dffe0f","88aa6561-8bc8-4dbd-86c6-67955a1f545c_ab6b4117-574a-4cf9-95a6-67454ae968c7.29fa4e","88aa6561-8bc8-4dbd-86c6-67955a1f545c_ab6b4117-574a-4cf9-95a6-67454ae968c7.29fa4e","set-location-mode-success","execute-event","Sleep","DEVICE_EVENT","2023-05-15T04:46:33.744079585Z"
"eac051c1-6188-4b2f-86cd-6d3514dffe0f","eac051c1-6188-4b2f-86cd-6d3514dffe0f","24bd32aa-85dd-4d10-b7e6-ed733dab4ba2.bdf656","24bd32aa-85dd-4d10-b7e6-ed733dab4ba2.bdf656","set-location-mode-success","execute-event","Home","DEVICE_EVENT","2023-05-15T00:52:58.394426859Z"
"eac051c1-6188-4b2f-86cd-6d3514dffe0f","eac051c1-6188-4b2f-86cd-6d3514dffe0f","ad0efb15-4a47-41e5-abdf-a21625383ce2.b81d08","ad0efb15-4a47-41e5-abdf-a21625383ce2.b81d08","set-location-mode-success","execute-event","Away","DEVICE_EVENT","2023-05-14T18:29:00.478365521Z"
"eac051c1-6188-4b2f-86cd-6d3514dffe0f","eac051c1-6188-4b2f-86cd-6d3514dffe0f","67917bf3-911a-4619-94fe-8cba2007c7f1.f62b51","67917bf3-911a-4619-94fe-8cba2007c7f1.f62b51","set-location-mode-success","execute-event","Home","DEVICE_EVENT","2023-05-14T18:22:32.931650657Z"
"eac051c1-6188-4b2f-86cd-6d3514dffe0f","eac051c1-6188-4b2f-86cd-6d3514dffe0f","825cd6ae-28cc-4871-8739-f055bf478795.70d033","825cd6ae-28cc-4871-8739-f055bf478795.70d033","set-location-mode-success","execute-event","Away","DEVICE_EVENT","2023-05-14T18:18:49.853165367Z"
"eac051c1-6188-4b2f-86cd-6d3514dffe0f","eac051c1-6188-4b2f-86cd-6d3514dffe0f","692b2ade-1d88-4864-842a-5c5d4fa16b36.9f1faf","692b2ade-1d88-4864-842a-5c5d4fa16b36.9f1faf","set-location-mode-success","execute-event","Home","TIMER_EVENT","2023-05-14T14:45:02.89783649Z"
"eac051c1-6188-4b2f-86cd-6d3514dffe0f","eac051c1-6188-4b2f-86cd-6d3514dffe0f","540fd386-5ffd-438d-80f4-b6b258ce62ce.b9c413","540fd386-5ffd-438d-80f4-b6b258ce62ce.b9c413","set-location-mode-success","execute-event","One sleeping one awake","DEVICE_EVENT","2023-05-14T13:09:16.069414657Z"
"eac051c1-6188-4b2f-86cd-6d3514dffe0f","eac051c1-6188-4b2f-86cd-6d3514dffe0f","a68182d7-f4f8-47bc-a875-f72efadc2a76_de071e3d-b17c-4d5a-9672-ccfb2267368d.df4cb2","a68182d7-f4f8-47bc-a875-f72efadc2a76_de071e3d-b17c-4d5a-9672-ccfb2267368d.df4cb2","set-location-mode-success","execute-event","Sleep","DEVICE_EVENT","2023-05-14T06:28:21.757522851Z"
"eac051c1-6188-4b2f-86cd-6d3514dffe0f","eac051c1-6188-4b2f-86cd-6d3514dffe0f","ee465cc9-9d3a-4401-98e7-f4afa5122c34.b5a929","ee465cc9-9d3a-4401-98e7-f4afa5122c34.b5a929","set-location-mode-success","execute-event","Home","TIMER_EVENT","2023-05-13T14:45:02.105297893Z"
"eac051c1-6188-4b2f-86cd-6d3514dffe0f","eac051c1-6188-4b2f-86cd-6d3514dffe0f","8b10c1ea-8070-4cc4-b9c2-a15587c4abbb.5b19d2","8b10c1ea-8070-4cc4-b9c2-a15587c4abbb.5b19d2","set-location-mode-success","execute-event","One sleeping one awake","DEVICE_EVENT","2023-05-13T13:29:47.142288898Z"
"eac051c1-6188-4b2f-86cd-6d3514dffe0f","eac051c1-6188-4b2f-86cd-6d3514dffe0f","b022633f-6ce0-457c-b375-547f0017ddae_d51092cc-0c95-4de1-9468-366570131b17.b1a760","b022633f-6ce0-457c-b375-547f0017ddae_d51092cc-0c95-4de1-9468-366570131b17.b1a760","set-location-mode-success","execute-event","Sleep","DEVICE_EVENT","2023-05-13T08:13:39.865783643Z"
"eac051c1-6188-4b2f-86cd-6d3514dffe0f","eac051c1-6188-4b2f-86cd-6d3514dffe0f","a9e823d9-b8a0-440c-8c36-316a1277c512_d76731e1-68b6-48db-b2f9-9741742d3165.fdfbba","a9e823d9-b8a0-440c-8c36-316a1277c512_d76731e1-68b6-48db-b2f9-9741742d3165.fdfbba","set-location-mode-success","execute-event","One sleeping one awake","DEVICE_EVENT","2023-05-13T07:59:54.780871969Z"
"eac051c1-6188-4b2f-86cd-6d3514dffe0f","eac051c1-6188-4b2f-86cd-6d3514dffe0f","e73d9632-1750-4bff-9146-042410dc6de6.da300b","e73d9632-1750-4bff-9146-042410dc6de6.da300b","set-location-mode-success","execute-event","Away","DEVICE_EVENT","2023-05-12T21:49:59.379873356Z"
"eac051c1-6188-4b2f-86cd-6d3514dffe0f","eac051c1-6188-4b2f-86cd-6d3514dffe0f","5e62a99b-cb8f-4053-8e55-0b54ad097e20.d8c9b8","5e62a99b-cb8f-4053-8e55-0b54ad097e20.d8c9b8","set-location-mode-success","execute-event","Home","TIMER_EVENT","2023-05-12T14:45:02.700173701Z"
"eac051c1-6188-4b2f-86cd-6d3514dffe0f","eac051c1-6188-4b2f-86cd-6d3514dffe0f","556a69c6-0056-45de-b1bf-0ed83d360681.a5f5f7","556a69c6-0056-45de-b1bf-0ed83d360681.a5f5f7","set-location-mode-success","execute-event","One sleeping one awake","DEVICE_EVENT","2023-05-12T12:39:37.338535582Z"
"eac051c1-6188-4b2f-86cd-6d3514dffe0f","eac051c1-6188-4b2f-86cd-6d3514dffe0f","0bf09f78-9e90-4dd4-a7a1-d0604cefbb76_4c89cf94-bcd9-4d1a-976d-46ee6c2e3b32.004d01","0bf09f78-9e90-4dd4-a7a1-d0604cefbb76_4c89cf94-bcd9-4d1a-976d-46ee6c2e3b32.004d01","set-location-mode-success","execute-event","Sleep","DEVICE_EVENT","2023-05-12T05:00:05.89518881Z"
"eac051c1-6188-4b2f-86cd-6d3514dffe0f","eac051c1-6188-4b2f-86cd-6d3514dffe0f","0bfdcd89-963e-40ae-af15-95c29647e632.4cb6c7","0bfdcd89-963e-40ae-af15-95c29647e632.4cb6c7","set-location-mode-success","execute-event","Home","DEVICE_EVENT","2023-05-11T23:08:53.288199493Z"
"eac051c1-6188-4b2f-86cd-6d3514dffe0f","eac051c1-6188-4b2f-86cd-6d3514dffe0f","9000d40d-8564-4e42-807a-80662d7b72f4.3785d0","9000d40d-8564-4e42-807a-80662d7b72f4.3785d0","set-location-mode-success","execute-event","Away","DEVICE_EVENT","2023-05-11T21:31:30.245777473Z"
"eac051c1-6188-4b2f-86cd-6d3514dffe0f","eac051c1-6188-4b2f-86cd-6d3514dffe0f","0cc4aa39-b648-42e1-b6b9-b64f2e4685a0.dfb763","0cc4aa39-b648-42e1-b6b9-b64f2e4685a0.dfb763","set-location-mode-success","execute-event","Home","DEVICE_EVENT","2023-05-11T19:02:09.079530996Z"
"eac051c1-6188-4b2f-86cd-6d3514dffe0f","eac051c1-6188-4b2f-86cd-6d3514dffe0f","485ad0fe-4945-401e-802a-9b0fda4401e8.1eaa7b","485ad0fe-4945-401e-802a-9b0fda4401e8.1eaa7b","set-location-mode-success","execute-event","Away","DEVICE_EVENT","2023-05-11T15:59:37.815805802Z"
"eac051c1-6188-4b2f-86cd-6d3514dffe0f","eac051c1-6188-4b2f-86cd-6d3514dffe0f","33f6955f-de5e-41e6-a4e5-47a84651b093.bad46c","33f6955f-de5e-41e6-a4e5-47a84651b093.bad46c","set-location-mode-success","execute-event","Home","TIMER_EVENT","2023-05-11T14:45:02.307184562Z"
"eac051c1-6188-4b2f-86cd-6d3514dffe0f","eac051c1-6188-4b2f-86cd-6d3514dffe0f","495c51fe-4e24-4afe-8472-774ea382c197.b556f0","495c51fe-4e24-4afe-8472-774ea382c197.b556f0","set-location-mode-success","execute-event","One sleeping one awake","DEVICE_EVENT","2023-05-11T12:11:45.755471529Z"
"eac051c1-6188-4b2f-86cd-6d3514dffe0f","eac051c1-6188-4b2f-86cd-6d3514dffe0f","9e746f15-e7a7-4586-a853-88044c6098b4_35490191-a001-408e-89f2-3ea9354b8eac.9a2425","9e746f15-e7a7-4586-a853-88044c6098b4_35490191-a001-408e-89f2-3ea9354b8eac.9a2425","set-location-mode-success","execute-event","Sleep","DEVICE_EVENT","2023-05-11T04:55:29.365680491Z"
"eac051c1-6188-4b2f-86cd-6d3514dffe0f","eac051c1-6188-4b2f-86cd-6d3514dffe0f","9efe3a91-8832-4b3b-b1f0-c0de09396453.371b34","9efe3a91-8832-4b3b-b1f0-c0de09396453.371b34","set-location-mode-success","execute-event","Home","TIMER_EVENT","2023-05-10T14:45:02.283491197Z"
"eac051c1-6188-4b2f-86cd-6d3514dffe0f","eac051c1-6188-4b2f-86cd-6d3514dffe0f","30b320f6-4961-46ac-ae5c-2e354d07c6b2.66f926","30b320f6-4961-46ac-ae5c-2e354d07c6b2.66f926","set-location-mode-success","execute-event","One sleeping one awake","DEVICE_EVENT","2023-05-10T13:23:06.614259933Z"
"eac051c1-6188-4b2f-86cd-6d3514dffe0f","eac051c1-6188-4b2f-86cd-6d3514dffe0f","c2205029-00ad-40c0-9abb-988f5930592e_29131fd0-3871-4cbb-8eb2-821415dda64b.732013","c2205029-00ad-40c0-9abb-988f5930592e_29131fd0-3871-4cbb-8eb2-821415dda64b.732013","set-location-mode-success","execute-event","Sleep","DEVICE_EVENT","2023-05-10T04:46:58.53745252Z"
"eac051c1-6188-4b2f-86cd-6d3514dffe0f","eac051c1-6188-4b2f-86cd-6d3514dffe0f","1493e060-bf81-4b72-ab5a-ef7809c7f8c4.3d5def","1493e060-bf81-4b72-ab5a-ef7809c7f8c4.3d5def","set-location-mode-success","execute-event","Home","DEVICE_EVENT","2023-05-10T01:15:16.52720699Z"
"eac051c1-6188-4b2f-86cd-6d3514dffe0f","eac051c1-6188-4b2f-86cd-6d3514dffe0f","8733cdba-bd16-4cab-a812-c661a981e93a.8ed604","8733cdba-bd16-4cab-a812-c661a981e93a.8ed604","set-location-mode-success","execute-event","Away","DEVICE_EVENT","2023-05-09T20:30:56.320063986Z"
"eac051c1-6188-4b2f-86cd-6d3514dffe0f","eac051c1-6188-4b2f-86cd-6d3514dffe0f","a89a8c29-aeb9-4e40-86d5-2ce71deec5c9.a00d37","a89a8c29-aeb9-4e40-86d5-2ce71deec5c9.a00d37","set-location-mode-success","execute-event","Home","DEVICE_EVENT","2023-05-09T20:17:43.611937864Z"
"eac051c1-6188-4b2f-86cd-6d3514dffe0f","eac051c1-6188-4b2f-86cd-6d3514dffe0f","a8a893ac-dfa9-45dc-ab98-a484377e110a.67ab88","a8a893ac-dfa9-45dc-ab98-a484377e110a.67ab88","set-location-mode-success","execute-event","Away","DEVICE_EVENT","2023-05-09T18:37:09.043987523Z"
"9981bdc0-22df-4474-8cad-455255ebb894","9981bdc0-22df-4474-8cad-455255ebb894","1a4da517-0446-4014-aff8-28fa4b35441d.8a85d7","1a4da517-0446-4014-aff8-28fa4b35441d.8a85d7","set-location-mode-success","execute-event","Home","TIMER_EVENT","2023-05-23T13:35:35.053638588Z"
"9981bdc0-22df-4474-8cad-455255ebb894","9981bdc0-22df-4474-8cad-455255ebb894","81671737-e7ff-40c5-b981-221e304abf21.ec48cb","81671737-e7ff-40c5-b981-221e304abf21.ec48cb","set-location-mode-success","execute-event","Away","DEVICE_EVENT","2023-05-23T13:02:36.845770885Z"
"9981bdc0-22df-4474-8cad-455255ebb894","9981bdc0-22df-4474-8cad-455255ebb894","de23bd72-27ad-41c8-b929-12169b1b07bf.81c7ff","de23bd72-27ad-41c8-b929-12169b1b07bf.81c7ff","set-location-mode-success","execute-event","Home","TIMER_EVENT","2023-05-22T23:37:17.056129081Z"
"9981bdc0-22df-4474-8cad-455255ebb894","9981bdc0-22df-4474-8cad-455255ebb894","aa51f443-cd01-492e-a1ae-2fb81a1a205c.be119b","aa51f443-cd01-492e-a1ae-2fb81a1a205c.be119b","set-location-mode-success","execute-event","Away","DEVICE_EVENT","2023-05-22T23:36:17.487870687Z"
"9981bdc0-22df-4474-8cad-455255ebb894","9981bdc0-22df-4474-8cad-455255ebb894","406b08a3-fd93-4f69-8bfc-70ec3cf960c0.b6cf1a","406b08a3-fd93-4f69-8bfc-70ec3cf960c0.b6cf1a","set-location-mode-success","execute-event","Home","TIMER_EVENT","2023-05-22T19:07:44.048467488Z"
"9981bdc0-22df-4474-8cad-455255ebb894","9981bdc0-22df-4474-8cad-455255ebb894","bb3bda41-bf8a-48f0-8fb7-195d84569967.d5012a","bb3bda41-bf8a-48f0-8fb7-195d84569967.d5012a","set-location-mode-success","execute-event","Away","DEVICE_EVENT","2023-05-22T19:06:44.455227791Z"
"9981bdc0-22df-4474-8cad-455255ebb894","9981bdc0-22df-4474-8cad-455255ebb894","3d08b73b-f41b-48cb-b73f-65061a51d90c.2d6912","3d08b73b-f41b-48cb-b73f-65061a51d90c.2d6912","set-location-mode-success","execute-event","Home","TIMER_EVENT","2023-05-22T13:42:16.055913679Z"
"9981bdc0-22df-4474-8cad-455255ebb894","9981bdc0-22df-4474-8cad-455255ebb894","e7023c17-8b51-4637-90f7-e90bd32379d9.d40e35","e7023c17-8b51-4637-90f7-e90bd32379d9.d40e35","set-location-mode-success","execute-event","Away","DEVICE_EVENT","2023-05-22T13:41:16.049929801Z"
"9981bdc0-22df-4474-8cad-455255ebb894","9981bdc0-22df-4474-8cad-455255ebb894","850ddde4-85ef-4b0f-903e-e00988a3a830.9a7ca8","850ddde4-85ef-4b0f-903e-e00988a3a830.9a7ca8","set-location-mode-success","execute-event","Home","TIMER_EVENT","2023-05-21T21:17:45.659775626Z"
"9981bdc0-22df-4474-8cad-455255ebb894","9981bdc0-22df-4474-8cad-455255ebb894","d7463b1a-379f-4af8-8d2e-2caf748349fc.0573b3","d7463b1a-379f-4af8-8d2e-2caf748349fc.0573b3","set-location-mode-success","execute-event","Away","DEVICE_EVENT","2023-05-21T21:16:45.759149963Z"
"9981bdc0-22df-4474-8cad-455255ebb894","9981bdc0-22df-4474-8cad-455255ebb894","0b063752-0933-4807-947c-fd496e6095a0.2a1986","0b063752-0933-4807-947c-fd496e6095a0.2a1986","set-location-mode-success","execute-event","Home","TIMER_EVENT","2023-05-21T18:27:52.059405889Z"
"9981bdc0-22df-4474-8cad-455255ebb894","9981bdc0-22df-4474-8cad-455255ebb894","44f85c0b-e539-44fc-9d99-557221ec43c0.712093","44f85c0b-e539-44fc-9d99-557221ec43c0.712093","set-location-mode-success","execute-event","Away","DEVICE_EVENT","2023-05-21T18:26:52.625829162Z"
"9981bdc0-22df-4474-8cad-455255ebb894","9981bdc0-22df-4474-8cad-455255ebb894","52cc2e54-62aa-44c8-a50d-b5bf9d42469e.89b634","52cc2e54-62aa-44c8-a50d-b5bf9d42469e.89b634","set-location-mode-success","execute-event","Home","TIMER_EVENT","2023-05-21T16:44:25.046208941Z"
"9981bdc0-22df-4474-8cad-455255ebb894","9981bdc0-22df-4474-8cad-455255ebb894","857970bc-00eb-48f6-aa56-ca1465415c1a.6d7747","857970bc-00eb-48f6-aa56-ca1465415c1a.6d7747","set-location-mode-success","execute-event","Away","DEVICE_EVENT","2023-05-21T16:43:25.778458183Z"
"9981bdc0-22df-4474-8cad-455255ebb894","9981bdc0-22df-4474-8cad-455255ebb894","d4676d72-4138-49a5-903a-5978ceee1a52.42f584","d4676d72-4138-49a5-903a-5978ceee1a52.42f584","set-location-mode-success","execute-event","Home","TIMER_EVENT","2023-05-20T20:56:09.804121273Z"
"9981bdc0-22df-4474-8cad-455255ebb894","9981bdc0-22df-4474-8cad-455255ebb894","cd377f31-d12c-41e4-8e18-3b8f4915af8a.ca42ea","cd377f31-d12c-41e4-8e18-3b8f4915af8a.ca42ea","set-location-mode-success","execute-event","Away","DEVICE_EVENT","2023-05-20T20:55:07.182352924Z"
"9981bdc0-22df-4474-8cad-455255ebb894","9981bdc0-22df-4474-8cad-455255ebb894","21f761d8-307b-4313-97cb-e6f4a8631550.03240e","21f761d8-307b-4313-97cb-e6f4a8631550.03240e","set-location-mode-success","execute-event","Home","TIMER_EVENT","2023-05-19T23:38:52.067797342Z"
"9981bdc0-22df-4474-8cad-455255ebb894","9981bdc0-22df-4474-8cad-455255ebb894","1f2721c8-a6f2-4a45-9b71-981e6bd3cd79.5d3f08","1f2721c8-a6f2-4a45-9b71-981e6bd3cd79.5d3f08","set-location-mode-success","execute-event","Away","DEVICE_EVENT","2023-05-19T23:37:52.03208611Z"
"9981bdc0-22df-4474-8cad-455255ebb894","9981bdc0-22df-4474-8cad-455255ebb894","6dafea2f-b30c-4659-b952-b1a0c206aff2.84d9ef","6dafea2f-b30c-4659-b952-b1a0c206aff2.84d9ef","set-location-mode-success","execute-event","Home","TIMER_EVENT","2023-05-18T00:42:55.054849834Z"
"9981bdc0-22df-4474-8cad-455255ebb894","9981bdc0-22df-4474-8cad-455255ebb894","f48df94f-1925-486b-8fbc-c2d9c742f7ba.a5fcdd","f48df94f-1925-486b-8fbc-c2d9c742f7ba.a5fcdd","set-location-mode-success","execute-event","Away","DEVICE_EVENT","2023-05-18T00:41:55.062934209Z"
"9981bdc0-22df-4474-8cad-455255ebb894","9981bdc0-22df-4474-8cad-455255ebb894","db24f247-fe44-43b4-a0b2-8e8ea2bf8e1b.fe4cbb","db24f247-fe44-43b4-a0b2-8e8ea2bf8e1b.fe4cbb","set-location-mode-success","execute-event","Home","TIMER_EVENT","2023-05-17T19:51:28.042735845Z"
"9981bdc0-22df-4474-8cad-455255ebb894","9981bdc0-22df-4474-8cad-455255ebb894","f4dfebe1-d633-4909-aac0-a9ad3fcf2ad2.b9a332","f4dfebe1-d633-4909-aac0-a9ad3fcf2ad2.b9a332","set-location-mode-success","execute-event","Away","DEVICE_EVENT","2023-05-17T19:50:28.401463659Z"
"9981bdc0-22df-4474-8cad-455255ebb894","9981bdc0-22df-4474-8cad-455255ebb894","b8038dd7-7be3-49e5-b4bb-da18d182b34f.b1b43f","b8038dd7-7be3-49e5-b4bb-da18d182b34f.b1b43f","set-location-mode-success","execute-event","Home","TIMER_EVENT","2023-05-17T16:45:52.057221286Z"
"9981bdc0-22df-4474-8cad-455255ebb894","9981bdc0-22df-4474-8cad-455255ebb894","16d88a93-e052-48ca-858b-0a388bf233ab.70a87b","16d88a93-e052-48ca-858b-0a388bf233ab.70a87b","set-location-mode-success","execute-event","Away","DEVICE_EVENT","2023-05-17T16:44:52.893787242Z"
"9981bdc0-22df-4474-8cad-455255ebb894","9981bdc0-22df-4474-8cad-455255ebb894","0f730c4b-ce01-4bc1-8e81-6ad2cc8b6b30.38de52","0f730c4b-ce01-4bc1-8e81-6ad2cc8b6b30.38de52","set-location-mode-success","execute-event","Home","TIMER_EVENT","2023-05-17T13:32:26.049202443Z"
"9981bdc0-22df-4474-8cad-455255ebb894","9981bdc0-22df-4474-8cad-455255ebb894","84f439a6-edf7-4c7c-a1fa-6d3e93e20446.74b526","84f439a6-edf7-4c7c-a1fa-6d3e93e20446.74b526","set-location-mode-success","execute-event","Away","DEVICE_EVENT","2023-05-17T13:31:26.579074207Z"
"9981bdc0-22df-4474-8cad-455255ebb894","9981bdc0-22df-4474-8cad-455255ebb894","36a96a8e-bb40-4c63-8029-9604764f0be0.27068a","36a96a8e-bb40-4c63-8029-9604764f0be0.27068a","set-location-mode-success","execute-event","Home","TIMER_EVENT","2023-05-16T21:34:41.049671018Z"
"9981bdc0-22df-4474-8cad-455255ebb894","9981bdc0-22df-4474-8cad-455255ebb894","8a01b5cd-a1c6-4d3b-8f74-af0c7cc9f8b1.c80a52","8a01b5cd-a1c6-4d3b-8f74-af0c7cc9f8b1.c80a52","set-location-mode-success","execute-event","Away","DEVICE_EVENT","2023-05-16T21:33:41.437730603Z"
"9981bdc0-22df-4474-8cad-455255ebb894","9981bdc0-22df-4474-8cad-455255ebb894","692b245f-a853-4119-98fe-a0250e6a9a2c.0a0d69","692b245f-a853-4119-98fe-a0250e6a9a2c.0a0d69","set-location-mode-success","execute-event","Home","TIMER_EVENT","2023-05-15T23:32:03.544717576Z"
"9981bdc0-22df-4474-8cad-455255ebb894","9981bdc0-22df-4474-8cad-455255ebb894","4ff9d2e8-eed0-4186-9e68-299ab6aa358c.869057","4ff9d2e8-eed0-4186-9e68-299ab6aa358c.869057","set-location-mode-success","execute-event","Away","DEVICE_EVENT","2023-05-15T23:31:01.618778564Z"
"9981bdc0-22df-4474-8cad-455255ebb894","9981bdc0-22df-4474-8cad-455255ebb894","16af4722-eedc-477a-889d-0f8c1680ae4e.dde441","16af4722-eedc-477a-889d-0f8c1680ae4e.dde441","set-location-mode-success","execute-event","Home","TIMER_EVENT","2023-05-14T17:42:38.062168541Z"
"9981bdc0-22df-4474-8cad-455255ebb894","9981bdc0-22df-4474-8cad-455255ebb894","3802aeb1-7ffd-4622-b0dc-0d722a5f2bd5.f74778","3802aeb1-7ffd-4622-b0dc-0d722a5f2bd5.f74778","set-location-mode-success","execute-event","Away","DEVICE_EVENT","2023-05-14T17:41:38.580101601Z"
"9981bdc0-22df-4474-8cad-455255ebb894","9981bdc0-22df-4474-8cad-455255ebb894","f375cc84-3720-4167-957e-65ab74705377.2c66d7","f375cc84-3720-4167-957e-65ab74705377.2c66d7","set-location-mode-success","execute-event","Home","TIMER_EVENT","2023-05-13T22:34:54.055975165Z"
"9981bdc0-22df-4474-8cad-455255ebb894","9981bdc0-22df-4474-8cad-455255ebb894","904654b1-0846-4bf3-a83f-99ee6575aad1.9a9101","904654b1-0846-4bf3-a83f-99ee6575aad1.9a9101","set-location-mode-success","execute-event","Away","DEVICE_EVENT","2023-05-13T22:33:54.390424619Z"
"9981bdc0-22df-4474-8cad-455255ebb894","9981bdc0-22df-4474-8cad-455255ebb894","46d84936-9fbd-406f-b244-a20cf3d35e08.a83d04","46d84936-9fbd-406f-b244-a20cf3d35e08.a83d04","set-location-mode-success","execute-event","Home","TIMER_EVENT","2023-05-13T21:36:11.05135372Z"
"9981bdc0-22df-4474-8cad-455255ebb894","9981bdc0-22df-4474-8cad-455255ebb894","f9f419eb-8737-46d9-9377-86e710b84d1b.a4521b","f9f419eb-8737-46d9-9377-86e710b84d1b.a4521b","set-location-mode-success","execute-event","Away","DEVICE_EVENT","2023-05-13T21:35:11.382999413Z"
"9981bdc0-22df-4474-8cad-455255ebb894","9981bdc0-22df-4474-8cad-455255ebb894","98b991e4-1638-4b30-97ad-4ea021d290cf.9da9f8","98b991e4-1638-4b30-97ad-4ea021d290cf.9da9f8","set-location-mode-success","execute-event","Home","TIMER_EVENT","2023-05-13T16:28:37.053037368Z"
"9981bdc0-22df-4474-8cad-455255ebb894","9981bdc0-22df-4474-8cad-455255ebb894","15eebc9b-d6a8-47c4-af7a-796577c4d498.94b218","15eebc9b-d6a8-47c4-af7a-796577c4d498.94b218","set-location-mode-success","execute-event","Away","DEVICE_EVENT","2023-05-13T16:27:37.003669321Z"
"9981bdc0-22df-4474-8cad-455255ebb894","9981bdc0-22df-4474-8cad-455255ebb894","5f0b24db-3cea-482b-842a-7a97c5b4123b.018b08","5f0b24db-3cea-482b-842a-7a97c5b4123b.018b08","set-location-mode-success","execute-event","Home","TIMER_EVENT","2023-05-12T23:48:01.390628685Z"
"9981bdc0-22df-4474-8cad-455255ebb894","9981bdc0-22df-4474-8cad-455255ebb894","e6072573-7806-4e08-a50c-0a5a9213ef96.2dc577","e6072573-7806-4e08-a50c-0a5a9213ef96.2dc577","set-location-mode-success","execute-event","Away","DEVICE_EVENT","2023-05-12T23:47:00.081984609Z"
"9981bdc0-22df-4474-8cad-455255ebb894","9981bdc0-22df-4474-8cad-455255ebb894","ecc66d9b-ac77-4d30-ba90-176a31478962.49bf31","ecc66d9b-ac77-4d30-ba90-176a31478962.49bf31","set-location-mode-success","execute-event","Home","TIMER_EVENT","2023-05-12T13:31:26.05751603Z"
"9981bdc0-22df-4474-8cad-455255ebb894","9981bdc0-22df-4474-8cad-455255ebb894","f0aed043-2ccc-4460-b2e4-245b40ae5cef.74c48e","f0aed043-2ccc-4460-b2e4-245b40ae5cef.74c48e","set-location-mode-success","execute-event","Away","DEVICE_EVENT","2023-05-12T13:30:26.301506564Z"
"9981bdc0-22df-4474-8cad-455255ebb894","9981bdc0-22df-4474-8cad-455255ebb894","8c64453a-795f-4311-bebc-d5d77e04b9af.973db8","8c64453a-795f-4311-bebc-d5d77e04b9af.973db8","set-location-mode-success","execute-event","Home","TIMER_EVENT","2023-05-11T23:22:55.036978959Z"
"9981bdc0-22df-4474-8cad-455255ebb894","9981bdc0-22df-4474-8cad-455255ebb894","00e312f9-5101-414e-a44d-9c534845389f.c78255","00e312f9-5101-414e-a44d-9c534845389f.c78255","set-location-mode-success","execute-event","Away","DEVICE_EVENT","2023-05-11T23:21:55.940516325Z"
"9981bdc0-22df-4474-8cad-455255ebb894","9981bdc0-22df-4474-8cad-455255ebb894","4c87b4f7-f0bc-47d6-b4c0-f02f1905abf3.32d126","4c87b4f7-f0bc-47d6-b4c0-f02f1905abf3.32d126","set-location-mode-success","execute-event","Home","TIMER_EVENT","2023-05-11T17:49:30.061987914Z"
"9981bdc0-22df-4474-8cad-455255ebb894","9981bdc0-22df-4474-8cad-455255ebb894","0c4f3885-5e3b-4ef6-a1c7-08f65c533d05.b06032","0c4f3885-5e3b-4ef6-a1c7-08f65c533d05.b06032","set-location-mode-success","execute-event","Away","DEVICE_EVENT","2023-05-11T17:48:30.254683613Z"
"9981bdc0-22df-4474-8cad-455255ebb894","9981bdc0-22df-4474-8cad-455255ebb894","d4e3ca9c-34ad-4cb0-897b-cc8c091a1a6a.e0805c","d4e3ca9c-34ad-4cb0-897b-cc8c091a1a6a.e0805c","set-location-mode-success","execute-event","Home","TIMER_EVENT","2023-05-11T14:23:31.052639924Z"
"9981bdc0-22df-4474-8cad-455255ebb894","9981bdc0-22df-4474-8cad-455255ebb894","1e4c1411-9a30-4fdc-93ba-d20ff9a5334f.8caef3","1e4c1411-9a30-4fdc-93ba-d20ff9a5334f.8caef3","set-location-mode-success","execute-event","Away","DEVICE_EVENT","2023-05-11T14:22:31.56253186Z"
"9981bdc0-22df-4474-8cad-455255ebb894","9981bdc0-22df-4474-8cad-455255ebb894","43d21c05-2416-4e32-ad3e-d180f6cab4c3.7237ca","43d21c05-2416-4e32-ad3e-d180f6cab4c3.7237ca","set-location-mode-success","execute-event","Home","TIMER_EVENT","2023-05-11T13:33:31.050038095Z"
"9981bdc0-22df-4474-8cad-455255ebb894","9981bdc0-22df-4474-8cad-455255ebb894","bd5b8742-2546-4072-8714-09de34a27ba6.3401ad","bd5b8742-2546-4072-8714-09de34a27ba6.3401ad","set-location-mode-success","execute-event","Away","DEVICE_EVENT","2023-05-11T13:32:31.333878313Z"
"9981bdc0-22df-4474-8cad-455255ebb894","9981bdc0-22df-4474-8cad-455255ebb894","2ffb44cf-ce15-4869-91e6-f519794b4f6f.59ab46","2ffb44cf-ce15-4869-91e6-f519794b4f6f.59ab46","set-location-mode-success","execute-event","Home","TIMER_EVENT","2023-05-10T22:58:41.042978766Z"
"9981bdc0-22df-4474-8cad-455255ebb894","9981bdc0-22df-4474-8cad-455255ebb894","58b4d6b0-b843-49bc-860c-735553458587.ad616c","58b4d6b0-b843-49bc-860c-735553458587.ad616c","set-location-mode-success","execute-event","Away","DEVICE_EVENT","2023-05-10T22:57:41.276807081Z"
"9981bdc0-22df-4474-8cad-455255ebb894","9981bdc0-22df-4474-8cad-455255ebb894","01d6c04d-95d5-4a84-ae37-743b564b7d98.51b3c9","01d6c04d-95d5-4a84-ae37-743b564b7d98.51b3c9","set-location-mode-success","execute-event","Home","TIMER_EVENT","2023-05-10T13:49:25.059120632Z"
"9981bdc0-22df-4474-8cad-455255ebb894","9981bdc0-22df-4474-8cad-455255ebb894","7a92420e-6786-4356-9a11-87e3c984fb03.8c7e88","7a92420e-6786-4356-9a11-87e3c984fb03.8c7e88","set-location-mode-success","execute-event","Away","DEVICE_EVENT","2023-05-10T13:48:25.797193616Z"
"9981bdc0-22df-4474-8cad-455255ebb894","9981bdc0-22df-4474-8cad-455255ebb894","596ea862-4522-4796-9ca3-434ad08e8f4a.54027e","596ea862-4522-4796-9ca3-434ad08e8f4a.54027e","set-location-mode-success","execute-event","Home","TIMER_EVENT","2023-05-09T22:40:27.041954366Z"
"9981bdc0-22df-4474-8cad-455255ebb894","9981bdc0-22df-4474-8cad-455255ebb894","2f517630-5f27-48e3-a3d1-d8fa8bbefe60.a3045f","2f517630-5f27-48e3-a3d1-d8fa8bbefe60.a3045f","set-location-mode-success","execute-event","Away","DEVICE_EVENT","2023-05-09T22:39:27.640613787Z"
"0c2dcf0a-6e94-4a5e-9795-ddefde554394","0c2dcf0a-6e94-4a5e-9795-ddefde554394","966a2a4e-1491-45aa-b33e-048cf378718a.9c5fe3","966a2a4e-1491-45aa-b33e-048cf378718a.9c5fe3","set-location-mode-success","execute-event","Day","TIMER_EVENT","2023-05-23T09:31:07.404904718Z"
"0c2dcf0a-6e94-4a5e-9795-ddefde554394","0c2dcf0a-6e94-4a5e-9795-ddefde554394","4653bb75-61ac-4a81-bb43-232f6b275628.78d2a1.cb4353","4653bb75-61ac-4a81-bb43-232f6b275628.78d2a1.cb4353","set-location-mode-success","execute-event","Night","MODE_EVENT","2023-05-23T07:49:09.302013248Z"
"0c2dcf0a-6e94-4a5e-9795-ddefde554394","0c2dcf0a-6e94-4a5e-9795-ddefde554394","eaf6d921-6ce6-48d8-b16c-706762a4c293.c330f7","eaf6d921-6ce6-48d8-b16c-706762a4c293.c330f7","set-location-mode-success","execute-event","Day","TIMER_EVENT","2023-05-22T09:31:06.899444506Z"
"0c2dcf0a-6e94-4a5e-9795-ddefde554394","0c2dcf0a-6e94-4a5e-9795-ddefde554394","8dac573c-ceac-44e7-8dca-0aa54d8ca265.c36440.e05e0a","8dac573c-ceac-44e7-8dca-0aa54d8ca265.c36440.e05e0a","set-location-mode-success","execute-event","Night","MODE_EVENT","2023-05-22T08:12:23.57434431Z"
"0c2dcf0a-6e94-4a5e-9795-ddefde554394","0c2dcf0a-6e94-4a5e-9795-ddefde554394","8836eb26-59c9-4f8a-b672-cd88e90711e8.168d4c","8836eb26-59c9-4f8a-b672-cd88e90711e8.168d4c","set-location-mode-success","execute-event","Day","TIMER_EVENT","2023-05-21T10:00:02.552242288Z"
"0c2dcf0a-6e94-4a5e-9795-ddefde554394","0c2dcf0a-6e94-4a5e-9795-ddefde554394","690572f6-ba30-42fe-8dab-6b217d12299d.f0e035.b06473","690572f6-ba30-42fe-8dab-6b217d12299d.f0e035.b06473","set-location-mode-success","execute-event","Night","MODE_EVENT","2023-05-21T09:48:07.57947694Z"
"0c2dcf0a-6e94-4a5e-9795-ddefde554394","0c2dcf0a-6e94-4a5e-9795-ddefde554394","b20bf667-6623-44ae-9d14-187c8852c2f5.87239e","b20bf667-6623-44ae-9d14-187c8852c2f5.87239e","set-location-mode-success","execute-event","Day","TIMER_EVENT","2023-05-20T10:00:04.367366766Z"
"0c2dcf0a-6e94-4a5e-9795-ddefde554394","0c2dcf0a-6e94-4a5e-9795-ddefde554394","d4833c30-06b2-4ba6-855b-53001ebc31a1.3669a8.edc4ff","d4833c30-06b2-4ba6-855b-53001ebc31a1.3669a8.edc4ff","set-location-mode-success","execute-event","Night","MODE_EVENT","2023-05-20T09:58:56.804131941Z"
"0c2dcf0a-6e94-4a5e-9795-ddefde554394","0c2dcf0a-6e94-4a5e-9795-ddefde554394","81945756-ec98-460e-8d6f-e86239214848.4c586d","81945756-ec98-460e-8d6f-e86239214848.4c586d","set-location-mode-success","execute-event","Night","DEVICE_EVENT","2023-05-20T09:54:17.796526185Z"
"0c2dcf0a-6e94-4a5e-9795-ddefde554394","0c2dcf0a-6e94-4a5e-9795-ddefde554394","4daa4abd-a2e0-4f87-92d6-d9b84e063ef9.b3662c","4daa4abd-a2e0-4f87-92d6-d9b84e063ef9.b3662c","set-location-mode-success","execute-event","Day","TIMER_EVENT","2023-05-20T09:31:06.641704779Z"
"0c2dcf0a-6e94-4a5e-9795-ddefde554394","0c2dcf0a-6e94-4a5e-9795-ddefde554394","dfb5f991-35ea-4525-9068-27327c595980.e66caf","dfb5f991-35ea-4525-9068-27327c595980.e66caf","set-location-mode-success","execute-event","Night","DEVICE_EVENT","2023-05-20T06:55:36.465785684Z"
"0c2dcf0a-6e94-4a5e-9795-ddefde554394","0c2dcf0a-6e94-4a5e-9795-ddefde554394","1c926a7c-914d-4494-a906-d92d7d875179.67eb46","1c926a7c-914d-4494-a906-d92d7d875179.67eb46","set-location-mode-success","execute-event","Day","TIMER_EVENT","2023-05-19T09:31:07.2880515Z"
"0c2dcf0a-6e94-4a5e-9795-ddefde554394","0c2dcf0a-6e94-4a5e-9795-ddefde554394","7f9e1078-d568-49d3-a185-b27a631a88d1.860702.c3e5a5","7f9e1078-d568-49d3-a185-b27a631a88d1.860702.c3e5a5","set-location-mode-success","execute-event","Night","MODE_EVENT","2023-05-19T08:29:31.26340844Z"
"0c2dcf0a-6e94-4a5e-9795-ddefde554394","0c2dcf0a-6e94-4a5e-9795-ddefde554394","1f996963-5385-403d-a751-6dd2b9e7a2da.317398.386e14","1f996963-5385-403d-a751-6dd2b9e7a2da.317398.386e14","set-location-mode-success","execute-event","Night","MODE_EVENT","2023-05-19T08:29:25.477862669Z"
"0c2dcf0a-6e94-4a5e-9795-ddefde554394","0c2dcf0a-6e94-4a5e-9795-ddefde554394","a52863a5-f134-41a7-bcfe-0ead8781aa44.7d9ac4","a52863a5-f134-41a7-bcfe-0ead8781aa44.7d9ac4","set-location-mode-success","execute-event","Night","DEVICE_EVENT","2023-05-19T08:05:11.279395279Z"
"0c2dcf0a-6e94-4a5e-9795-ddefde554394","0c2dcf0a-6e94-4a5e-9795-ddefde554394","4f5e9d40-0ca2-4f13-a66f-b9a05c79e38a.3b94dd","4f5e9d40-0ca2-4f13-a66f-b9a05c79e38a.3b94dd","set-location-mode-success","execute-event","Day","TIMER_EVENT","2023-05-18T09:31:07.314943845Z"
"0c2dcf0a-6e94-4a5e-9795-ddefde554394","0c2dcf0a-6e94-4a5e-9795-ddefde554394","13453708-eaae-43d4-996b-2bcf573f8d35.96f467.7880ea","13453708-eaae-43d4-996b-2bcf573f8d35.96f467.7880ea","set-location-mode-success","execute-event","Night","MODE_EVENT","2023-05-18T06:57:25.073438408Z"
"0c2dcf0a-6e94-4a5e-9795-ddefde554394","0c2dcf0a-6e94-4a5e-9795-ddefde554394","de783828-80ee-4544-af2b-93110181c8f1.fdf428","de783828-80ee-4544-af2b-93110181c8f1.fdf428","set-location-mode-success","execute-event","Day","TIMER_EVENT","2023-05-17T09:31:06.397565977Z"
"0c2dcf0a-6e94-4a5e-9795-ddefde554394","0c2dcf0a-6e94-4a5e-9795-ddefde554394","c8cc0f8b-d91e-4746-bc87-142210834bfc.0f7abb.f71c2f","c8cc0f8b-d91e-4746-bc87-142210834bfc.0f7abb.f71c2f","set-location-mode-success","execute-event","Night","MODE_EVENT","2023-05-17T07:56:56.97801456Z"
"0c2dcf0a-6e94-4a5e-9795-ddefde554394","0c2dcf0a-6e94-4a5e-9795-ddefde554394","a5a7629b-6cca-4c84-9898-1bdb805cfc90.7b4bec","a5a7629b-6cca-4c84-9898-1bdb805cfc90.7b4bec","set-location-mode-success","execute-event","Day","TIMER_EVENT","2023-05-16T09:31:07.14700274Z"
"0c2dcf0a-6e94-4a5e-9795-ddefde554394","0c2dcf0a-6e94-4a5e-9795-ddefde554394","1555a455-861e-411d-990e-8e051dcca505.8e9e74.0e4f6b","1555a455-861e-411d-990e-8e051dcca505.8e9e74.0e4f6b","set-location-mode-success","execute-event","Night","MODE_EVENT","2023-05-16T07:16:40.840016476Z"
"0c2dcf0a-6e94-4a5e-9795-ddefde554394","0c2dcf0a-6e94-4a5e-9795-ddefde554394","b31655a6-2e64-4e15-8c87-cd072f467262.eb7703","b31655a6-2e64-4e15-8c87-cd072f467262.eb7703","set-location-mode-success","execute-event","Day","TIMER_EVENT","2023-05-13T10:00:02.640038343Z"
"0c2dcf0a-6e94-4a5e-9795-ddefde554394","0c2dcf0a-6e94-4a5e-9795-ddefde554394","191388a2-1506-447e-8aca-1229faf953f1.b5364e","191388a2-1506-447e-8aca-1229faf953f1.b5364e","set-location-mode-success","execute-event","Night","DEVICE_EVENT","2023-05-13T09:33:01.722943943Z"
"0c2dcf0a-6e94-4a5e-9795-ddefde554394","0c2dcf0a-6e94-4a5e-9795-ddefde554394","a84fdd15-aaab-447b-92fd-9eaf9fee2054.b693b4","a84fdd15-aaab-447b-92fd-9eaf9fee2054.b693b4","set-location-mode-success","execute-event","Day","TIMER_EVENT","2023-05-13T09:31:06.252617003Z"
"0c2dcf0a-6e94-4a5e-9795-ddefde554394","0c2dcf0a-6e94-4a5e-9795-ddefde554394","a84d73d6-d181-4810-8d43-31e7946df4f1.14aee2","a84d73d6-d181-4810-8d43-31e7946df4f1.14aee2","set-location-mode-success","execute-event","Night","DEVICE_EVENT","2023-05-13T06:55:16.504759996Z"
"0c2dcf0a-6e94-4a5e-9795-ddefde554394","0c2dcf0a-6e94-4a5e-9795-ddefde554394","394b0e2e-e9ac-4fdd-bc7f-80d973b29f57.e57eda","394b0e2e-e9ac-4fdd-bc7f-80d973b29f57.e57eda","set-location-mode-success","execute-event","Day","TIMER_EVENT","2023-05-12T09:31:05.798925414Z"
"0c2dcf0a-6e94-4a5e-9795-ddefde554394","0c2dcf0a-6e94-4a5e-9795-ddefde554394","81ae670a-a243-4b37-9d2e-245e45588b92.670f1a","81ae670a-a243-4b37-9d2e-245e45588b92.670f1a","set-location-mode-success","execute-event","Night","DEVICE_EVENT","2023-05-12T06:43:34.251990419Z"
"0c2dcf0a-6e94-4a5e-9795-ddefde554394","0c2dcf0a-6e94-4a5e-9795-ddefde554394","42af8478-5228-42b8-bf7f-1cc2efa35af2.1a78f0","42af8478-5228-42b8-bf7f-1cc2efa35af2.1a78f0","set-location-mode-success","execute-event","Day","TIMER_EVENT","2023-05-10T09:31:05.676660935Z"
"0c2dcf0a-6e94-4a5e-9795-ddefde554394","0c2dcf0a-6e94-4a5e-9795-ddefde554394","3043d674-3fce-43e3-84b6-8598b715b896.82e371.654d48","3043d674-3fce-43e3-84b6-8598b715b896.82e371.654d48","set-location-mode-success","execute-event","Night","MODE_EVENT","2023-05-10T08:53:29.024024579Z"
"02426c4e-bea7-428b-866a-42c90585e452","02426c4e-bea7-428b-866a-42c90585e452","4c60cf39-03a8-4e1d-aebf-55485e391e8d.18dd57","4c60cf39-03a8-4e1d-aebf-55485e391e8d.18dd57","set-location-mode-success","execute-event","Home","DEVICE_EVENT","2023-05-23T12:55:31.501377743Z"
"02426c4e-bea7-428b-866a-42c90585e452","02426c4e-bea7-428b-866a-42c90585e452","4c60cf39-03a8-4e1d-aebf-55485e391e8d.07ad54","4c60cf39-03a8-4e1d-aebf-55485e391e8d.07ad54","set-location-mode-success","execute-event","Home","DEVICE_EVENT","2023-05-23T12:55:31.49877529Z"
"02426c4e-bea7-428b-866a-42c90585e452","02426c4e-bea7-428b-866a-42c90585e452","098163e9-be9d-4bdc-823a-29f74c7cf52a.e56a96","098163e9-be9d-4bdc-823a-29f74c7cf52a.e56a96","set-location-mode-success","execute-event","Disarm","TIMER_EVENT","2023-05-23T12:00:00.463063934Z"
"02426c4e-bea7-428b-866a-42c90585e452","02426c4e-bea7-428b-866a-42c90585e452","1f99f62b-19d2-4b62-a1f2-a130016ee6ed.b19c35","1f99f62b-19d2-4b62-a1f2-a130016ee6ed.b19c35","set-location-mode-success","execute-event","Home","DEVICE_EVENT","2023-05-22T14:25:11.8135584Z"
"02426c4e-bea7-428b-866a-42c90585e452","02426c4e-bea7-428b-866a-42c90585e452","1f99f62b-19d2-4b62-a1f2-a130016ee6ed.880b16","1f99f62b-19d2-4b62-a1f2-a130016ee6ed.880b16","set-location-mode-success","execute-event","Home","DEVICE_EVENT","2023-05-22T14:25:11.807366241Z"
"02426c4e-bea7-428b-866a-42c90585e452","02426c4e-bea7-428b-866a-42c90585e452","69d7f69f-b283-4bcd-a507-172e75ed11d3.1a9610","69d7f69f-b283-4bcd-a507-172e75ed11d3.1a9610","set-location-mode-success","execute-event","Disarm","TIMER_EVENT","2023-05-22T12:00:00.140200614Z"
"02426c4e-bea7-428b-866a-42c90585e452","02426c4e-bea7-428b-866a-42c90585e452","f9404179-4dd6-45bc-b5c3-ab0ff4fd19be.4f691f","f9404179-4dd6-45bc-b5c3-ab0ff4fd19be.4f691f","set-location-mode-success","execute-event","Home","DEVICE_EVENT","2023-05-21T13:59:44.604648376Z"
"02426c4e-bea7-428b-866a-42c90585e452","02426c4e-bea7-428b-866a-42c90585e452","f9404179-4dd6-45bc-b5c3-ab0ff4fd19be.8b003d","f9404179-4dd6-45bc-b5c3-ab0ff4fd19be.8b003d","set-location-mode-success","execute-event","Home","DEVICE_EVENT","2023-05-21T13:59:44.602407039Z"
"02426c4e-bea7-428b-866a-42c90585e452","02426c4e-bea7-428b-866a-42c90585e452","57d8f528-934f-4a5f-8958-c74bc11988bb.aa72d7","57d8f528-934f-4a5f-8958-c74bc11988bb.aa72d7","set-location-mode-success","execute-event","Disarm","TIMER_EVENT","2023-05-21T12:00:00.179059914Z"
"02426c4e-bea7-428b-866a-42c90585e452","02426c4e-bea7-428b-866a-42c90585e452","c9138bf9-b090-4fe5-8a3f-8c4a976e97f0.769770","c9138bf9-b090-4fe5-8a3f-8c4a976e97f0.769770","set-location-mode-success","execute-event","Home","DEVICE_EVENT","2023-05-20T14:11:13.273695141Z"
"02426c4e-bea7-428b-866a-42c90585e452","02426c4e-bea7-428b-866a-42c90585e452","c9138bf9-b090-4fe5-8a3f-8c4a976e97f0.c9b5f4","c9138bf9-b090-4fe5-8a3f-8c4a976e97f0.c9b5f4","set-location-mode-success","execute-event","Home","DEVICE_EVENT","2023-05-20T14:11:13.272859305Z"
"02426c4e-bea7-428b-866a-42c90585e452","02426c4e-bea7-428b-866a-42c90585e452","7d34eaea-5c67-425a-bfeb-732187c587f7.6e18f4","7d34eaea-5c67-425a-bfeb-732187c587f7.6e18f4","set-location-mode-success","execute-event","Home","DEVICE_EVENT","2023-05-18T13:15:43.039825516Z"
"02426c4e-bea7-428b-866a-42c90585e452","02426c4e-bea7-428b-866a-42c90585e452","7d34eaea-5c67-425a-bfeb-732187c587f7.0af7da","7d34eaea-5c67-425a-bfeb-732187c587f7.0af7da","set-location-mode-success","execute-event","Home","DEVICE_EVENT","2023-05-18T13:15:43.038861732Z"
"02426c4e-bea7-428b-866a-42c90585e452","02426c4e-bea7-428b-866a-42c90585e452","89f0b8f7-2ad4-422c-a797-14578acc5eed.646972","89f0b8f7-2ad4-422c-a797-14578acc5eed.646972","set-location-mode-success","execute-event","Disarm","TIMER_EVENT","2023-05-18T12:00:00.53065501Z"
"02426c4e-bea7-428b-866a-42c90585e452","02426c4e-bea7-428b-866a-42c90585e452","89f0ed31-1bc4-4dc6-914f-0d4d11e49b97.04c735","89f0ed31-1bc4-4dc6-914f-0d4d11e49b97.04c735","set-location-mode-success","execute-event","Home","DEVICE_EVENT","2023-05-17T13:11:00.897120855Z"
"02426c4e-bea7-428b-866a-42c90585e452","02426c4e-bea7-428b-866a-42c90585e452","89f0ed31-1bc4-4dc6-914f-0d4d11e49b97.88df99","89f0ed31-1bc4-4dc6-914f-0d4d11e49b97.88df99","set-location-mode-success","execute-event","Home","DEVICE_EVENT","2023-05-17T13:11:00.895550441Z"
"02426c4e-bea7-428b-866a-42c90585e452","02426c4e-bea7-428b-866a-42c90585e452","d157f63c-ea12-4a58-9564-ff3fa4022bdf.ac4b78","d157f63c-ea12-4a58-9564-ff3fa4022bdf.ac4b78","set-location-mode-success","execute-event","Disarm","TIMER_EVENT","2023-05-17T12:00:00.216908381Z"
"02426c4e-bea7-428b-866a-42c90585e452","02426c4e-bea7-428b-866a-42c90585e452","256e6e4b-b65b-4d51-8113-1df00a1c3770.bc1967","256e6e4b-b65b-4d51-8113-1df00a1c3770.bc1967","set-location-mode-success","execute-event","Home","DEVICE_EVENT","2023-05-16T12:47:07.173893114Z"
"02426c4e-bea7-428b-866a-42c90585e452","02426c4e-bea7-428b-866a-42c90585e452","2b517fb3-f7d9-476e-920a-c6e1b6e2cbed.6118c9","2b517fb3-f7d9-476e-920a-c6e1b6e2cbed.6118c9","set-location-mode-success","execute-event","Disarm","TIMER_EVENT","2023-05-16T12:00:00.553018336Z"
"02426c4e-bea7-428b-866a-42c90585e452","02426c4e-bea7-428b-866a-42c90585e452","9c44e3bd-1a84-4687-aa25-52021aeb54b5.eb7246","9c44e3bd-1a84-4687-aa25-52021aeb54b5.eb7246","set-location-mode-success","execute-event","Home","DEVICE_EVENT","2023-05-15T14:07:19.346586931Z"
"02426c4e-bea7-428b-866a-42c90585e452","02426c4e-bea7-428b-866a-42c90585e452","9c44e3bd-1a84-4687-aa25-52021aeb54b5.0c88ee","9c44e3bd-1a84-4687-aa25-52021aeb54b5.0c88ee","set-location-mode-success","execute-event","Home","DEVICE_EVENT","2023-05-15T14:07:19.344834098Z"
"02426c4e-bea7-428b-866a-42c90585e452","02426c4e-bea7-428b-866a-42c90585e452","a7abb8d1-1a61-4f1e-bb16-2df6194d363e.c4c739","a7abb8d1-1a61-4f1e-bb16-2df6194d363e.c4c739","set-location-mode-success","execute-event","Disarm","TIMER_EVENT","2023-05-15T12:00:00.286733704Z"
"02426c4e-bea7-428b-866a-42c90585e452","02426c4e-bea7-428b-866a-42c90585e452","60cfe75b-1b1c-47eb-9110-409d27ea3ae7.02720f","60cfe75b-1b1c-47eb-9110-409d27ea3ae7.02720f","set-location-mode-success","execute-event","Home","DEVICE_EVENT","2023-05-14T14:00:04.631698526Z"
"02426c4e-bea7-428b-866a-42c90585e452","02426c4e-bea7-428b-866a-42c90585e452","60cfe75b-1b1c-47eb-9110-409d27ea3ae7.3e1f7e","60cfe75b-1b1c-47eb-9110-409d27ea3ae7.3e1f7e","set-location-mode-success","execute-event","Home","DEVICE_EVENT","2023-05-14T14:00:04.597590853Z"
"02426c4e-bea7-428b-866a-42c90585e452","02426c4e-bea7-428b-866a-42c90585e452","bc67d919-245e-465f-b6e8-542a96697b49.3749d2","bc67d919-245e-465f-b6e8-542a96697b49.3749d2","set-location-mode-success","execute-event","Disarm","TIMER_EVENT","2023-05-14T12:00:00.095610675Z"
"02426c4e-bea7-428b-866a-42c90585e452","02426c4e-bea7-428b-866a-42c90585e452","bfe0070d-e328-4b5c-abeb-4ba2a189c52e.4ce298","bfe0070d-e328-4b5c-abeb-4ba2a189c52e.4ce298","set-location-mode-success","execute-event","Home","DEVICE_EVENT","2023-05-13T15:02:22.423980212Z"
"02426c4e-bea7-428b-866a-42c90585e452","02426c4e-bea7-428b-866a-42c90585e452","ee994e09-3091-4bef-8520-838faec238de.cdca50","ee994e09-3091-4bef-8520-838faec238de.cdca50","set-location-mode-success","execute-event","Disarm","TIMER_EVENT","2023-05-13T12:00:00.188195538Z"
"02426c4e-bea7-428b-866a-42c90585e452","02426c4e-bea7-428b-866a-42c90585e452","5e948150-1b44-47bc-9605-fa83348b34a4.debb03","5e948150-1b44-47bc-9605-fa83348b34a4.debb03","set-location-mode-success","execute-event","Home","DEVICE_EVENT","2023-05-12T13:11:27.555795514Z"
"02426c4e-bea7-428b-866a-42c90585e452","02426c4e-bea7-428b-866a-42c90585e452","5e948150-1b44-47bc-9605-fa83348b34a4.857d6d","5e948150-1b44-47bc-9605-fa83348b34a4.857d6d","set-location-mode-success","execute-event","Home","DEVICE_EVENT","2023-05-12T13:11:27.551210003Z"
"02426c4e-bea7-428b-866a-42c90585e452","02426c4e-bea7-428b-866a-42c90585e452","dd41eb25-d230-4ea9-b27e-3d198b013a6b.c696fe","dd41eb25-d230-4ea9-b27e-3d198b013a6b.c696fe","set-location-mode-success","execute-event","Home","DEVICE_EVENT","2023-05-11T14:45:30.690372758Z"
"02426c4e-bea7-428b-866a-42c90585e452","02426c4e-bea7-428b-866a-42c90585e452","3ab19ecc-0384-4e4e-a176-48a1f8b539ab.52ff56","3ab19ecc-0384-4e4e-a176-48a1f8b539ab.52ff56","set-location-mode-success","execute-event","Disarm","TIMER_EVENT","2023-05-11T12:00:00.476479858Z"
"02426c4e-bea7-428b-866a-42c90585e452","02426c4e-bea7-428b-866a-42c90585e452","1222ab94-4f57-467f-bf1b-20399a694dbc.1374e4","1222ab94-4f57-467f-bf1b-20399a694dbc.1374e4","set-location-mode-success","execute-event","Home","DEVICE_EVENT","2023-05-10T14:21:27.909118269Z"
"02426c4e-bea7-428b-866a-42c90585e452","02426c4e-bea7-428b-866a-42c90585e452","1222ab94-4f57-467f-bf1b-20399a694dbc.50bfe5","1222ab94-4f57-467f-bf1b-20399a694dbc.50bfe5","set-location-mode-success","execute-event","Home","DEVICE_EVENT","2023-05-10T14:21:27.902769274Z"
